site_code,name,city,state,2026,2025,2024,2023,2022,2021,2020,2019,2018,2017
site_103,"CRRI Mathura Road, Delhi - IMD",Delhi,Delhi,,,,,,,,,,
site_104,"Burari Crossing, Delhi - IMD",Delhi,Delhi,,,,,,,,,,
site_105,"North Campus, DU, Delhi - IMD",Delhi,Delhi,,,,,,,,,,
site_106,"IGI Airport (T3), Delhi - IMD",Delhi,Delhi,,,,,,,,,,
site_107,"Pusa, Delhi - IMD",Delhi,Delhi,,,,,,,,,,
site_108,"Aya Nagar, Delhi - IMD",Delhi,Delhi,,,,,,,,,,
site_109,"Lodhi Road, Delhi - IMD",Delhi,Delhi,,,,,,,,,,
site_111,"Sector - 62, Noida - IMD",Noida,Uttar Pradesh,,,,,,,,,,
site_113,"Shadipur, Delhi - CPCB",Delhi,Delhi,https://airquality.cpcb.gov.in/dataRepository/download_file?file_name=Raw_data/15Min/2026/site_113_Shadipur_Delhi_CPCB_15Min.csv,https://airquality.cpcb.gov.in/dataRepository/download_file?file_name=Raw_data/15Min/2025/site_113_Shadipur_Delhi_CPCB_15Min.csv,https://airquality.cpcb.gov.in/dataRepository/download_file?file_name=Raw_data/15Min/2024/site_113_Shadipur_Delhi_CPCB_15Min.csv,https://airquality.cpcb.gov.in/dataRepository/download_file?file_name=Raw_data/15Min/2023/site_113_Shadipur_Delhi_CPCB_15Min.csv,https://airquality.cpcb.gov.in/dataRepository/download_file?file_name=Raw_data/15Min/2022/site_113_Shadipur_Delhi_CPCB_15Min.csv,https://airquality.cpcb.gov.in/dataRepository/download_file?file_name=Raw_data/15Min/2021/site_113_Shadipur_Delhi_CPCB_15Min.csv,https://airquality.cpcb.gov.in/dataRepository/download_file?file_name=Raw_data/15Min/2020/site_113_Shadipur_Delhi_CPCB_15Min.csv,https://airquality.cpcb.gov.in/dataRepository/download_file?file_name=Raw_data/15Min/2019/site_113_Shadipur_Delhi_CPCB_15Min.csv,https://airquality.cpcb.gov.in/dataRepository/download_file?file_name=Raw_data/15Min/2018/site_113_Shadipur_Delhi_CPCB_15Min.csv,https://airquality.cpcb.gov.in/dataRepository/download_file?file_name=Raw_data/15Min/2017/site_113_Shadipur_Delhi_CPCB_15Min.csv
site_114,"IHBAS, Dilshad Garden, Delhi - CPCB",Delhi,Delhi,https://airquality.cpcb.gov.in/dataRepository/download_file?file_name=Raw_data/15Min/2026/site_114_IHBAS_Dilshad_Garden_Delhi_CPCB_15Min.csv,https://airquality.cpcb.gov.in/dataRepository/download_file?file_name=Raw_data/15Min/2025/site_114_IHBAS_Dilshad_Garden_Delhi_CPCB_15Min.csv,https://airquality.cpcb.gov.in/dataRepository/download_file?file_name=Raw_data/15Min/2024/site_114_IHBAS_Dilshad_Garden_Delhi_CPCB_15Min.csv,https://airquality.cpcb.gov.in/dataRepository/download_file?file_name=Raw_data/15Min/2023/site_114_IHBAS_Dilshad_Garden_Delhi_CPCB_15Min.csv,https://airquality.cpcb.gov.in/dataRepository/download_file?file_name=Raw_data/15Min/2022/site_114_IHBAS_Dilshad_Garden_Delhi_CPCB_15Min.csv,https://airquality.cpcb.gov.in/dataRepository/download_file?file_name=Raw_data/15Min/2021/site_114_IHBAS_Dilshad_Garden_Delhi_CPCB_15Min.csv,https://airquality.cpcb.gov.in/dataRepository/download_file?file_name=Raw_data/15Min/2020/site_114_IHBAS_Dilshad_Garden_Delhi_CPCB_15Min.csv,https://airquality.cpcb.gov.in/dataRepository/download_file?file_name=Raw_data/15Min/2019/site_114_IHBAS_Dilshad_Garden_Delhi_CPCB_15Min.csv,https://airquality.cpcb.gov.in/dataRepository/download_file?file_name=Raw_data/15Min/2018/site_114_IHBAS_Dilshad_Garden_Delhi_CPCB_15Min.csv,https://airquality.cpcb.gov.in/dataRepository/download_file?file_name=Raw_data/15Min/2017/site_114_IHBAS_Dilshad_Garden_Delhi_CPCB_15Min.csv
site_115,"NSIT Dwarka, Delhi - CPCB",Delhi,Delhi,https://airquality.cpcb.gov.in/dataRepository/download_file?file_name=Raw_data/15Min/2026/site_115_NSIT_Dwarka_Delhi_CPCB_15Min.csv,https://airquality.cpcb.gov.in/dataRepository/download_file?file_name=Raw_data/15Min/2025/site_115_NSIT_Dwarka_Delhi_CPCB_15Min.csv,https://airquality.cpcb.gov.in/dataRepository/download_file?file_name=Raw_data/15Min/2024/site_115_NSIT_Dwarka_Delhi_CPCB_15Min.csv,https://airquality.cpcb.gov.in/dataRepository/download_file?file_name=Raw_data/15Min/2023/site_115_NSIT_Dwarka_Delhi_CPCB_15Min.csv,https://airquality.cpcb.gov.in/dataRepository/download_file?file_name=Raw_data/15Min/2022/site_115_NSIT_Dwarka_Delhi_CPCB_15Min.csv,https://airquality.cpcb.gov.in/dataRepository/download_file?file_name=Raw_data/15Min/2021/site_115_NSIT_Dwarka_Delhi_CPCB_15Min.csv,https://airquality.cpcb.gov.in/dataRepository/download_file?file_name=Raw_data/15Min/2020/site_115_NSIT_Dwarka_Delhi_CPCB_15Min.csv,https://airquality.cpcb.gov.in/dataRepository/download_file?file_name=Raw_data/15Min/2019/site_115_NSIT_Dwarka_Delhi_CPCB_15Min.csv,https://airquality.cpcb.gov.in/dataRepository/download_file?file_name=Raw_data/15Min/2018/site_115_NSIT_Dwarka_Delhi_CPCB_15Min.csv,https://airquality.cpcb.gov.in/dataRepository/download_file?file_name=Raw_data/15Min/2017/site_115_NSIT_Dwarka_Delhi_CPCB_15Min.csv
site_117,"ITO, Delhi - CPCB",Delhi,Delhi,https://airquality.cpcb.gov.in/dataRepository/download_file?file_name=Raw_data/15Min/2026/site_117_ITO_Delhi_CPCB_15Min.csv,https://airquality.cpcb.gov.in/dataRepository/download_file?file_name=Raw_data/15Min/2025/site_117_ITO_Delhi_CPCB_15Min.csv,https://airquality.cpcb.gov.in/dataRepository/download_file?file_name=Raw_data/15Min/2024/site_117_ITO_Delhi_CPCB_15Min.csv,https://airquality.cpcb.gov.in/dataRepository/download_file?file_name=Raw_data/15Min/2023/site_117_ITO_Delhi_CPCB_15Min.csv,https://airquality.cpcb.gov.in/dataRepository/download_file?file_name=Raw_data/15Min/2022/site_117_ITO_Delhi_CPCB_15Min.csv,https://airquality.cpcb.gov.in/dataRepository/download_file?file_name=Raw_data/15Min/2021/site_117_ITO_Delhi_CPCB_15Min.csv,https://airquality.cpcb.gov.in/dataRepository/download_file?file_name=Raw_data/15Min/2020/site_117_ITO_Delhi_CPCB_15Min.csv,https://airquality.cpcb.gov.in/dataRepository/download_file?file_name=Raw_data/15Min/2019/site_117_ITO_Delhi_CPCB_15Min.csv,https://airquality.cpcb.gov.in/dataRepository/download_file?file_name=Raw_data/15Min/2018/site_117_ITO_Delhi_CPCB_15Min.csv,https://airquality.cpcb.gov.in/dataRepository/download_file?file_name=Raw_data/15Min/2017/site_117_ITO_Delhi_CPCB_15Min.csv
site_118,"DTU, Delhi - CPCB",Delhi,Delhi,https://airquality.cpcb.gov.in/dataRepository/download_file?file_name=Raw_data/15Min/2026/site_118_DTU_Delhi_CPCB_15Min.csv,https://airquality.cpcb.gov.in/dataRepository/download_file?file_name=Raw_data/15Min/2025/site_118_DTU_Delhi_CPCB_15Min.csv,https://airquality.cpcb.gov.in/dataRepository/download_file?file_name=Raw_data/15Min/2024/site_118_DTU_Delhi_CPCB_15Min.csv,https://airquality.cpcb.gov.in/dataRepository/download_file?file_name=Raw_data/15Min/2023/site_118_DTU_Delhi_CPCB_15Min.csv,https://airquality.cpcb.gov.in/dataRepository/download_file?file_name=Raw_data/15Min/2022/site_118_DTU_Delhi_CPCB_15Min.csv,https://airquality.cpcb.gov.in/dataRepository/download_file?file_name=Raw_data/15Min/2021/site_118_DTU_Delhi_CPCB_15Min.csv,https://airquality.cpcb.gov.in/dataRepository/download_file?file_name=Raw_data/15Min/2020/site_118_DTU_Delhi_CPCB_15Min.csv,https://airquality.cpcb.gov.in/dataRepository/download_file?file_name=Raw_data/15Min/2019/site_118_DTU_Delhi_CPCB_15Min.csv,https://airquality.cpcb.gov.in/dataRepository/download_file?file_name=Raw_data/15Min/2018/site_118_DTU_Delhi_CPCB_15Min.csv,https://airquality.cpcb.gov.in/dataRepository/download_file?file_name=Raw_data/15Min/2017/site_118_DTU_Delhi_CPCB_15Min.csv
site_119,"Sirifort, Delhi - CPCB",Delhi,Delhi,https://airquality.cpcb.gov.in/dataRepository/download_file?file_name=Raw_data/15Min/2026/site_119_Sirifort_Delhi_CPCB_15Min.csv,https://airquality.cpcb.gov.in/dataRepository/download_file?file_name=Raw_data/15Min/2025/site_119_Sirifort_Delhi_CPCB_15Min.csv,https://airquality.cpcb.gov.in/dataRepository/download_file?file_name=Raw_data/15Min/2024/site_119_Sirifort_Delhi_CPCB_15Min.csv,https://airquality.cpcb.gov.in/dataRepository/download_file?file_name=Raw_data/15Min/2023/site_119_Sirifort_Delhi_CPCB_15Min.csv,https://airquality.cpcb.gov.in/dataRepository/download_file?file_name=Raw_data/15Min/2022/site_119_Sirifort_Delhi_CPCB_15Min.csv,https://airquality.cpcb.gov.in/dataRepository/download_file?file_name=Raw_data/15Min/2021/site_119_Sirifort_Delhi_CPCB_15Min.csv,https://airquality.cpcb.gov.in/dataRepository/download_file?file_name=Raw_data/15Min/2020/site_119_Sirifort_Delhi_CPCB_15Min.csv,https://airquality.cpcb.gov.in/dataRepository/download_file?file_name=Raw_data/15Min/2019/site_119_Sirifort_Delhi_CPCB_15Min.csv,https://airquality.cpcb.gov.in/dataRepository/download_file?file_name=Raw_data/15Min/2018/site_119_Sirifort_Delhi_CPCB_15Min.csv,https://airquality.cpcb.gov.in/dataRepository/download_file?file_name=Raw_data/15Min/2017/site_119_Sirifort_Delhi_CPCB_15Min.csv
site_122,"Mandir Marg, Delhi - DPCC",Delhi,Delhi,https://airquality.cpcb.gov.in/dataRepository/download_file?file_name=Raw_data/15Min/2026/site_122_Mandir_Marg_Delhi_DPCC_15Min.csv,https://airquality.cpcb.gov.in/dataRepository/download_file?file_name=Raw_data/15Min/2025/site_122_Mandir_Marg_Delhi_DPCC_15Min.csv,https://airquality.cpcb.gov.in/dataRepository/download_file?file_name=Raw_data/15Min/2024/site_122_Mandir_Marg_Delhi_DPCC_15Min.csv,https://airquality.cpcb.gov.in/dataRepository/download_file?file_name=Raw_data/15Min/2023/site_122_Mandir_Marg_Delhi_DPCC_15Min.csv,https://airquality.cpcb.gov.in/dataRepository/download_file?file_name=Raw_data/15Min/2022/site_122_Mandir_Marg_Delhi_DPCC_15Min.csv,https://airquality.cpcb.gov.in/dataRepository/download_file?file_name=Raw_data/15Min/2021/site_122_Mandir_Marg_Delhi_DPCC_15Min.csv,https://airquality.cpcb.gov.in/dataRepository/download_file?file_name=Raw_data/15Min/2020/site_122_Mandir_Marg_Delhi_DPCC_15Min.csv,https://airquality.cpcb.gov.in/dataRepository/download_file?file_name=Raw_data/15Min/2019/site_122_Mandir_Marg_Delhi_DPCC_15Min.csv,https://airquality.cpcb.gov.in/dataRepository/download_file?file_name=Raw_data/15Min/2018/site_122_Mandir_Marg_Delhi_DPCC_15Min.csv,https://airquality.cpcb.gov.in/dataRepository/download_file?file_name=Raw_data/15Min/2017/site_122_Mandir_Marg_Delhi_DPCC_15Min.csv
site_124,"R K Puram, Delhi - DPCC",Delhi,Delhi,https://airquality.cpcb.gov.in/dataRepository/download_file?file_name=Raw_data/15Min/2026/site_124_R_K_Puram_Delhi_DPCC_15Min.csv,https://airquality.cpcb.gov.in/dataRepository/download_file?file_name=Raw_data/15Min/2025/site_124_R_K_Puram_Delhi_DPCC_15Min.csv,https://airquality.cpcb.gov.in/dataRepository/download_file?file_name=Raw_data/15Min/2024/site_124_R_K_Puram_Delhi_DPCC_15Min.csv,https://airquality.cpcb.gov.in/dataRepository/download_file?file_name=Raw_data/15Min/2023/site_124_R_K_Puram_Delhi_DPCC_15Min.csv,https://airquality.cpcb.gov.in/dataRepository/download_file?file_name=Raw_data/15Min/2022/site_124_R_K_Puram_Delhi_DPCC_15Min.csv,https://airquality.cpcb.gov.in/dataRepository/download_file?file_name=Raw_data/15Min/2021/site_124_R_K_Puram_Delhi_DPCC_15Min.csv,https://airquality.cpcb.gov.in/dataRepository/download_file?file_name=Raw_data/15Min/2020/site_124_R_K_Puram_Delhi_DPCC_15Min.csv,https://airquality.cpcb.gov.in/dataRepository/download_file?file_name=Raw_data/15Min/2019/site_124_R_K_Puram_Delhi_DPCC_15Min.csv,https://airquality.cpcb.gov.in/dataRepository/download_file?file_name=Raw_data/15Min/2018/site_124_R_K_Puram_Delhi_DPCC_15Min.csv,https://airquality.cpcb.gov.in/dataRepository/download_file?file_name=Raw_data/15Min/2017/site_124_R_K_Puram_Delhi_DPCC_15Min.csv
site_125,"Punjabi Bagh, Delhi - DPCC",Delhi,Delhi,https://airquality.cpcb.gov.in/dataRepository/download_file?file_name=Raw_data/15Min/2026/site_125_Punjabi_Bagh_Delhi_DPCC_15Min.csv,https://airquality.cpcb.gov.in/dataRepository/download_file?file_name=Raw_data/15Min/2025/site_125_Punjabi_Bagh_Delhi_DPCC_15Min.csv,https://airquality.cpcb.gov.in/dataRepository/download_file?file_name=Raw_data/15Min/2024/site_125_Punjabi_Bagh_Delhi_DPCC_15Min.csv,https://airquality.cpcb.gov.in/dataRepository/download_file?file_name=Raw_data/15Min/2023/site_125_Punjabi_Bagh_Delhi_DPCC_15Min.csv,https://airquality.cpcb.gov.in/dataRepository/download_file?file_name=Raw_data/15Min/2022/site_125_Punjabi_Bagh_Delhi_DPCC_15Min.csv,https://airquality.cpcb.gov.in/dataRepository/download_file?file_name=Raw_data/15Min/2021/site_125_Punjabi_Bagh_Delhi_DPCC_15Min.csv,https://airquality.cpcb.gov.in/dataRepository/download_file?file_name=Raw_data/15Min/2020/site_125_Punjabi_Bagh_Delhi_DPCC_15Min.csv,https://airquality.cpcb.gov.in/dataRepository/download_file?file_name=Raw_data/15Min/2019/site_125_Punjabi_Bagh_Delhi_DPCC_15Min.csv,https://airquality.cpcb.gov.in/dataRepository/download_file?file_name=Raw_data/15Min/2018/site_125_Punjabi_Bagh_Delhi_DPCC_15Min.csv,https://airquality.cpcb.gov.in/dataRepository/download_file?file_name=Raw_data/15Min/2017/site_125_Punjabi_Bagh_Delhi_DPCC_15Min.csv
site_134,"Police Commissionerate, Jaipur - RSPCB",Jaipur,Rajasthan,https://airquality.cpcb.gov.in/dataRepository/download_file?file_name=Raw_data/15Min/2026/site_134_Police_Commissionerate_Jaipur_RSPCB_15Min.csv,https://airquality.cpcb.gov.in/dataRepository/download_file?file_name=Raw_data/15Min/2025/site_134_Police_Commissionerate_Jaipur_RSPCB_15Min.csv,https://airquality.cpcb.gov.in/dataRepository/download_file?file_name=Raw_data/15Min/2024/site_134_Police_Commissionerate_Jaipur_RSPCB_15Min.csv,https://airquality.cpcb.gov.in/dataRepository/download_file?file_name=Raw_data/15Min/2023/site_134_Police_Commissionerate_Jaipur_RSPCB_15Min.csv,https://airquality.cpcb.gov.in/dataRepository/download_file?file_name=Raw_data/15Min/2022/site_134_Police_Commissionerate_Jaipur_RSPCB_15Min.csv,https://airquality.cpcb.gov.in/dataRepository/download_file?file_name=Raw_data/15Min/2021/site_134_Police_Commissionerate_Jaipur_RSPCB_15Min.csv,https://airquality.cpcb.gov.in/dataRepository/download_file?file_name=Raw_data/15Min/2020/site_134_Police_Commissionerate_Jaipur_RSPCB_15Min.csv,https://airquality.cpcb.gov.in/dataRepository/download_file?file_name=Raw_data/15Min/2019/site_134_Police_Commissionerate_Jaipur_RSPCB_15Min.csv,https://airquality.cpcb.gov.in/dataRepository/download_file?file_name=Raw_data/15Min/2018/site_134_Police_Commissionerate_Jaipur_RSPCB_15Min.csv,https://airquality.cpcb.gov.in/dataRepository/download_file?file_name=Raw_data/15Min/2017/site_134_Police_Commissionerate_Jaipur_RSPCB_15Min.csv
site_136,"Collectorate, Jodhpur - RSPCB",Jodhpur,Rajasthan,https://airquality.cpcb.gov.in/dataRepository/download_file?file_name=Raw_data/15Min/2026/site_136_Collectorate_Jodhpur_RSPCB_15Min.csv,https://airquality.cpcb.gov.in/dataRepository/download_file?file_name=Raw_data/15Min/2025/site_136_Collectorate_Jodhpur_RSPCB_15Min.csv,https://airquality.cpcb.gov.in/dataRepository/download_file?file_name=Raw_data/15Min/2024/site_136_Collectorate_Jodhpur_RSPCB_15Min.csv,https://airquality.cpcb.gov.in/dataRepository/download_file?file_name=Raw_data/15Min/2023/site_136_Collectorate_Jodhpur_RSPCB_15Min.csv,https://airquality.cpcb.gov.in/dataRepository/download_file?file_name=Raw_data/15Min/2022/site_136_Collectorate_Jodhpur_RSPCB_15Min.csv,https://airquality.cpcb.gov.in/dataRepository/download_file?file_name=Raw_data/15Min/2021/site_136_Collectorate_Jodhpur_RSPCB_15Min.csv,https://airquality.cpcb.gov.in/dataRepository/download_file?file_name=Raw_data/15Min/2020/site_136_Collectorate_Jodhpur_RSPCB_15Min.csv,https://airquality.cpcb.gov.in/dataRepository/download_file?file_name=Raw_data/15Min/2019/site_136_Collectorate_Jodhpur_RSPCB_15Min.csv,https://airquality.cpcb.gov.in/dataRepository/download_file?file_name=Raw_data/15Min/2018/site_136_Collectorate_Jodhpur_RSPCB_15Min.csv,https://airquality.cpcb.gov.in/dataRepository/download_file?file_name=Raw_data/15Min/2017/site_136_Collectorate_Jodhpur_RSPCB_15Min.csv
site_1390,"Moti Doongri, Alwar - RSPCB",Alwar,Rajasthan,https://airquality.cpcb.gov.in/dataRepository/download_file?file_name=Raw_data/15Min/2026/site_1390_Moti_Doongri_Alwar_RSPCB_15Min.csv,https://airquality.cpcb.gov.in/dataRepository/download_file?file_name=Raw_data/15Min/2025/site_1390_Moti_Doongri_Alwar_RSPCB_15Min.csv,https://airquality.cpcb.gov.in/dataRepository/download_file?file_name=Raw_data/15Min/2024/site_1390_Moti_Doongri_Alwar_RSPCB_15Min.csv,https://airquality.cpcb.gov.in/dataRepository/download_file?file_name=Raw_data/15Min/2023/site_1390_Moti_Doongri_Alwar_RSPCB_15Min.csv,https://airquality.cpcb.gov.in/dataRepository/download_file?file_name=Raw_data/15Min/2022/site_1390_Moti_Doongri_Alwar_RSPCB_15Min.csv,https://airquality.cpcb.gov.in/dataRepository/download_file?file_name=Raw_data/15Min/2021/site_1390_Moti_Doongri_Alwar_RSPCB_15Min.csv,https://airquality.cpcb.gov.in/dataRepository/download_file?file_name=Raw_data/15Min/2020/site_1390_Moti_Doongri_Alwar_RSPCB_15Min.csv,https://airquality.cpcb.gov.in/dataRepository/download_file?file_name=Raw_data/15Min/2019/site_1390_Moti_Doongri_Alwar_RSPCB_15Min.csv,https://airquality.cpcb.gov.in/dataRepository/download_file?file_name=Raw_data/15Min/2018/site_1390_Moti_Doongri_Alwar_RSPCB_15Min.csv,https://airquality.cpcb.gov.in/dataRepository/download_file?file_name=Raw_data/15Min/2017/site_1390_Moti_Doongri_Alwar_RSPCB_15Min.csv
site_1391,"RIICO Ind. Area III, Bhiwadi - RSPCB",Bhiwadi,Rajasthan,https://airquality.cpcb.gov.in/dataRepository/download_file?file_name=Raw_data/15Min/2026/site_1391_RIICO_Ind._Area_III_Bhiwadi_RSPCB_15Min.csv,https://airquality.cpcb.gov.in/dataRepository/download_file?file_name=Raw_data/15Min/2025/site_1391_RIICO_Ind._Area_III_Bhiwadi_RSPCB_15Min.csv,https://airquality.cpcb.gov.in/dataRepository/download_file?file_name=Raw_data/15Min/2024/site_1391_RIICO_Ind._Area_III_Bhiwadi_RSPCB_15Min.csv,https://airquality.cpcb.gov.in/dataRepository/download_file?file_name=Raw_data/15Min/2023/site_1391_RIICO_Ind._Area_III_Bhiwadi_RSPCB_15Min.csv,https://airquality.cpcb.gov.in/dataRepository/download_file?file_name=Raw_data/15Min/2022/site_1391_RIICO_Ind._Area_III_Bhiwadi_RSPCB_15Min.csv,https://airquality.cpcb.gov.in/dataRepository/download_file?file_name=Raw_data/15Min/2021/site_1391_RIICO_Ind._Area_III_Bhiwadi_RSPCB_15Min.csv,https://airquality.cpcb.gov.in/dataRepository/download_file?file_name=Raw_data/15Min/2020/site_1391_RIICO_Ind._Area_III_Bhiwadi_RSPCB_15Min.csv,https://airquality.cpcb.gov.in/dataRepository/download_file?file_name=Raw_data/15Min/2019/site_1391_RIICO_Ind._Area_III_Bhiwadi_RSPCB_15Min.csv,https://airquality.cpcb.gov.in/dataRepository/download_file?file_name=Raw_data/15Min/2018/site_1391_RIICO_Ind._Area_III_Bhiwadi_RSPCB_15Min.csv,https://airquality.cpcb.gov.in/dataRepository/download_file?file_name=Raw_data/15Min/2017/site_1391_RIICO_Ind._Area_III_Bhiwadi_RSPCB_15Min.csv
site_1392,"Civil Lines,  Ajmer - RSPCB",Ajmer,Rajasthan,,https://airquality.cpcb.gov.in/dataRepository/download_file?file_name=Raw_data/15Min/2025/site_1392_Civil_Lines__Ajmer_RSPCB_15Min.csv,https://airquality.cpcb.gov.in/dataRepository/download_file?file_name=Raw_data/15Min/2024/site_1392_Civil_Lines__Ajmer_RSPCB_15Min.csv,https://airquality.cpcb.gov.in/dataRepository/download_file?file_name=Raw_data/15Min/2023/site_1392_Civil_Lines__Ajmer_RSPCB_15Min.csv,https://airquality.cpcb.gov.in/dataRepository/download_file?file_name=Raw_data/15Min/2022/site_1392_Civil_Lines__Ajmer_RSPCB_15Min.csv,https://airquality.cpcb.gov.in/dataRepository/download_file?file_name=Raw_data/15Min/2021/site_1392_Civil_Lines__Ajmer_RSPCB_15Min.csv,https://airquality.cpcb.gov.in/dataRepository/download_file?file_name=Raw_data/15Min/2020/site_1392_Civil_Lines__Ajmer_RSPCB_15Min.csv,https://airquality.cpcb.gov.in/dataRepository/download_file?file_name=Raw_data/15Min/2019/site_1392_Civil_Lines__Ajmer_RSPCB_15Min.csv,https://airquality.cpcb.gov.in/dataRepository/download_file?file_name=Raw_data/15Min/2018/site_1392_Civil_Lines__Ajmer_RSPCB_15Min.csv,https://airquality.cpcb.gov.in/dataRepository/download_file?file_name=Raw_data/15Min/2017/site_1392_Civil_Lines__Ajmer_RSPCB_15Min.csv
site_1393,"Adarsh Nagar, Jaipur - RSPCB",Jaipur,Rajasthan,https://airquality.cpcb.gov.in/dataRepository/download_file?file_name=Raw_data/15Min/2026/site_1393_Adarsh_Nagar_Jaipur_RSPCB_15Min.csv,https://airquality.cpcb.gov.in/dataRepository/download_file?file_name=Raw_data/15Min/2025/site_1393_Adarsh_Nagar_Jaipur_RSPCB_15Min.csv,https://airquality.cpcb.gov.in/dataRepository/download_file?file_name=Raw_data/15Min/2024/site_1393_Adarsh_Nagar_Jaipur_RSPCB_15Min.csv,https://airquality.cpcb.gov.in/dataRepository/download_file?file_name=Raw_data/15Min/2023/site_1393_Adarsh_Nagar_Jaipur_RSPCB_15Min.csv,https://airquality.cpcb.gov.in/dataRepository/download_file?file_name=Raw_data/15Min/2022/site_1393_Adarsh_Nagar_Jaipur_RSPCB_15Min.csv,https://airquality.cpcb.gov.in/dataRepository/download_file?file_name=Raw_data/15Min/2021/site_1393_Adarsh_Nagar_Jaipur_RSPCB_15Min.csv,https://airquality.cpcb.gov.in/dataRepository/download_file?file_name=Raw_data/15Min/2020/site_1393_Adarsh_Nagar_Jaipur_RSPCB_15Min.csv,https://airquality.cpcb.gov.in/dataRepository/download_file?file_name=Raw_data/15Min/2019/site_1393_Adarsh_Nagar_Jaipur_RSPCB_15Min.csv,https://airquality.cpcb.gov.in/dataRepository/download_file?file_name=Raw_data/15Min/2018/site_1393_Adarsh_Nagar_Jaipur_RSPCB_15Min.csv,https://airquality.cpcb.gov.in/dataRepository/download_file?file_name=Raw_data/15Min/2017/site_1393_Adarsh_Nagar_Jaipur_RSPCB_15Min.csv
site_1394,"Shrinath Puram, Kota - RSPCB",Kota,Rajasthan,https://airquality.cpcb.gov.in/dataRepository/download_file?file_name=Raw_data/15Min/2026/site_1394_Shrinath_Puram_Kota_RSPCB_15Min.csv,https://airquality.cpcb.gov.in/dataRepository/download_file?file_name=Raw_data/15Min/2025/site_1394_Shrinath_Puram_Kota_RSPCB_15Min.csv,https://airquality.cpcb.gov.in/dataRepository/download_file?file_name=Raw_data/15Min/2024/site_1394_Shrinath_Puram_Kota_RSPCB_15Min.csv,https://airquality.cpcb.gov.in/dataRepository/download_file?file_name=Raw_data/15Min/2023/site_1394_Shrinath_Puram_Kota_RSPCB_15Min.csv,https://airquality.cpcb.gov.in/dataRepository/download_file?file_name=Raw_data/15Min/2022/site_1394_Shrinath_Puram_Kota_RSPCB_15Min.csv,https://airquality.cpcb.gov.in/dataRepository/download_file?file_name=Raw_data/15Min/2021/site_1394_Shrinath_Puram_Kota_RSPCB_15Min.csv,https://airquality.cpcb.gov.in/dataRepository/download_file?file_name=Raw_data/15Min/2020/site_1394_Shrinath_Puram_Kota_RSPCB_15Min.csv,https://airquality.cpcb.gov.in/dataRepository/download_file?file_name=Raw_data/15Min/2019/site_1394_Shrinath_Puram_Kota_RSPCB_15Min.csv,https://airquality.cpcb.gov.in/dataRepository/download_file?file_name=Raw_data/15Min/2018/site_1394_Shrinath_Puram_Kota_RSPCB_15Min.csv,https://airquality.cpcb.gov.in/dataRepository/download_file?file_name=Raw_data/15Min/2017/site_1394_Shrinath_Puram_Kota_RSPCB_15Min.csv
site_1395,"Indira Colony Vistar, Pali - RSPCB",Pali,Rajasthan,https://airquality.cpcb.gov.in/dataRepository/download_file?file_name=Raw_data/15Min/2026/site_1395_Indira_Colony_Vistar_Pali_RSPCB_15Min.csv,https://airquality.cpcb.gov.in/dataRepository/download_file?file_name=Raw_data/15Min/2025/site_1395_Indira_Colony_Vistar_Pali_RSPCB_15Min.csv,https://airquality.cpcb.gov.in/dataRepository/download_file?file_name=Raw_data/15Min/2024/site_1395_Indira_Colony_Vistar_Pali_RSPCB_15Min.csv,https://airquality.cpcb.gov.in/dataRepository/download_file?file_name=Raw_data/15Min/2023/site_1395_Indira_Colony_Vistar_Pali_RSPCB_15Min.csv,https://airquality.cpcb.gov.in/dataRepository/download_file?file_name=Raw_data/15Min/2022/site_1395_Indira_Colony_Vistar_Pali_RSPCB_15Min.csv,https://airquality.cpcb.gov.in/dataRepository/download_file?file_name=Raw_data/15Min/2021/site_1395_Indira_Colony_Vistar_Pali_RSPCB_15Min.csv,https://airquality.cpcb.gov.in/dataRepository/download_file?file_name=Raw_data/15Min/2020/site_1395_Indira_Colony_Vistar_Pali_RSPCB_15Min.csv,https://airquality.cpcb.gov.in/dataRepository/download_file?file_name=Raw_data/15Min/2019/site_1395_Indira_Colony_Vistar_Pali_RSPCB_15Min.csv,https://airquality.cpcb.gov.in/dataRepository/download_file?file_name=Raw_data/15Min/2018/site_1395_Indira_Colony_Vistar_Pali_RSPCB_15Min.csv,https://airquality.cpcb.gov.in/dataRepository/download_file?file_name=Raw_data/15Min/2017/site_1395_Indira_Colony_Vistar_Pali_RSPCB_15Min.csv
site_1396,"Shastri Nagar, Jaipur - RSPCB",Jaipur,Rajasthan,,https://airquality.cpcb.gov.in/dataRepository/download_file?file_name=Raw_data/15Min/2025/site_1396_Shastri_Nagar_Jaipur_RSPCB_15Min.csv,https://airquality.cpcb.gov.in/dataRepository/download_file?file_name=Raw_data/15Min/2024/site_1396_Shastri_Nagar_Jaipur_RSPCB_15Min.csv,https://airquality.cpcb.gov.in/dataRepository/download_file?file_name=Raw_data/15Min/2023/site_1396_Shastri_Nagar_Jaipur_RSPCB_15Min.csv,https://airquality.cpcb.gov.in/dataRepository/download_file?file_name=Raw_data/15Min/2022/site_1396_Shastri_Nagar_Jaipur_RSPCB_15Min.csv,https://airquality.cpcb.gov.in/dataRepository/download_file?file_name=Raw_data/15Min/2021/site_1396_Shastri_Nagar_Jaipur_RSPCB_15Min.csv,https://airquality.cpcb.gov.in/dataRepository/download_file?file_name=Raw_data/15Min/2020/site_1396_Shastri_Nagar_Jaipur_RSPCB_15Min.csv,https://airquality.cpcb.gov.in/dataRepository/download_file?file_name=Raw_data/15Min/2019/site_1396_Shastri_Nagar_Jaipur_RSPCB_15Min.csv,https://airquality.cpcb.gov.in/dataRepository/download_file?file_name=Raw_data/15Min/2018/site_1396_Shastri_Nagar_Jaipur_RSPCB_15Min.csv,https://airquality.cpcb.gov.in/dataRepository/download_file?file_name=Raw_data/15Min/2017/site_1396_Shastri_Nagar_Jaipur_RSPCB_15Min.csv
site_1397,"Ashok Nagar, Udaipur - RSPCB",Udaipur,Rajasthan,https://airquality.cpcb.gov.in/dataRepository/download_file?file_name=Raw_data/15Min/2026/site_1397_Ashok_Nagar_Udaipur_RSPCB_15Min.csv,https://airquality.cpcb.gov.in/dataRepository/download_file?file_name=Raw_data/15Min/2025/site_1397_Ashok_Nagar_Udaipur_RSPCB_15Min.csv,https://airquality.cpcb.gov.in/dataRepository/download_file?file_name=Raw_data/15Min/2024/site_1397_Ashok_Nagar_Udaipur_RSPCB_15Min.csv,https://airquality.cpcb.gov.in/dataRepository/download_file?file_name=Raw_data/15Min/2023/site_1397_Ashok_Nagar_Udaipur_RSPCB_15Min.csv,https://airquality.cpcb.gov.in/dataRepository/download_file?file_name=Raw_data/15Min/2022/site_1397_Ashok_Nagar_Udaipur_RSPCB_15Min.csv,https://airquality.cpcb.gov.in/dataRepository/download_file?file_name=Raw_data/15Min/2021/site_1397_Ashok_Nagar_Udaipur_RSPCB_15Min.csv,https://airquality.cpcb.gov.in/dataRepository/download_file?file_name=Raw_data/15Min/2020/site_1397_Ashok_Nagar_Udaipur_RSPCB_15Min.csv,https://airquality.cpcb.gov.in/dataRepository/download_file?file_name=Raw_data/15Min/2019/site_1397_Ashok_Nagar_Udaipur_RSPCB_15Min.csv,https://airquality.cpcb.gov.in/dataRepository/download_file?file_name=Raw_data/15Min/2018/site_1397_Ashok_Nagar_Udaipur_RSPCB_15Min.csv,https://airquality.cpcb.gov.in/dataRepository/download_file?file_name=Raw_data/15Min/2017/site_1397_Ashok_Nagar_Udaipur_RSPCB_15Min.csv
site_1398,"Lajpat Nagar, Moradabad - UPPCB",Moradabad,Uttar Pradesh,,https://airquality.cpcb.gov.in/dataRepository/download_file?file_name=Raw_data/15Min/2025/site_1398_Lajpat_Nagar_Moradabad_UPPCB_15Min.csv,https://airquality.cpcb.gov.in/dataRepository/download_file?file_name=Raw_data/15Min/2024/site_1398_Lajpat_Nagar_Moradabad_UPPCB_15Min.csv,https://airquality.cpcb.gov.in/dataRepository/download_file?file_name=Raw_data/15Min/2023/site_1398_Lajpat_Nagar_Moradabad_UPPCB_15Min.csv,https://airquality.cpcb.gov.in/dataRepository/download_file?file_name=Raw_data/15Min/2022/site_1398_Lajpat_Nagar_Moradabad_UPPCB_15Min.csv,https://airquality.cpcb.gov.in/dataRepository/download_file?file_name=Raw_data/15Min/2021/site_1398_Lajpat_Nagar_Moradabad_UPPCB_15Min.csv,https://airquality.cpcb.gov.in/dataRepository/download_file?file_name=Raw_data/15Min/2020/site_1398_Lajpat_Nagar_Moradabad_UPPCB_15Min.csv,https://airquality.cpcb.gov.in/dataRepository/download_file?file_name=Raw_data/15Min/2019/site_1398_Lajpat_Nagar_Moradabad_UPPCB_15Min.csv,https://airquality.cpcb.gov.in/dataRepository/download_file?file_name=Raw_data/15Min/2018/site_1398_Lajpat_Nagar_Moradabad_UPPCB_15Min.csv,https://airquality.cpcb.gov.in/dataRepository/download_file?file_name=Raw_data/15Min/2017/site_1398_Lajpat_Nagar_Moradabad_UPPCB_15Min.csv
site_1399,"Anand Kala Kshetram, Rajamahendravaram - APPCB",Rajamahendravaram,Andhra Pradesh,https://airquality.cpcb.gov.in/dataRepository/download_file?file_name=Raw_data/15Min/2026/site_1399_Anand_Kala_Kshetram_Rajamahendravaram_APPCB_15Min.csv,https://airquality.cpcb.gov.in/dataRepository/download_file?file_name=Raw_data/15Min/2025/site_1399_Anand_Kala_Kshetram_Rajamahendravaram_APPCB_15Min.csv,https://airquality.cpcb.gov.in/dataRepository/download_file?file_name=Raw_data/15Min/2024/site_1399_Anand_Kala_Kshetram_Rajamahendravaram_APPCB_15Min.csv,https://airquality.cpcb.gov.in/dataRepository/download_file?file_name=Raw_data/15Min/2023/site_1399_Anand_Kala_Kshetram_Rajamahendravaram_APPCB_15Min.csv,https://airquality.cpcb.gov.in/dataRepository/download_file?file_name=Raw_data/15Min/2022/site_1399_Anand_Kala_Kshetram_Rajamahendravaram_APPCB_15Min.csv,https://airquality.cpcb.gov.in/dataRepository/download_file?file_name=Raw_data/15Min/2021/site_1399_Anand_Kala_Kshetram_Rajamahendravaram_APPCB_15Min.csv,https://airquality.cpcb.gov.in/dataRepository/download_file?file_name=Raw_data/15Min/2020/site_1399_Anand_Kala_Kshetram_Rajamahendravaram_APPCB_15Min.csv,https://airquality.cpcb.gov.in/dataRepository/download_file?file_name=Raw_data/15Min/2019/site_1399_Anand_Kala_Kshetram_Rajamahendravaram_APPCB_15Min.csv,https://airquality.cpcb.gov.in/dataRepository/download_file?file_name=Raw_data/15Min/2018/site_1399_Anand_Kala_Kshetram_Rajamahendravaram_APPCB_15Min.csv,https://airquality.cpcb.gov.in/dataRepository/download_file?file_name=Raw_data/15Min/2017/site_1399_Anand_Kala_Kshetram_Rajamahendravaram_APPCB_15Min.csv
site_1400,"Mahakaleshwar Temple, Ujjain - MPPCB",Ujjain,Madhya Pradesh,https://airquality.cpcb.gov.in/dataRepository/download_file?file_name=Raw_data/15Min/2026/site_1400_Mahakaleshwar_Temple_Ujjain_MPPCB_15Min.csv,https://airquality.cpcb.gov.in/dataRepository/download_file?file_name=Raw_data/15Min/2025/site_1400_Mahakaleshwar_Temple_Ujjain_MPPCB_15Min.csv,https://airquality.cpcb.gov.in/dataRepository/download_file?file_name=Raw_data/15Min/2024/site_1400_Mahakaleshwar_Temple_Ujjain_MPPCB_15Min.csv,https://airquality.cpcb.gov.in/dataRepository/download_file?file_name=Raw_data/15Min/2023/site_1400_Mahakaleshwar_Temple_Ujjain_MPPCB_15Min.csv,https://airquality.cpcb.gov.in/dataRepository/download_file?file_name=Raw_data/15Min/2022/site_1400_Mahakaleshwar_Temple_Ujjain_MPPCB_15Min.csv,https://airquality.cpcb.gov.in/dataRepository/download_file?file_name=Raw_data/15Min/2021/site_1400_Mahakaleshwar_Temple_Ujjain_MPPCB_15Min.csv,https://airquality.cpcb.gov.in/dataRepository/download_file?file_name=Raw_data/15Min/2020/site_1400_Mahakaleshwar_Temple_Ujjain_MPPCB_15Min.csv,https://airquality.cpcb.gov.in/dataRepository/download_file?file_name=Raw_data/15Min/2019/site_1400_Mahakaleshwar_Temple_Ujjain_MPPCB_15Min.csv,https://airquality.cpcb.gov.in/dataRepository/download_file?file_name=Raw_data/15Min/2018/site_1400_Mahakaleshwar_Temple_Ujjain_MPPCB_15Min.csv,https://airquality.cpcb.gov.in/dataRepository/download_file?file_name=Raw_data/15Min/2017/site_1400_Mahakaleshwar_Temple_Ujjain_MPPCB_15Min.csv
site_1401,"Suryakiran Bhawan NCL, Singrauli - MPPCB",Singrauli,Madhya Pradesh,https://airquality.cpcb.gov.in/dataRepository/download_file?file_name=Raw_data/15Min/2026/site_1401_Suryakiran_Bhawan_NCL_Singrauli_MPPCB_15Min.csv,https://airquality.cpcb.gov.in/dataRepository/download_file?file_name=Raw_data/15Min/2025/site_1401_Suryakiran_Bhawan_NCL_Singrauli_MPPCB_15Min.csv,https://airquality.cpcb.gov.in/dataRepository/download_file?file_name=Raw_data/15Min/2024/site_1401_Suryakiran_Bhawan_NCL_Singrauli_MPPCB_15Min.csv,https://airquality.cpcb.gov.in/dataRepository/download_file?file_name=Raw_data/15Min/2023/site_1401_Suryakiran_Bhawan_NCL_Singrauli_MPPCB_15Min.csv,https://airquality.cpcb.gov.in/dataRepository/download_file?file_name=Raw_data/15Min/2022/site_1401_Suryakiran_Bhawan_NCL_Singrauli_MPPCB_15Min.csv,https://airquality.cpcb.gov.in/dataRepository/download_file?file_name=Raw_data/15Min/2021/site_1401_Suryakiran_Bhawan_NCL_Singrauli_MPPCB_15Min.csv,https://airquality.cpcb.gov.in/dataRepository/download_file?file_name=Raw_data/15Min/2020/site_1401_Suryakiran_Bhawan_NCL_Singrauli_MPPCB_15Min.csv,https://airquality.cpcb.gov.in/dataRepository/download_file?file_name=Raw_data/15Min/2019/site_1401_Suryakiran_Bhawan_NCL_Singrauli_MPPCB_15Min.csv,https://airquality.cpcb.gov.in/dataRepository/download_file?file_name=Raw_data/15Min/2018/site_1401_Suryakiran_Bhawan_NCL_Singrauli_MPPCB_15Min.csv,https://airquality.cpcb.gov.in/dataRepository/download_file?file_name=Raw_data/15Min/2017/site_1401_Suryakiran_Bhawan_NCL_Singrauli_MPPCB_15Min.csv
site_1402,"Sector-2 Industrial Area, Pithampur - MPPCB",Pithampur,Madhya Pradesh,,https://airquality.cpcb.gov.in/dataRepository/download_file?file_name=Raw_data/15Min/2025/site_1402_Sector-2_Industrial_Area_Pithampur_MPPCB_15Min.csv,https://airquality.cpcb.gov.in/dataRepository/download_file?file_name=Raw_data/15Min/2024/site_1402_Sector-2_Industrial_Area_Pithampur_MPPCB_15Min.csv,https://airquality.cpcb.gov.in/dataRepository/download_file?file_name=Raw_data/15Min/2023/site_1402_Sector-2_Industrial_Area_Pithampur_MPPCB_15Min.csv,https://airquality.cpcb.gov.in/dataRepository/download_file?file_name=Raw_data/15Min/2022/site_1402_Sector-2_Industrial_Area_Pithampur_MPPCB_15Min.csv,https://airquality.cpcb.gov.in/dataRepository/download_file?file_name=Raw_data/15Min/2021/site_1402_Sector-2_Industrial_Area_Pithampur_MPPCB_15Min.csv,https://airquality.cpcb.gov.in/dataRepository/download_file?file_name=Raw_data/15Min/2020/site_1402_Sector-2_Industrial_Area_Pithampur_MPPCB_15Min.csv,https://airquality.cpcb.gov.in/dataRepository/download_file?file_name=Raw_data/15Min/2019/site_1402_Sector-2_Industrial_Area_Pithampur_MPPCB_15Min.csv,https://airquality.cpcb.gov.in/dataRepository/download_file?file_name=Raw_data/15Min/2018/site_1402_Sector-2_Industrial_Area_Pithampur_MPPCB_15Min.csv,https://airquality.cpcb.gov.in/dataRepository/download_file?file_name=Raw_data/15Min/2017/site_1402_Sector-2_Industrial_Area_Pithampur_MPPCB_15Min.csv
site_1403,"Sector-D Industrial Area, Mandideep - MPPCB",Mandideep,Madhya Pradesh,,https://airquality.cpcb.gov.in/dataRepository/download_file?file_name=Raw_data/15Min/2025/site_1403_Sector-D_Industrial_Area_Mandideep_MPPCB_15Min.csv,https://airquality.cpcb.gov.in/dataRepository/download_file?file_name=Raw_data/15Min/2024/site_1403_Sector-D_Industrial_Area_Mandideep_MPPCB_15Min.csv,https://airquality.cpcb.gov.in/dataRepository/download_file?file_name=Raw_data/15Min/2023/site_1403_Sector-D_Industrial_Area_Mandideep_MPPCB_15Min.csv,https://airquality.cpcb.gov.in/dataRepository/download_file?file_name=Raw_data/15Min/2022/site_1403_Sector-D_Industrial_Area_Mandideep_MPPCB_15Min.csv,https://airquality.cpcb.gov.in/dataRepository/download_file?file_name=Raw_data/15Min/2021/site_1403_Sector-D_Industrial_Area_Mandideep_MPPCB_15Min.csv,https://airquality.cpcb.gov.in/dataRepository/download_file?file_name=Raw_data/15Min/2020/site_1403_Sector-D_Industrial_Area_Mandideep_MPPCB_15Min.csv,https://airquality.cpcb.gov.in/dataRepository/download_file?file_name=Raw_data/15Min/2019/site_1403_Sector-D_Industrial_Area_Mandideep_MPPCB_15Min.csv,https://airquality.cpcb.gov.in/dataRepository/download_file?file_name=Raw_data/15Min/2018/site_1403_Sector-D_Industrial_Area_Mandideep_MPPCB_15Min.csv,https://airquality.cpcb.gov.in/dataRepository/download_file?file_name=Raw_data/15Min/2017/site_1403_Sector-D_Industrial_Area_Mandideep_MPPCB_15Min.csv
site_1404,"Bhopal Chauraha, Dewas - MPPCB",Dewas,Madhya Pradesh,https://airquality.cpcb.gov.in/dataRepository/download_file?file_name=Raw_data/15Min/2026/site_1404_Bhopal_Chauraha_Dewas_MPPCB_15Min.csv,https://airquality.cpcb.gov.in/dataRepository/download_file?file_name=Raw_data/15Min/2025/site_1404_Bhopal_Chauraha_Dewas_MPPCB_15Min.csv,https://airquality.cpcb.gov.in/dataRepository/download_file?file_name=Raw_data/15Min/2024/site_1404_Bhopal_Chauraha_Dewas_MPPCB_15Min.csv,https://airquality.cpcb.gov.in/dataRepository/download_file?file_name=Raw_data/15Min/2023/site_1404_Bhopal_Chauraha_Dewas_MPPCB_15Min.csv,https://airquality.cpcb.gov.in/dataRepository/download_file?file_name=Raw_data/15Min/2022/site_1404_Bhopal_Chauraha_Dewas_MPPCB_15Min.csv,https://airquality.cpcb.gov.in/dataRepository/download_file?file_name=Raw_data/15Min/2021/site_1404_Bhopal_Chauraha_Dewas_MPPCB_15Min.csv,https://airquality.cpcb.gov.in/dataRepository/download_file?file_name=Raw_data/15Min/2020/site_1404_Bhopal_Chauraha_Dewas_MPPCB_15Min.csv,https://airquality.cpcb.gov.in/dataRepository/download_file?file_name=Raw_data/15Min/2019/site_1404_Bhopal_Chauraha_Dewas_MPPCB_15Min.csv,https://airquality.cpcb.gov.in/dataRepository/download_file?file_name=Raw_data/15Min/2018/site_1404_Bhopal_Chauraha_Dewas_MPPCB_15Min.csv,https://airquality.cpcb.gov.in/dataRepository/download_file?file_name=Raw_data/15Min/2017/site_1404_Bhopal_Chauraha_Dewas_MPPCB_15Min.csv
site_1405,"Nishant Ganj, Lucknow - UPPCB",Lucknow,Uttar Pradesh,,https://airquality.cpcb.gov.in/dataRepository/download_file?file_name=Raw_data/15Min/2025/site_1405_Nishant_Ganj_Lucknow_UPPCB_15Min.csv,https://airquality.cpcb.gov.in/dataRepository/download_file?file_name=Raw_data/15Min/2024/site_1405_Nishant_Ganj_Lucknow_UPPCB_15Min.csv,https://airquality.cpcb.gov.in/dataRepository/download_file?file_name=Raw_data/15Min/2023/site_1405_Nishant_Ganj_Lucknow_UPPCB_15Min.csv,https://airquality.cpcb.gov.in/dataRepository/download_file?file_name=Raw_data/15Min/2022/site_1405_Nishant_Ganj_Lucknow_UPPCB_15Min.csv,https://airquality.cpcb.gov.in/dataRepository/download_file?file_name=Raw_data/15Min/2021/site_1405_Nishant_Ganj_Lucknow_UPPCB_15Min.csv,https://airquality.cpcb.gov.in/dataRepository/download_file?file_name=Raw_data/15Min/2020/site_1405_Nishant_Ganj_Lucknow_UPPCB_15Min.csv,https://airquality.cpcb.gov.in/dataRepository/download_file?file_name=Raw_data/15Min/2019/site_1405_Nishant_Ganj_Lucknow_UPPCB_15Min.csv,https://airquality.cpcb.gov.in/dataRepository/download_file?file_name=Raw_data/15Min/2018/site_1405_Nishant_Ganj_Lucknow_UPPCB_15Min.csv,https://airquality.cpcb.gov.in/dataRepository/download_file?file_name=Raw_data/15Min/2017/site_1405_Nishant_Ganj_Lucknow_UPPCB_15Min.csv
site_1406,"Secretariat, Amaravati - APPCB",Amaravati,Andhra Pradesh,https://airquality.cpcb.gov.in/dataRepository/download_file?file_name=Raw_data/15Min/2026/site_1406_Secretariat_Amaravati_APPCB_15Min.csv,https://airquality.cpcb.gov.in/dataRepository/download_file?file_name=Raw_data/15Min/2025/site_1406_Secretariat_Amaravati_APPCB_15Min.csv,https://airquality.cpcb.gov.in/dataRepository/download_file?file_name=Raw_data/15Min/2024/site_1406_Secretariat_Amaravati_APPCB_15Min.csv,https://airquality.cpcb.gov.in/dataRepository/download_file?file_name=Raw_data/15Min/2023/site_1406_Secretariat_Amaravati_APPCB_15Min.csv,https://airquality.cpcb.gov.in/dataRepository/download_file?file_name=Raw_data/15Min/2022/site_1406_Secretariat_Amaravati_APPCB_15Min.csv,https://airquality.cpcb.gov.in/dataRepository/download_file?file_name=Raw_data/15Min/2021/site_1406_Secretariat_Amaravati_APPCB_15Min.csv,https://airquality.cpcb.gov.in/dataRepository/download_file?file_name=Raw_data/15Min/2020/site_1406_Secretariat_Amaravati_APPCB_15Min.csv,https://airquality.cpcb.gov.in/dataRepository/download_file?file_name=Raw_data/15Min/2019/site_1406_Secretariat_Amaravati_APPCB_15Min.csv,https://airquality.cpcb.gov.in/dataRepository/download_file?file_name=Raw_data/15Min/2018/site_1406_Secretariat_Amaravati_APPCB_15Min.csv,https://airquality.cpcb.gov.in/dataRepository/download_file?file_name=Raw_data/15Min/2017/site_1406_Secretariat_Amaravati_APPCB_15Min.csv
site_1408,"Talcher Coalfields,Talcher - OSPCB",Talcher,Odisha,,,,,,,,,,
site_1410,"GM Office, Brajrajnagar - OSPCB",Brajrajnagar,Odisha,https://airquality.cpcb.gov.in/dataRepository/download_file?file_name=Raw_data/15Min/2026/site_1410_GM_Office_Brajrajnagar_OSPCB_15Min.csv,https://airquality.cpcb.gov.in/dataRepository/download_file?file_name=Raw_data/15Min/2025/site_1410_GM_Office_Brajrajnagar_OSPCB_15Min.csv,https://airquality.cpcb.gov.in/dataRepository/download_file?file_name=Raw_data/15Min/2024/site_1410_GM_Office_Brajrajnagar_OSPCB_15Min.csv,https://airquality.cpcb.gov.in/dataRepository/download_file?file_name=Raw_data/15Min/2023/site_1410_GM_Office_Brajrajnagar_OSPCB_15Min.csv,https://airquality.cpcb.gov.in/dataRepository/download_file?file_name=Raw_data/15Min/2022/site_1410_GM_Office_Brajrajnagar_OSPCB_15Min.csv,https://airquality.cpcb.gov.in/dataRepository/download_file?file_name=Raw_data/15Min/2021/site_1410_GM_Office_Brajrajnagar_OSPCB_15Min.csv,https://airquality.cpcb.gov.in/dataRepository/download_file?file_name=Raw_data/15Min/2020/site_1410_GM_Office_Brajrajnagar_OSPCB_15Min.csv,https://airquality.cpcb.gov.in/dataRepository/download_file?file_name=Raw_data/15Min/2019/site_1410_GM_Office_Brajrajnagar_OSPCB_15Min.csv,https://airquality.cpcb.gov.in/dataRepository/download_file?file_name=Raw_data/15Min/2018/site_1410_GM_Office_Brajrajnagar_OSPCB_15Min.csv,https://airquality.cpcb.gov.in/dataRepository/download_file?file_name=Raw_data/15Min/2017/site_1410_GM_Office_Brajrajnagar_OSPCB_15Min.csv
site_1416,"Padmapukur, Howrah - WBPCB",Howrah,West Bengal,https://airquality.cpcb.gov.in/dataRepository/download_file?file_name=Raw_data/15Min/2026/site_1416_Padmapukur_Howrah_WBPCB_15Min.csv,https://airquality.cpcb.gov.in/dataRepository/download_file?file_name=Raw_data/15Min/2025/site_1416_Padmapukur_Howrah_WBPCB_15Min.csv,https://airquality.cpcb.gov.in/dataRepository/download_file?file_name=Raw_data/15Min/2024/site_1416_Padmapukur_Howrah_WBPCB_15Min.csv,https://airquality.cpcb.gov.in/dataRepository/download_file?file_name=Raw_data/15Min/2023/site_1416_Padmapukur_Howrah_WBPCB_15Min.csv,https://airquality.cpcb.gov.in/dataRepository/download_file?file_name=Raw_data/15Min/2022/site_1416_Padmapukur_Howrah_WBPCB_15Min.csv,https://airquality.cpcb.gov.in/dataRepository/download_file?file_name=Raw_data/15Min/2021/site_1416_Padmapukur_Howrah_WBPCB_15Min.csv,https://airquality.cpcb.gov.in/dataRepository/download_file?file_name=Raw_data/15Min/2020/site_1416_Padmapukur_Howrah_WBPCB_15Min.csv,https://airquality.cpcb.gov.in/dataRepository/download_file?file_name=Raw_data/15Min/2019/site_1416_Padmapukur_Howrah_WBPCB_15Min.csv,https://airquality.cpcb.gov.in/dataRepository/download_file?file_name=Raw_data/15Min/2018/site_1416_Padmapukur_Howrah_WBPCB_15Min.csv,https://airquality.cpcb.gov.in/dataRepository/download_file?file_name=Raw_data/15Min/2017/site_1416_Padmapukur_Howrah_WBPCB_15Min.csv
site_1418,"Asansol Court Area, Asansol - WBPCB",Asansol,West Bengal,https://airquality.cpcb.gov.in/dataRepository/download_file?file_name=Raw_data/15Min/2026/site_1418_Asansol_Court_Area_Asansol_WBPCB_15Min.csv,https://airquality.cpcb.gov.in/dataRepository/download_file?file_name=Raw_data/15Min/2025/site_1418_Asansol_Court_Area_Asansol_WBPCB_15Min.csv,https://airquality.cpcb.gov.in/dataRepository/download_file?file_name=Raw_data/15Min/2024/site_1418_Asansol_Court_Area_Asansol_WBPCB_15Min.csv,https://airquality.cpcb.gov.in/dataRepository/download_file?file_name=Raw_data/15Min/2023/site_1418_Asansol_Court_Area_Asansol_WBPCB_15Min.csv,https://airquality.cpcb.gov.in/dataRepository/download_file?file_name=Raw_data/15Min/2022/site_1418_Asansol_Court_Area_Asansol_WBPCB_15Min.csv,https://airquality.cpcb.gov.in/dataRepository/download_file?file_name=Raw_data/15Min/2021/site_1418_Asansol_Court_Area_Asansol_WBPCB_15Min.csv,https://airquality.cpcb.gov.in/dataRepository/download_file?file_name=Raw_data/15Min/2020/site_1418_Asansol_Court_Area_Asansol_WBPCB_15Min.csv,https://airquality.cpcb.gov.in/dataRepository/download_file?file_name=Raw_data/15Min/2019/site_1418_Asansol_Court_Area_Asansol_WBPCB_15Min.csv,https://airquality.cpcb.gov.in/dataRepository/download_file?file_name=Raw_data/15Min/2018/site_1418_Asansol_Court_Area_Asansol_WBPCB_15Min.csv,https://airquality.cpcb.gov.in/dataRepository/download_file?file_name=Raw_data/15Min/2017/site_1418_Asansol_Court_Area_Asansol_WBPCB_15Min.csv
site_1419,"Ward-32 Bapupara, Siliguri - WBPCB",Siliguri,West Bengal,,https://airquality.cpcb.gov.in/dataRepository/download_file?file_name=Raw_data/15Min/2025/site_1419_Ward-32_Bapupara_Siliguri_WBPCB_15Min.csv,https://airquality.cpcb.gov.in/dataRepository/download_file?file_name=Raw_data/15Min/2024/site_1419_Ward-32_Bapupara_Siliguri_WBPCB_15Min.csv,https://airquality.cpcb.gov.in/dataRepository/download_file?file_name=Raw_data/15Min/2023/site_1419_Ward-32_Bapupara_Siliguri_WBPCB_15Min.csv,https://airquality.cpcb.gov.in/dataRepository/download_file?file_name=Raw_data/15Min/2022/site_1419_Ward-32_Bapupara_Siliguri_WBPCB_15Min.csv,https://airquality.cpcb.gov.in/dataRepository/download_file?file_name=Raw_data/15Min/2021/site_1419_Ward-32_Bapupara_Siliguri_WBPCB_15Min.csv,https://airquality.cpcb.gov.in/dataRepository/download_file?file_name=Raw_data/15Min/2020/site_1419_Ward-32_Bapupara_Siliguri_WBPCB_15Min.csv,https://airquality.cpcb.gov.in/dataRepository/download_file?file_name=Raw_data/15Min/2019/site_1419_Ward-32_Bapupara_Siliguri_WBPCB_15Min.csv,https://airquality.cpcb.gov.in/dataRepository/download_file?file_name=Raw_data/15Min/2018/site_1419_Ward-32_Bapupara_Siliguri_WBPCB_15Min.csv,https://airquality.cpcb.gov.in/dataRepository/download_file?file_name=Raw_data/15Min/2017/site_1419_Ward-32_Bapupara_Siliguri_WBPCB_15Min.csv
site_1420,"Ashok Vihar, Delhi - DPCC",Delhi,Delhi,https://airquality.cpcb.gov.in/dataRepository/download_file?file_name=Raw_data/15Min/2026/site_1420_Ashok_Vihar_Delhi_DPCC_15Min.csv,https://airquality.cpcb.gov.in/dataRepository/download_file?file_name=Raw_data/15Min/2025/site_1420_Ashok_Vihar_Delhi_DPCC_15Min.csv,https://airquality.cpcb.gov.in/dataRepository/download_file?file_name=Raw_data/15Min/2024/site_1420_Ashok_Vihar_Delhi_DPCC_15Min.csv,https://airquality.cpcb.gov.in/dataRepository/download_file?file_name=Raw_data/15Min/2023/site_1420_Ashok_Vihar_Delhi_DPCC_15Min.csv,https://airquality.cpcb.gov.in/dataRepository/download_file?file_name=Raw_data/15Min/2022/site_1420_Ashok_Vihar_Delhi_DPCC_15Min.csv,https://airquality.cpcb.gov.in/dataRepository/download_file?file_name=Raw_data/15Min/2021/site_1420_Ashok_Vihar_Delhi_DPCC_15Min.csv,https://airquality.cpcb.gov.in/dataRepository/download_file?file_name=Raw_data/15Min/2020/site_1420_Ashok_Vihar_Delhi_DPCC_15Min.csv,https://airquality.cpcb.gov.in/dataRepository/download_file?file_name=Raw_data/15Min/2019/site_1420_Ashok_Vihar_Delhi_DPCC_15Min.csv,https://airquality.cpcb.gov.in/dataRepository/download_file?file_name=Raw_data/15Min/2018/site_1420_Ashok_Vihar_Delhi_DPCC_15Min.csv,https://airquality.cpcb.gov.in/dataRepository/download_file?file_name=Raw_data/15Min/2017/site_1420_Ashok_Vihar_Delhi_DPCC_15Min.csv
site_1421,"Dr. Karni Singh Shooting Range, Delhi - DPCC",Delhi,Delhi,https://airquality.cpcb.gov.in/dataRepository/download_file?file_name=Raw_data/15Min/2026/site_1421_Dr._Karni_Singh_Shooting_Range_Delhi_DPCC_15Min.csv,https://airquality.cpcb.gov.in/dataRepository/download_file?file_name=Raw_data/15Min/2025/site_1421_Dr._Karni_Singh_Shooting_Range_Delhi_DPCC_15Min.csv,https://airquality.cpcb.gov.in/dataRepository/download_file?file_name=Raw_data/15Min/2024/site_1421_Dr._Karni_Singh_Shooting_Range_Delhi_DPCC_15Min.csv,https://airquality.cpcb.gov.in/dataRepository/download_file?file_name=Raw_data/15Min/2023/site_1421_Dr._Karni_Singh_Shooting_Range_Delhi_DPCC_15Min.csv,https://airquality.cpcb.gov.in/dataRepository/download_file?file_name=Raw_data/15Min/2022/site_1421_Dr._Karni_Singh_Shooting_Range_Delhi_DPCC_15Min.csv,https://airquality.cpcb.gov.in/dataRepository/download_file?file_name=Raw_data/15Min/2021/site_1421_Dr._Karni_Singh_Shooting_Range_Delhi_DPCC_15Min.csv,https://airquality.cpcb.gov.in/dataRepository/download_file?file_name=Raw_data/15Min/2020/site_1421_Dr._Karni_Singh_Shooting_Range_Delhi_DPCC_15Min.csv,https://airquality.cpcb.gov.in/dataRepository/download_file?file_name=Raw_data/15Min/2019/site_1421_Dr._Karni_Singh_Shooting_Range_Delhi_DPCC_15Min.csv,https://airquality.cpcb.gov.in/dataRepository/download_file?file_name=Raw_data/15Min/2018/site_1421_Dr._Karni_Singh_Shooting_Range_Delhi_DPCC_15Min.csv,https://airquality.cpcb.gov.in/dataRepository/download_file?file_name=Raw_data/15Min/2017/site_1421_Dr._Karni_Singh_Shooting_Range_Delhi_DPCC_15Min.csv
site_1422,"Dwarka-Sector 8, Delhi - DPCC ",Delhi,Delhi,,https://airquality.cpcb.gov.in/dataRepository/download_file?file_name=Raw_data/15Min/2025/site_1422_Dwarka-Sector_8_Delhi_DPCC__15Min.csv,https://airquality.cpcb.gov.in/dataRepository/download_file?file_name=Raw_data/15Min/2024/site_1422_Dwarka-Sector_8_Delhi_DPCC__15Min.csv,https://airquality.cpcb.gov.in/dataRepository/download_file?file_name=Raw_data/15Min/2023/site_1422_Dwarka-Sector_8_Delhi_DPCC__15Min.csv,https://airquality.cpcb.gov.in/dataRepository/download_file?file_name=Raw_data/15Min/2022/site_1422_Dwarka-Sector_8_Delhi_DPCC__15Min.csv,https://airquality.cpcb.gov.in/dataRepository/download_file?file_name=Raw_data/15Min/2021/site_1422_Dwarka-Sector_8_Delhi_DPCC__15Min.csv,https://airquality.cpcb.gov.in/dataRepository/download_file?file_name=Raw_data/15Min/2020/site_1422_Dwarka-Sector_8_Delhi_DPCC__15Min.csv,https://airquality.cpcb.gov.in/dataRepository/download_file?file_name=Raw_data/15Min/2019/site_1422_Dwarka-Sector_8_Delhi_DPCC__15Min.csv,https://airquality.cpcb.gov.in/dataRepository/download_file?file_name=Raw_data/15Min/2018/site_1422_Dwarka-Sector_8_Delhi_DPCC__15Min.csv,https://airquality.cpcb.gov.in/dataRepository/download_file?file_name=Raw_data/15Min/2017/site_1422_Dwarka-Sector_8_Delhi_DPCC__15Min.csv
site_1423,"Jahangirpuri, Delhi - DPCC",Delhi,Delhi,https://airquality.cpcb.gov.in/dataRepository/download_file?file_name=Raw_data/15Min/2026/site_1423_Jahangirpuri_Delhi_DPCC_15Min.csv,https://airquality.cpcb.gov.in/dataRepository/download_file?file_name=Raw_data/15Min/2025/site_1423_Jahangirpuri_Delhi_DPCC_15Min.csv,https://airquality.cpcb.gov.in/dataRepository/download_file?file_name=Raw_data/15Min/2024/site_1423_Jahangirpuri_Delhi_DPCC_15Min.csv,https://airquality.cpcb.gov.in/dataRepository/download_file?file_name=Raw_data/15Min/2023/site_1423_Jahangirpuri_Delhi_DPCC_15Min.csv,https://airquality.cpcb.gov.in/dataRepository/download_file?file_name=Raw_data/15Min/2022/site_1423_Jahangirpuri_Delhi_DPCC_15Min.csv,https://airquality.cpcb.gov.in/dataRepository/download_file?file_name=Raw_data/15Min/2021/site_1423_Jahangirpuri_Delhi_DPCC_15Min.csv,https://airquality.cpcb.gov.in/dataRepository/download_file?file_name=Raw_data/15Min/2020/site_1423_Jahangirpuri_Delhi_DPCC_15Min.csv,https://airquality.cpcb.gov.in/dataRepository/download_file?file_name=Raw_data/15Min/2019/site_1423_Jahangirpuri_Delhi_DPCC_15Min.csv,https://airquality.cpcb.gov.in/dataRepository/download_file?file_name=Raw_data/15Min/2018/site_1423_Jahangirpuri_Delhi_DPCC_15Min.csv,https://airquality.cpcb.gov.in/dataRepository/download_file?file_name=Raw_data/15Min/2017/site_1423_Jahangirpuri_Delhi_DPCC_15Min.csv
site_1424,"Jawaharlal Nehru Stadium, Delhi - DPCC",Delhi,Delhi,https://airquality.cpcb.gov.in/dataRepository/download_file?file_name=Raw_data/15Min/2026/site_1424_Jawaharlal_Nehru_Stadium_Delhi_DPCC_15Min.csv,https://airquality.cpcb.gov.in/dataRepository/download_file?file_name=Raw_data/15Min/2025/site_1424_Jawaharlal_Nehru_Stadium_Delhi_DPCC_15Min.csv,https://airquality.cpcb.gov.in/dataRepository/download_file?file_name=Raw_data/15Min/2024/site_1424_Jawaharlal_Nehru_Stadium_Delhi_DPCC_15Min.csv,https://airquality.cpcb.gov.in/dataRepository/download_file?file_name=Raw_data/15Min/2023/site_1424_Jawaharlal_Nehru_Stadium_Delhi_DPCC_15Min.csv,https://airquality.cpcb.gov.in/dataRepository/download_file?file_name=Raw_data/15Min/2022/site_1424_Jawaharlal_Nehru_Stadium_Delhi_DPCC_15Min.csv,https://airquality.cpcb.gov.in/dataRepository/download_file?file_name=Raw_data/15Min/2021/site_1424_Jawaharlal_Nehru_Stadium_Delhi_DPCC_15Min.csv,https://airquality.cpcb.gov.in/dataRepository/download_file?file_name=Raw_data/15Min/2020/site_1424_Jawaharlal_Nehru_Stadium_Delhi_DPCC_15Min.csv,https://airquality.cpcb.gov.in/dataRepository/download_file?file_name=Raw_data/15Min/2019/site_1424_Jawaharlal_Nehru_Stadium_Delhi_DPCC_15Min.csv,https://airquality.cpcb.gov.in/dataRepository/download_file?file_name=Raw_data/15Min/2018/site_1424_Jawaharlal_Nehru_Stadium_Delhi_DPCC_15Min.csv,https://airquality.cpcb.gov.in/dataRepository/download_file?file_name=Raw_data/15Min/2017/site_1424_Jawaharlal_Nehru_Stadium_Delhi_DPCC_15Min.csv
site_1425,"Major Dhyan Chand National Stadium, Delhi - DPCC",Delhi,Delhi,https://airquality.cpcb.gov.in/dataRepository/download_file?file_name=Raw_data/15Min/2026/site_1425_Major_Dhyan_Chand_National_Stadium_Delhi_DPCC_15Min.csv,https://airquality.cpcb.gov.in/dataRepository/download_file?file_name=Raw_data/15Min/2025/site_1425_Major_Dhyan_Chand_National_Stadium_Delhi_DPCC_15Min.csv,https://airquality.cpcb.gov.in/dataRepository/download_file?file_name=Raw_data/15Min/2024/site_1425_Major_Dhyan_Chand_National_Stadium_Delhi_DPCC_15Min.csv,https://airquality.cpcb.gov.in/dataRepository/download_file?file_name=Raw_data/15Min/2023/site_1425_Major_Dhyan_Chand_National_Stadium_Delhi_DPCC_15Min.csv,https://airquality.cpcb.gov.in/dataRepository/download_file?file_name=Raw_data/15Min/2022/site_1425_Major_Dhyan_Chand_National_Stadium_Delhi_DPCC_15Min.csv,https://airquality.cpcb.gov.in/dataRepository/download_file?file_name=Raw_data/15Min/2021/site_1425_Major_Dhyan_Chand_National_Stadium_Delhi_DPCC_15Min.csv,https://airquality.cpcb.gov.in/dataRepository/download_file?file_name=Raw_data/15Min/2020/site_1425_Major_Dhyan_Chand_National_Stadium_Delhi_DPCC_15Min.csv,https://airquality.cpcb.gov.in/dataRepository/download_file?file_name=Raw_data/15Min/2019/site_1425_Major_Dhyan_Chand_National_Stadium_Delhi_DPCC_15Min.csv,https://airquality.cpcb.gov.in/dataRepository/download_file?file_name=Raw_data/15Min/2018/site_1425_Major_Dhyan_Chand_National_Stadium_Delhi_DPCC_15Min.csv,https://airquality.cpcb.gov.in/dataRepository/download_file?file_name=Raw_data/15Min/2017/site_1425_Major_Dhyan_Chand_National_Stadium_Delhi_DPCC_15Min.csv
site_1426,"Narela, Delhi - DPCC",Delhi,Delhi,https://airquality.cpcb.gov.in/dataRepository/download_file?file_name=Raw_data/15Min/2026/site_1426_Narela_Delhi_DPCC_15Min.csv,https://airquality.cpcb.gov.in/dataRepository/download_file?file_name=Raw_data/15Min/2025/site_1426_Narela_Delhi_DPCC_15Min.csv,https://airquality.cpcb.gov.in/dataRepository/download_file?file_name=Raw_data/15Min/2024/site_1426_Narela_Delhi_DPCC_15Min.csv,https://airquality.cpcb.gov.in/dataRepository/download_file?file_name=Raw_data/15Min/2023/site_1426_Narela_Delhi_DPCC_15Min.csv,https://airquality.cpcb.gov.in/dataRepository/download_file?file_name=Raw_data/15Min/2022/site_1426_Narela_Delhi_DPCC_15Min.csv,https://airquality.cpcb.gov.in/dataRepository/download_file?file_name=Raw_data/15Min/2021/site_1426_Narela_Delhi_DPCC_15Min.csv,https://airquality.cpcb.gov.in/dataRepository/download_file?file_name=Raw_data/15Min/2020/site_1426_Narela_Delhi_DPCC_15Min.csv,https://airquality.cpcb.gov.in/dataRepository/download_file?file_name=Raw_data/15Min/2019/site_1426_Narela_Delhi_DPCC_15Min.csv,https://airquality.cpcb.gov.in/dataRepository/download_file?file_name=Raw_data/15Min/2018/site_1426_Narela_Delhi_DPCC_15Min.csv,https://airquality.cpcb.gov.in/dataRepository/download_file?file_name=Raw_data/15Min/2017/site_1426_Narela_Delhi_DPCC_15Min.csv
site_1427,"Najafgarh, Delhi - DPCC",Delhi,Delhi,https://airquality.cpcb.gov.in/dataRepository/download_file?file_name=Raw_data/15Min/2026/site_1427_Najafgarh_Delhi_DPCC_15Min.csv,https://airquality.cpcb.gov.in/dataRepository/download_file?file_name=Raw_data/15Min/2025/site_1427_Najafgarh_Delhi_DPCC_15Min.csv,https://airquality.cpcb.gov.in/dataRepository/download_file?file_name=Raw_data/15Min/2024/site_1427_Najafgarh_Delhi_DPCC_15Min.csv,https://airquality.cpcb.gov.in/dataRepository/download_file?file_name=Raw_data/15Min/2023/site_1427_Najafgarh_Delhi_DPCC_15Min.csv,https://airquality.cpcb.gov.in/dataRepository/download_file?file_name=Raw_data/15Min/2022/site_1427_Najafgarh_Delhi_DPCC_15Min.csv,https://airquality.cpcb.gov.in/dataRepository/download_file?file_name=Raw_data/15Min/2021/site_1427_Najafgarh_Delhi_DPCC_15Min.csv,https://airquality.cpcb.gov.in/dataRepository/download_file?file_name=Raw_data/15Min/2020/site_1427_Najafgarh_Delhi_DPCC_15Min.csv,https://airquality.cpcb.gov.in/dataRepository/download_file?file_name=Raw_data/15Min/2019/site_1427_Najafgarh_Delhi_DPCC_15Min.csv,https://airquality.cpcb.gov.in/dataRepository/download_file?file_name=Raw_data/15Min/2018/site_1427_Najafgarh_Delhi_DPCC_15Min.csv,https://airquality.cpcb.gov.in/dataRepository/download_file?file_name=Raw_data/15Min/2017/site_1427_Najafgarh_Delhi_DPCC_15Min.csv
site_1428,"Okhla Phase-2, Delhi - DPCC",Delhi,Delhi,,https://airquality.cpcb.gov.in/dataRepository/download_file?file_name=Raw_data/15Min/2025/site_1428_Okhla_Phase-2_Delhi_DPCC_15Min.csv,https://airquality.cpcb.gov.in/dataRepository/download_file?file_name=Raw_data/15Min/2024/site_1428_Okhla_Phase-2_Delhi_DPCC_15Min.csv,https://airquality.cpcb.gov.in/dataRepository/download_file?file_name=Raw_data/15Min/2023/site_1428_Okhla_Phase-2_Delhi_DPCC_15Min.csv,https://airquality.cpcb.gov.in/dataRepository/download_file?file_name=Raw_data/15Min/2022/site_1428_Okhla_Phase-2_Delhi_DPCC_15Min.csv,https://airquality.cpcb.gov.in/dataRepository/download_file?file_name=Raw_data/15Min/2021/site_1428_Okhla_Phase-2_Delhi_DPCC_15Min.csv,https://airquality.cpcb.gov.in/dataRepository/download_file?file_name=Raw_data/15Min/2020/site_1428_Okhla_Phase-2_Delhi_DPCC_15Min.csv,https://airquality.cpcb.gov.in/dataRepository/download_file?file_name=Raw_data/15Min/2019/site_1428_Okhla_Phase-2_Delhi_DPCC_15Min.csv,https://airquality.cpcb.gov.in/dataRepository/download_file?file_name=Raw_data/15Min/2018/site_1428_Okhla_Phase-2_Delhi_DPCC_15Min.csv,https://airquality.cpcb.gov.in/dataRepository/download_file?file_name=Raw_data/15Min/2017/site_1428_Okhla_Phase-2_Delhi_DPCC_15Min.csv
site_1429,"Nehru Nagar, Delhi - DPCC",Delhi,Delhi,https://airquality.cpcb.gov.in/dataRepository/download_file?file_name=Raw_data/15Min/2026/site_1429_Nehru_Nagar_Delhi_DPCC_15Min.csv,https://airquality.cpcb.gov.in/dataRepository/download_file?file_name=Raw_data/15Min/2025/site_1429_Nehru_Nagar_Delhi_DPCC_15Min.csv,https://airquality.cpcb.gov.in/dataRepository/download_file?file_name=Raw_data/15Min/2024/site_1429_Nehru_Nagar_Delhi_DPCC_15Min.csv,https://airquality.cpcb.gov.in/dataRepository/download_file?file_name=Raw_data/15Min/2023/site_1429_Nehru_Nagar_Delhi_DPCC_15Min.csv,https://airquality.cpcb.gov.in/dataRepository/download_file?file_name=Raw_data/15Min/2022/site_1429_Nehru_Nagar_Delhi_DPCC_15Min.csv,https://airquality.cpcb.gov.in/dataRepository/download_file?file_name=Raw_data/15Min/2021/site_1429_Nehru_Nagar_Delhi_DPCC_15Min.csv,https://airquality.cpcb.gov.in/dataRepository/download_file?file_name=Raw_data/15Min/2020/site_1429_Nehru_Nagar_Delhi_DPCC_15Min.csv,https://airquality.cpcb.gov.in/dataRepository/download_file?file_name=Raw_data/15Min/2019/site_1429_Nehru_Nagar_Delhi_DPCC_15Min.csv,https://airquality.cpcb.gov.in/dataRepository/download_file?file_name=Raw_data/15Min/2018/site_1429_Nehru_Nagar_Delhi_DPCC_15Min.csv,https://airquality.cpcb.gov.in/dataRepository/download_file?file_name=Raw_data/15Min/2017/site_1429_Nehru_Nagar_Delhi_DPCC_15Min.csv
site_1430,"Rohini, Delhi - DPCC",Delhi,Delhi,https://airquality.cpcb.gov.in/dataRepository/download_file?file_name=Raw_data/15Min/2026/site_1430_Rohini_Delhi_DPCC_15Min.csv,https://airquality.cpcb.gov.in/dataRepository/download_file?file_name=Raw_data/15Min/2025/site_1430_Rohini_Delhi_DPCC_15Min.csv,https://airquality.cpcb.gov.in/dataRepository/download_file?file_name=Raw_data/15Min/2024/site_1430_Rohini_Delhi_DPCC_15Min.csv,https://airquality.cpcb.gov.in/dataRepository/download_file?file_name=Raw_data/15Min/2023/site_1430_Rohini_Delhi_DPCC_15Min.csv,https://airquality.cpcb.gov.in/dataRepository/download_file?file_name=Raw_data/15Min/2022/site_1430_Rohini_Delhi_DPCC_15Min.csv,https://airquality.cpcb.gov.in/dataRepository/download_file?file_name=Raw_data/15Min/2021/site_1430_Rohini_Delhi_DPCC_15Min.csv,https://airquality.cpcb.gov.in/dataRepository/download_file?file_name=Raw_data/15Min/2020/site_1430_Rohini_Delhi_DPCC_15Min.csv,https://airquality.cpcb.gov.in/dataRepository/download_file?file_name=Raw_data/15Min/2019/site_1430_Rohini_Delhi_DPCC_15Min.csv,https://airquality.cpcb.gov.in/dataRepository/download_file?file_name=Raw_data/15Min/2018/site_1430_Rohini_Delhi_DPCC_15Min.csv,https://airquality.cpcb.gov.in/dataRepository/download_file?file_name=Raw_data/15Min/2017/site_1430_Rohini_Delhi_DPCC_15Min.csv
site_1431,"Patparganj, Delhi - DPCC",Delhi,Delhi,https://airquality.cpcb.gov.in/dataRepository/download_file?file_name=Raw_data/15Min/2026/site_1431_Patparganj_Delhi_DPCC_15Min.csv,https://airquality.cpcb.gov.in/dataRepository/download_file?file_name=Raw_data/15Min/2025/site_1431_Patparganj_Delhi_DPCC_15Min.csv,https://airquality.cpcb.gov.in/dataRepository/download_file?file_name=Raw_data/15Min/2024/site_1431_Patparganj_Delhi_DPCC_15Min.csv,https://airquality.cpcb.gov.in/dataRepository/download_file?file_name=Raw_data/15Min/2023/site_1431_Patparganj_Delhi_DPCC_15Min.csv,https://airquality.cpcb.gov.in/dataRepository/download_file?file_name=Raw_data/15Min/2022/site_1431_Patparganj_Delhi_DPCC_15Min.csv,https://airquality.cpcb.gov.in/dataRepository/download_file?file_name=Raw_data/15Min/2021/site_1431_Patparganj_Delhi_DPCC_15Min.csv,https://airquality.cpcb.gov.in/dataRepository/download_file?file_name=Raw_data/15Min/2020/site_1431_Patparganj_Delhi_DPCC_15Min.csv,https://airquality.cpcb.gov.in/dataRepository/download_file?file_name=Raw_data/15Min/2019/site_1431_Patparganj_Delhi_DPCC_15Min.csv,https://airquality.cpcb.gov.in/dataRepository/download_file?file_name=Raw_data/15Min/2018/site_1431_Patparganj_Delhi_DPCC_15Min.csv,https://airquality.cpcb.gov.in/dataRepository/download_file?file_name=Raw_data/15Min/2017/site_1431_Patparganj_Delhi_DPCC_15Min.csv
site_1432,"Sonia Vihar, Delhi - DPCC",Delhi,Delhi,https://airquality.cpcb.gov.in/dataRepository/download_file?file_name=Raw_data/15Min/2026/site_1432_Sonia_Vihar_Delhi_DPCC_15Min.csv,https://airquality.cpcb.gov.in/dataRepository/download_file?file_name=Raw_data/15Min/2025/site_1432_Sonia_Vihar_Delhi_DPCC_15Min.csv,https://airquality.cpcb.gov.in/dataRepository/download_file?file_name=Raw_data/15Min/2024/site_1432_Sonia_Vihar_Delhi_DPCC_15Min.csv,https://airquality.cpcb.gov.in/dataRepository/download_file?file_name=Raw_data/15Min/2023/site_1432_Sonia_Vihar_Delhi_DPCC_15Min.csv,https://airquality.cpcb.gov.in/dataRepository/download_file?file_name=Raw_data/15Min/2022/site_1432_Sonia_Vihar_Delhi_DPCC_15Min.csv,https://airquality.cpcb.gov.in/dataRepository/download_file?file_name=Raw_data/15Min/2021/site_1432_Sonia_Vihar_Delhi_DPCC_15Min.csv,https://airquality.cpcb.gov.in/dataRepository/download_file?file_name=Raw_data/15Min/2020/site_1432_Sonia_Vihar_Delhi_DPCC_15Min.csv,https://airquality.cpcb.gov.in/dataRepository/download_file?file_name=Raw_data/15Min/2019/site_1432_Sonia_Vihar_Delhi_DPCC_15Min.csv,https://airquality.cpcb.gov.in/dataRepository/download_file?file_name=Raw_data/15Min/2018/site_1432_Sonia_Vihar_Delhi_DPCC_15Min.csv,https://airquality.cpcb.gov.in/dataRepository/download_file?file_name=Raw_data/15Min/2017/site_1432_Sonia_Vihar_Delhi_DPCC_15Min.csv
site_1433,"Bandhavgar Colony, Satna - Birla Cement",Satna,Madhya Pradesh,https://airquality.cpcb.gov.in/dataRepository/download_file?file_name=Raw_data/15Min/2026/site_1433_Bandhavgar_Colony_Satna_Birla_Cement_15Min.csv,https://airquality.cpcb.gov.in/dataRepository/download_file?file_name=Raw_data/15Min/2025/site_1433_Bandhavgar_Colony_Satna_Birla_Cement_15Min.csv,https://airquality.cpcb.gov.in/dataRepository/download_file?file_name=Raw_data/15Min/2024/site_1433_Bandhavgar_Colony_Satna_Birla_Cement_15Min.csv,https://airquality.cpcb.gov.in/dataRepository/download_file?file_name=Raw_data/15Min/2023/site_1433_Bandhavgar_Colony_Satna_Birla_Cement_15Min.csv,https://airquality.cpcb.gov.in/dataRepository/download_file?file_name=Raw_data/15Min/2022/site_1433_Bandhavgar_Colony_Satna_Birla_Cement_15Min.csv,https://airquality.cpcb.gov.in/dataRepository/download_file?file_name=Raw_data/15Min/2021/site_1433_Bandhavgar_Colony_Satna_Birla_Cement_15Min.csv,https://airquality.cpcb.gov.in/dataRepository/download_file?file_name=Raw_data/15Min/2020/site_1433_Bandhavgar_Colony_Satna_Birla_Cement_15Min.csv,https://airquality.cpcb.gov.in/dataRepository/download_file?file_name=Raw_data/15Min/2019/site_1433_Bandhavgar_Colony_Satna_Birla_Cement_15Min.csv,https://airquality.cpcb.gov.in/dataRepository/download_file?file_name=Raw_data/15Min/2018/site_1433_Bandhavgar_Colony_Satna_Birla_Cement_15Min.csv,https://airquality.cpcb.gov.in/dataRepository/download_file?file_name=Raw_data/15Min/2017/site_1433_Bandhavgar_Colony_Satna_Birla_Cement_15Min.csv
site_1434,"Wazirpur, Delhi - DPCC",Delhi,Delhi,https://airquality.cpcb.gov.in/dataRepository/download_file?file_name=Raw_data/15Min/2026/site_1434_Wazirpur_Delhi_DPCC_15Min.csv,https://airquality.cpcb.gov.in/dataRepository/download_file?file_name=Raw_data/15Min/2025/site_1434_Wazirpur_Delhi_DPCC_15Min.csv,https://airquality.cpcb.gov.in/dataRepository/download_file?file_name=Raw_data/15Min/2024/site_1434_Wazirpur_Delhi_DPCC_15Min.csv,https://airquality.cpcb.gov.in/dataRepository/download_file?file_name=Raw_data/15Min/2023/site_1434_Wazirpur_Delhi_DPCC_15Min.csv,https://airquality.cpcb.gov.in/dataRepository/download_file?file_name=Raw_data/15Min/2022/site_1434_Wazirpur_Delhi_DPCC_15Min.csv,https://airquality.cpcb.gov.in/dataRepository/download_file?file_name=Raw_data/15Min/2021/site_1434_Wazirpur_Delhi_DPCC_15Min.csv,https://airquality.cpcb.gov.in/dataRepository/download_file?file_name=Raw_data/15Min/2020/site_1434_Wazirpur_Delhi_DPCC_15Min.csv,https://airquality.cpcb.gov.in/dataRepository/download_file?file_name=Raw_data/15Min/2019/site_1434_Wazirpur_Delhi_DPCC_15Min.csv,https://airquality.cpcb.gov.in/dataRepository/download_file?file_name=Raw_data/15Min/2018/site_1434_Wazirpur_Delhi_DPCC_15Min.csv,https://airquality.cpcb.gov.in/dataRepository/download_file?file_name=Raw_data/15Min/2017/site_1434_Wazirpur_Delhi_DPCC_15Min.csv
site_1435,"Vivek Vihar, Delhi - DPCC",Delhi,Delhi,https://airquality.cpcb.gov.in/dataRepository/download_file?file_name=Raw_data/15Min/2026/site_1435_Vivek_Vihar_Delhi_DPCC_15Min.csv,https://airquality.cpcb.gov.in/dataRepository/download_file?file_name=Raw_data/15Min/2025/site_1435_Vivek_Vihar_Delhi_DPCC_15Min.csv,https://airquality.cpcb.gov.in/dataRepository/download_file?file_name=Raw_data/15Min/2024/site_1435_Vivek_Vihar_Delhi_DPCC_15Min.csv,https://airquality.cpcb.gov.in/dataRepository/download_file?file_name=Raw_data/15Min/2023/site_1435_Vivek_Vihar_Delhi_DPCC_15Min.csv,https://airquality.cpcb.gov.in/dataRepository/download_file?file_name=Raw_data/15Min/2022/site_1435_Vivek_Vihar_Delhi_DPCC_15Min.csv,https://airquality.cpcb.gov.in/dataRepository/download_file?file_name=Raw_data/15Min/2021/site_1435_Vivek_Vihar_Delhi_DPCC_15Min.csv,https://airquality.cpcb.gov.in/dataRepository/download_file?file_name=Raw_data/15Min/2020/site_1435_Vivek_Vihar_Delhi_DPCC_15Min.csv,https://airquality.cpcb.gov.in/dataRepository/download_file?file_name=Raw_data/15Min/2019/site_1435_Vivek_Vihar_Delhi_DPCC_15Min.csv,https://airquality.cpcb.gov.in/dataRepository/download_file?file_name=Raw_data/15Min/2018/site_1435_Vivek_Vihar_Delhi_DPCC_15Min.csv,https://airquality.cpcb.gov.in/dataRepository/download_file?file_name=Raw_data/15Min/2017/site_1435_Vivek_Vihar_Delhi_DPCC_15Min.csv
site_1437,"Model Town, Patiala - PPCB",Patiala,Punjab,https://airquality.cpcb.gov.in/dataRepository/download_file?file_name=Raw_data/15Min/2026/site_1437_Model_Town_Patiala_PPCB_15Min.csv,https://airquality.cpcb.gov.in/dataRepository/download_file?file_name=Raw_data/15Min/2025/site_1437_Model_Town_Patiala_PPCB_15Min.csv,https://airquality.cpcb.gov.in/dataRepository/download_file?file_name=Raw_data/15Min/2024/site_1437_Model_Town_Patiala_PPCB_15Min.csv,https://airquality.cpcb.gov.in/dataRepository/download_file?file_name=Raw_data/15Min/2023/site_1437_Model_Town_Patiala_PPCB_15Min.csv,https://airquality.cpcb.gov.in/dataRepository/download_file?file_name=Raw_data/15Min/2022/site_1437_Model_Town_Patiala_PPCB_15Min.csv,https://airquality.cpcb.gov.in/dataRepository/download_file?file_name=Raw_data/15Min/2021/site_1437_Model_Town_Patiala_PPCB_15Min.csv,https://airquality.cpcb.gov.in/dataRepository/download_file?file_name=Raw_data/15Min/2020/site_1437_Model_Town_Patiala_PPCB_15Min.csv,https://airquality.cpcb.gov.in/dataRepository/download_file?file_name=Raw_data/15Min/2019/site_1437_Model_Town_Patiala_PPCB_15Min.csv,https://airquality.cpcb.gov.in/dataRepository/download_file?file_name=Raw_data/15Min/2018/site_1437_Model_Town_Patiala_PPCB_15Min.csv,https://airquality.cpcb.gov.in/dataRepository/download_file?file_name=Raw_data/15Min/2017/site_1437_Model_Town_Patiala_PPCB_15Min.csv
site_1438,"Civil Line, Jalandhar - PPCB",Jalandhar,Punjab,https://airquality.cpcb.gov.in/dataRepository/download_file?file_name=Raw_data/15Min/2026/site_1438_Civil_Line_Jalandhar_PPCB_15Min.csv,https://airquality.cpcb.gov.in/dataRepository/download_file?file_name=Raw_data/15Min/2025/site_1438_Civil_Line_Jalandhar_PPCB_15Min.csv,https://airquality.cpcb.gov.in/dataRepository/download_file?file_name=Raw_data/15Min/2024/site_1438_Civil_Line_Jalandhar_PPCB_15Min.csv,https://airquality.cpcb.gov.in/dataRepository/download_file?file_name=Raw_data/15Min/2023/site_1438_Civil_Line_Jalandhar_PPCB_15Min.csv,https://airquality.cpcb.gov.in/dataRepository/download_file?file_name=Raw_data/15Min/2022/site_1438_Civil_Line_Jalandhar_PPCB_15Min.csv,https://airquality.cpcb.gov.in/dataRepository/download_file?file_name=Raw_data/15Min/2021/site_1438_Civil_Line_Jalandhar_PPCB_15Min.csv,https://airquality.cpcb.gov.in/dataRepository/download_file?file_name=Raw_data/15Min/2020/site_1438_Civil_Line_Jalandhar_PPCB_15Min.csv,https://airquality.cpcb.gov.in/dataRepository/download_file?file_name=Raw_data/15Min/2019/site_1438_Civil_Line_Jalandhar_PPCB_15Min.csv,https://airquality.cpcb.gov.in/dataRepository/download_file?file_name=Raw_data/15Min/2018/site_1438_Civil_Line_Jalandhar_PPCB_15Min.csv,https://airquality.cpcb.gov.in/dataRepository/download_file?file_name=Raw_data/15Min/2017/site_1438_Civil_Line_Jalandhar_PPCB_15Min.csv
site_144,"Vasundhara, Ghaziabad - UPPCB",Ghaziabad,Uttar Pradesh,https://airquality.cpcb.gov.in/dataRepository/download_file?file_name=Raw_data/15Min/2026/site_144_Vasundhara_Ghaziabad_UPPCB_15Min.csv,https://airquality.cpcb.gov.in/dataRepository/download_file?file_name=Raw_data/15Min/2025/site_144_Vasundhara_Ghaziabad_UPPCB_15Min.csv,https://airquality.cpcb.gov.in/dataRepository/download_file?file_name=Raw_data/15Min/2024/site_144_Vasundhara_Ghaziabad_UPPCB_15Min.csv,https://airquality.cpcb.gov.in/dataRepository/download_file?file_name=Raw_data/15Min/2023/site_144_Vasundhara_Ghaziabad_UPPCB_15Min.csv,https://airquality.cpcb.gov.in/dataRepository/download_file?file_name=Raw_data/15Min/2022/site_144_Vasundhara_Ghaziabad_UPPCB_15Min.csv,https://airquality.cpcb.gov.in/dataRepository/download_file?file_name=Raw_data/15Min/2021/site_144_Vasundhara_Ghaziabad_UPPCB_15Min.csv,https://airquality.cpcb.gov.in/dataRepository/download_file?file_name=Raw_data/15Min/2020/site_144_Vasundhara_Ghaziabad_UPPCB_15Min.csv,https://airquality.cpcb.gov.in/dataRepository/download_file?file_name=Raw_data/15Min/2019/site_144_Vasundhara_Ghaziabad_UPPCB_15Min.csv,https://airquality.cpcb.gov.in/dataRepository/download_file?file_name=Raw_data/15Min/2018/site_144_Vasundhara_Ghaziabad_UPPCB_15Min.csv,https://airquality.cpcb.gov.in/dataRepository/download_file?file_name=Raw_data/15Min/2017/site_144_Vasundhara_Ghaziabad_UPPCB_15Min.csv
site_1447,"Deshpande Nagar, Hubballi - KSPCB",Hubballi,Karnataka,https://airquality.cpcb.gov.in/dataRepository/download_file?file_name=Raw_data/15Min/2026/site_1447_Deshpande_Nagar_Hubballi_KSPCB_15Min.csv,https://airquality.cpcb.gov.in/dataRepository/download_file?file_name=Raw_data/15Min/2025/site_1447_Deshpande_Nagar_Hubballi_KSPCB_15Min.csv,https://airquality.cpcb.gov.in/dataRepository/download_file?file_name=Raw_data/15Min/2024/site_1447_Deshpande_Nagar_Hubballi_KSPCB_15Min.csv,https://airquality.cpcb.gov.in/dataRepository/download_file?file_name=Raw_data/15Min/2023/site_1447_Deshpande_Nagar_Hubballi_KSPCB_15Min.csv,https://airquality.cpcb.gov.in/dataRepository/download_file?file_name=Raw_data/15Min/2022/site_1447_Deshpande_Nagar_Hubballi_KSPCB_15Min.csv,https://airquality.cpcb.gov.in/dataRepository/download_file?file_name=Raw_data/15Min/2021/site_1447_Deshpande_Nagar_Hubballi_KSPCB_15Min.csv,https://airquality.cpcb.gov.in/dataRepository/download_file?file_name=Raw_data/15Min/2020/site_1447_Deshpande_Nagar_Hubballi_KSPCB_15Min.csv,https://airquality.cpcb.gov.in/dataRepository/download_file?file_name=Raw_data/15Min/2019/site_1447_Deshpande_Nagar_Hubballi_KSPCB_15Min.csv,https://airquality.cpcb.gov.in/dataRepository/download_file?file_name=Raw_data/15Min/2018/site_1447_Deshpande_Nagar_Hubballi_KSPCB_15Min.csv,https://airquality.cpcb.gov.in/dataRepository/download_file?file_name=Raw_data/15Min/2017/site_1447_Deshpande_Nagar_Hubballi_KSPCB_15Min.csv
site_1450,"Kalal Majra, Khanna - PPCB",Khanna,Punjab,https://airquality.cpcb.gov.in/dataRepository/download_file?file_name=Raw_data/15Min/2026/site_1450_Kalal_Majra_Khanna_PPCB_15Min.csv,https://airquality.cpcb.gov.in/dataRepository/download_file?file_name=Raw_data/15Min/2025/site_1450_Kalal_Majra_Khanna_PPCB_15Min.csv,https://airquality.cpcb.gov.in/dataRepository/download_file?file_name=Raw_data/15Min/2024/site_1450_Kalal_Majra_Khanna_PPCB_15Min.csv,https://airquality.cpcb.gov.in/dataRepository/download_file?file_name=Raw_data/15Min/2023/site_1450_Kalal_Majra_Khanna_PPCB_15Min.csv,https://airquality.cpcb.gov.in/dataRepository/download_file?file_name=Raw_data/15Min/2022/site_1450_Kalal_Majra_Khanna_PPCB_15Min.csv,https://airquality.cpcb.gov.in/dataRepository/download_file?file_name=Raw_data/15Min/2021/site_1450_Kalal_Majra_Khanna_PPCB_15Min.csv,https://airquality.cpcb.gov.in/dataRepository/download_file?file_name=Raw_data/15Min/2020/site_1450_Kalal_Majra_Khanna_PPCB_15Min.csv,https://airquality.cpcb.gov.in/dataRepository/download_file?file_name=Raw_data/15Min/2019/site_1450_Kalal_Majra_Khanna_PPCB_15Min.csv,https://airquality.cpcb.gov.in/dataRepository/download_file?file_name=Raw_data/15Min/2018/site_1450_Kalal_Majra_Khanna_PPCB_15Min.csv,https://airquality.cpcb.gov.in/dataRepository/download_file?file_name=Raw_data/15Min/2017/site_1450_Kalal_Majra_Khanna_PPCB_15Min.csv
site_146,"Vikas Sadan, Gurugram - HSPCB",Gurugram,Haryana,https://airquality.cpcb.gov.in/dataRepository/download_file?file_name=Raw_data/15Min/2026/site_146_Vikas_Sadan_Gurugram_HSPCB_15Min.csv,https://airquality.cpcb.gov.in/dataRepository/download_file?file_name=Raw_data/15Min/2025/site_146_Vikas_Sadan_Gurugram_HSPCB_15Min.csv,https://airquality.cpcb.gov.in/dataRepository/download_file?file_name=Raw_data/15Min/2024/site_146_Vikas_Sadan_Gurugram_HSPCB_15Min.csv,https://airquality.cpcb.gov.in/dataRepository/download_file?file_name=Raw_data/15Min/2023/site_146_Vikas_Sadan_Gurugram_HSPCB_15Min.csv,https://airquality.cpcb.gov.in/dataRepository/download_file?file_name=Raw_data/15Min/2022/site_146_Vikas_Sadan_Gurugram_HSPCB_15Min.csv,https://airquality.cpcb.gov.in/dataRepository/download_file?file_name=Raw_data/15Min/2021/site_146_Vikas_Sadan_Gurugram_HSPCB_15Min.csv,https://airquality.cpcb.gov.in/dataRepository/download_file?file_name=Raw_data/15Min/2020/site_146_Vikas_Sadan_Gurugram_HSPCB_15Min.csv,https://airquality.cpcb.gov.in/dataRepository/download_file?file_name=Raw_data/15Min/2019/site_146_Vikas_Sadan_Gurugram_HSPCB_15Min.csv,https://airquality.cpcb.gov.in/dataRepository/download_file?file_name=Raw_data/15Min/2018/site_146_Vikas_Sadan_Gurugram_HSPCB_15Min.csv,https://airquality.cpcb.gov.in/dataRepository/download_file?file_name=Raw_data/15Min/2017/site_146_Vikas_Sadan_Gurugram_HSPCB_15Min.csv
site_147,"MD University, Rohtak - HSPCB",Rohtak,Haryana,https://airquality.cpcb.gov.in/dataRepository/download_file?file_name=Raw_data/15Min/2026/site_147_MD_University_Rohtak_HSPCB_15Min.csv,https://airquality.cpcb.gov.in/dataRepository/download_file?file_name=Raw_data/15Min/2025/site_147_MD_University_Rohtak_HSPCB_15Min.csv,https://airquality.cpcb.gov.in/dataRepository/download_file?file_name=Raw_data/15Min/2024/site_147_MD_University_Rohtak_HSPCB_15Min.csv,https://airquality.cpcb.gov.in/dataRepository/download_file?file_name=Raw_data/15Min/2023/site_147_MD_University_Rohtak_HSPCB_15Min.csv,https://airquality.cpcb.gov.in/dataRepository/download_file?file_name=Raw_data/15Min/2022/site_147_MD_University_Rohtak_HSPCB_15Min.csv,https://airquality.cpcb.gov.in/dataRepository/download_file?file_name=Raw_data/15Min/2021/site_147_MD_University_Rohtak_HSPCB_15Min.csv,https://airquality.cpcb.gov.in/dataRepository/download_file?file_name=Raw_data/15Min/2020/site_147_MD_University_Rohtak_HSPCB_15Min.csv,https://airquality.cpcb.gov.in/dataRepository/download_file?file_name=Raw_data/15Min/2019/site_147_MD_University_Rohtak_HSPCB_15Min.csv,https://airquality.cpcb.gov.in/dataRepository/download_file?file_name=Raw_data/15Min/2018/site_147_MD_University_Rohtak_HSPCB_15Min.csv,https://airquality.cpcb.gov.in/dataRepository/download_file?file_name=Raw_data/15Min/2017/site_147_MD_University_Rohtak_HSPCB_15Min.csv
site_153,"Sector - 125, Noida - UPPCB",Noida,Uttar Pradesh,https://airquality.cpcb.gov.in/dataRepository/download_file?file_name=Raw_data/15Min/2026/site_153_Sector_125_Noida_UPPCB_15Min.csv,https://airquality.cpcb.gov.in/dataRepository/download_file?file_name=Raw_data/15Min/2025/site_153_Sector_125_Noida_UPPCB_15Min.csv,https://airquality.cpcb.gov.in/dataRepository/download_file?file_name=Raw_data/15Min/2024/site_153_Sector_125_Noida_UPPCB_15Min.csv,https://airquality.cpcb.gov.in/dataRepository/download_file?file_name=Raw_data/15Min/2023/site_153_Sector_125_Noida_UPPCB_15Min.csv,https://airquality.cpcb.gov.in/dataRepository/download_file?file_name=Raw_data/15Min/2022/site_153_Sector_125_Noida_UPPCB_15Min.csv,https://airquality.cpcb.gov.in/dataRepository/download_file?file_name=Raw_data/15Min/2021/site_153_Sector_125_Noida_UPPCB_15Min.csv,https://airquality.cpcb.gov.in/dataRepository/download_file?file_name=Raw_data/15Min/2020/site_153_Sector_125_Noida_UPPCB_15Min.csv,https://airquality.cpcb.gov.in/dataRepository/download_file?file_name=Raw_data/15Min/2019/site_153_Sector_125_Noida_UPPCB_15Min.csv,https://airquality.cpcb.gov.in/dataRepository/download_file?file_name=Raw_data/15Min/2018/site_153_Sector_125_Noida_UPPCB_15Min.csv,https://airquality.cpcb.gov.in/dataRepository/download_file?file_name=Raw_data/15Min/2017/site_153_Sector_125_Noida_UPPCB_15Min.csv
site_1538,"Ratanpura, Rupnagar - Ambuja Cements",Rupnagar,Punjab,https://airquality.cpcb.gov.in/dataRepository/download_file?file_name=Raw_data/15Min/2026/site_1538_Ratanpura_Rupnagar_Ambuja_Cements_15Min.csv,https://airquality.cpcb.gov.in/dataRepository/download_file?file_name=Raw_data/15Min/2025/site_1538_Ratanpura_Rupnagar_Ambuja_Cements_15Min.csv,https://airquality.cpcb.gov.in/dataRepository/download_file?file_name=Raw_data/15Min/2024/site_1538_Ratanpura_Rupnagar_Ambuja_Cements_15Min.csv,https://airquality.cpcb.gov.in/dataRepository/download_file?file_name=Raw_data/15Min/2023/site_1538_Ratanpura_Rupnagar_Ambuja_Cements_15Min.csv,https://airquality.cpcb.gov.in/dataRepository/download_file?file_name=Raw_data/15Min/2022/site_1538_Ratanpura_Rupnagar_Ambuja_Cements_15Min.csv,https://airquality.cpcb.gov.in/dataRepository/download_file?file_name=Raw_data/15Min/2021/site_1538_Ratanpura_Rupnagar_Ambuja_Cements_15Min.csv,https://airquality.cpcb.gov.in/dataRepository/download_file?file_name=Raw_data/15Min/2020/site_1538_Ratanpura_Rupnagar_Ambuja_Cements_15Min.csv,https://airquality.cpcb.gov.in/dataRepository/download_file?file_name=Raw_data/15Min/2019/site_1538_Ratanpura_Rupnagar_Ambuja_Cements_15Min.csv,https://airquality.cpcb.gov.in/dataRepository/download_file?file_name=Raw_data/15Min/2018/site_1538_Ratanpura_Rupnagar_Ambuja_Cements_15Min.csv,https://airquality.cpcb.gov.in/dataRepository/download_file?file_name=Raw_data/15Min/2017/site_1538_Ratanpura_Rupnagar_Ambuja_Cements_15Min.csv
site_1541,"Knowledge Park - III, Greater Noida - UPPCB",Greater Noida,Uttar Pradesh,https://airquality.cpcb.gov.in/dataRepository/download_file?file_name=Raw_data/15Min/2026/site_1541_Knowledge_Park_III_Greater_Noida_UPPCB_15Min.csv,https://airquality.cpcb.gov.in/dataRepository/download_file?file_name=Raw_data/15Min/2025/site_1541_Knowledge_Park_III_Greater_Noida_UPPCB_15Min.csv,https://airquality.cpcb.gov.in/dataRepository/download_file?file_name=Raw_data/15Min/2024/site_1541_Knowledge_Park_III_Greater_Noida_UPPCB_15Min.csv,https://airquality.cpcb.gov.in/dataRepository/download_file?file_name=Raw_data/15Min/2023/site_1541_Knowledge_Park_III_Greater_Noida_UPPCB_15Min.csv,https://airquality.cpcb.gov.in/dataRepository/download_file?file_name=Raw_data/15Min/2022/site_1541_Knowledge_Park_III_Greater_Noida_UPPCB_15Min.csv,https://airquality.cpcb.gov.in/dataRepository/download_file?file_name=Raw_data/15Min/2021/site_1541_Knowledge_Park_III_Greater_Noida_UPPCB_15Min.csv,https://airquality.cpcb.gov.in/dataRepository/download_file?file_name=Raw_data/15Min/2020/site_1541_Knowledge_Park_III_Greater_Noida_UPPCB_15Min.csv,https://airquality.cpcb.gov.in/dataRepository/download_file?file_name=Raw_data/15Min/2019/site_1541_Knowledge_Park_III_Greater_Noida_UPPCB_15Min.csv,https://airquality.cpcb.gov.in/dataRepository/download_file?file_name=Raw_data/15Min/2018/site_1541_Knowledge_Park_III_Greater_Noida_UPPCB_15Min.csv,https://airquality.cpcb.gov.in/dataRepository/download_file?file_name=Raw_data/15Min/2017/site_1541_Knowledge_Park_III_Greater_Noida_UPPCB_15Min.csv
site_1542,"Yamunapuram, Bulandshahr - UPPCB",Bulandshahr,Uttar Pradesh,https://airquality.cpcb.gov.in/dataRepository/download_file?file_name=Raw_data/15Min/2026/site_1542_Yamunapuram_Bulandshahr_UPPCB_15Min.csv,https://airquality.cpcb.gov.in/dataRepository/download_file?file_name=Raw_data/15Min/2025/site_1542_Yamunapuram_Bulandshahr_UPPCB_15Min.csv,https://airquality.cpcb.gov.in/dataRepository/download_file?file_name=Raw_data/15Min/2024/site_1542_Yamunapuram_Bulandshahr_UPPCB_15Min.csv,https://airquality.cpcb.gov.in/dataRepository/download_file?file_name=Raw_data/15Min/2023/site_1542_Yamunapuram_Bulandshahr_UPPCB_15Min.csv,https://airquality.cpcb.gov.in/dataRepository/download_file?file_name=Raw_data/15Min/2022/site_1542_Yamunapuram_Bulandshahr_UPPCB_15Min.csv,https://airquality.cpcb.gov.in/dataRepository/download_file?file_name=Raw_data/15Min/2021/site_1542_Yamunapuram_Bulandshahr_UPPCB_15Min.csv,https://airquality.cpcb.gov.in/dataRepository/download_file?file_name=Raw_data/15Min/2020/site_1542_Yamunapuram_Bulandshahr_UPPCB_15Min.csv,https://airquality.cpcb.gov.in/dataRepository/download_file?file_name=Raw_data/15Min/2019/site_1542_Yamunapuram_Bulandshahr_UPPCB_15Min.csv,https://airquality.cpcb.gov.in/dataRepository/download_file?file_name=Raw_data/15Min/2018/site_1542_Yamunapuram_Bulandshahr_UPPCB_15Min.csv,https://airquality.cpcb.gov.in/dataRepository/download_file?file_name=Raw_data/15Min/2017/site_1542_Yamunapuram_Bulandshahr_UPPCB_15Min.csv
site_1549,"Hardev Nagar, Bathinda - PPCB",Bathinda,Punjab,https://airquality.cpcb.gov.in/dataRepository/download_file?file_name=Raw_data/15Min/2026/site_1549_Hardev_Nagar_Bathinda_PPCB_15Min.csv,https://airquality.cpcb.gov.in/dataRepository/download_file?file_name=Raw_data/15Min/2025/site_1549_Hardev_Nagar_Bathinda_PPCB_15Min.csv,https://airquality.cpcb.gov.in/dataRepository/download_file?file_name=Raw_data/15Min/2024/site_1549_Hardev_Nagar_Bathinda_PPCB_15Min.csv,https://airquality.cpcb.gov.in/dataRepository/download_file?file_name=Raw_data/15Min/2023/site_1549_Hardev_Nagar_Bathinda_PPCB_15Min.csv,https://airquality.cpcb.gov.in/dataRepository/download_file?file_name=Raw_data/15Min/2022/site_1549_Hardev_Nagar_Bathinda_PPCB_15Min.csv,https://airquality.cpcb.gov.in/dataRepository/download_file?file_name=Raw_data/15Min/2021/site_1549_Hardev_Nagar_Bathinda_PPCB_15Min.csv,https://airquality.cpcb.gov.in/dataRepository/download_file?file_name=Raw_data/15Min/2020/site_1549_Hardev_Nagar_Bathinda_PPCB_15Min.csv,https://airquality.cpcb.gov.in/dataRepository/download_file?file_name=Raw_data/15Min/2019/site_1549_Hardev_Nagar_Bathinda_PPCB_15Min.csv,https://airquality.cpcb.gov.in/dataRepository/download_file?file_name=Raw_data/15Min/2018/site_1549_Hardev_Nagar_Bathinda_PPCB_15Min.csv,https://airquality.cpcb.gov.in/dataRepository/download_file?file_name=Raw_data/15Min/2017/site_1549_Hardev_Nagar_Bathinda_PPCB_15Min.csv
site_1550,"New Mandi, Muzaffarnagar - UPPCB",Muzaffarnagar,Uttar Pradesh,https://airquality.cpcb.gov.in/dataRepository/download_file?file_name=Raw_data/15Min/2026/site_1550_New_Mandi_Muzaffarnagar_UPPCB_15Min.csv,https://airquality.cpcb.gov.in/dataRepository/download_file?file_name=Raw_data/15Min/2025/site_1550_New_Mandi_Muzaffarnagar_UPPCB_15Min.csv,https://airquality.cpcb.gov.in/dataRepository/download_file?file_name=Raw_data/15Min/2024/site_1550_New_Mandi_Muzaffarnagar_UPPCB_15Min.csv,https://airquality.cpcb.gov.in/dataRepository/download_file?file_name=Raw_data/15Min/2023/site_1550_New_Mandi_Muzaffarnagar_UPPCB_15Min.csv,https://airquality.cpcb.gov.in/dataRepository/download_file?file_name=Raw_data/15Min/2022/site_1550_New_Mandi_Muzaffarnagar_UPPCB_15Min.csv,https://airquality.cpcb.gov.in/dataRepository/download_file?file_name=Raw_data/15Min/2021/site_1550_New_Mandi_Muzaffarnagar_UPPCB_15Min.csv,https://airquality.cpcb.gov.in/dataRepository/download_file?file_name=Raw_data/15Min/2020/site_1550_New_Mandi_Muzaffarnagar_UPPCB_15Min.csv,https://airquality.cpcb.gov.in/dataRepository/download_file?file_name=Raw_data/15Min/2019/site_1550_New_Mandi_Muzaffarnagar_UPPCB_15Min.csv,https://airquality.cpcb.gov.in/dataRepository/download_file?file_name=Raw_data/15Min/2018/site_1550_New_Mandi_Muzaffarnagar_UPPCB_15Min.csv,https://airquality.cpcb.gov.in/dataRepository/download_file?file_name=Raw_data/15Min/2017/site_1550_New_Mandi_Muzaffarnagar_UPPCB_15Min.csv
site_1551,"Tamaka Ind. Area, Kolar - KSPCB",Kolar,Karnataka,https://airquality.cpcb.gov.in/dataRepository/download_file?file_name=Raw_data/15Min/2026/site_1551_Tamaka_Ind._Area_Kolar_KSPCB_15Min.csv,https://airquality.cpcb.gov.in/dataRepository/download_file?file_name=Raw_data/15Min/2025/site_1551_Tamaka_Ind._Area_Kolar_KSPCB_15Min.csv,https://airquality.cpcb.gov.in/dataRepository/download_file?file_name=Raw_data/15Min/2024/site_1551_Tamaka_Ind._Area_Kolar_KSPCB_15Min.csv,https://airquality.cpcb.gov.in/dataRepository/download_file?file_name=Raw_data/15Min/2023/site_1551_Tamaka_Ind._Area_Kolar_KSPCB_15Min.csv,https://airquality.cpcb.gov.in/dataRepository/download_file?file_name=Raw_data/15Min/2022/site_1551_Tamaka_Ind._Area_Kolar_KSPCB_15Min.csv,https://airquality.cpcb.gov.in/dataRepository/download_file?file_name=Raw_data/15Min/2021/site_1551_Tamaka_Ind._Area_Kolar_KSPCB_15Min.csv,https://airquality.cpcb.gov.in/dataRepository/download_file?file_name=Raw_data/15Min/2020/site_1551_Tamaka_Ind._Area_Kolar_KSPCB_15Min.csv,https://airquality.cpcb.gov.in/dataRepository/download_file?file_name=Raw_data/15Min/2019/site_1551_Tamaka_Ind._Area_Kolar_KSPCB_15Min.csv,https://airquality.cpcb.gov.in/dataRepository/download_file?file_name=Raw_data/15Min/2018/site_1551_Tamaka_Ind._Area_Kolar_KSPCB_15Min.csv,https://airquality.cpcb.gov.in/dataRepository/download_file?file_name=Raw_data/15Min/2017/site_1551_Tamaka_Ind._Area_Kolar_KSPCB_15Min.csv
site_1553,"Bapuji Nagar, Bengaluru - KSPCB",Bengaluru,Karnataka,https://airquality.cpcb.gov.in/dataRepository/download_file?file_name=Raw_data/15Min/2026/site_1553_Bapuji_Nagar_Bengaluru_KSPCB_15Min.csv,https://airquality.cpcb.gov.in/dataRepository/download_file?file_name=Raw_data/15Min/2025/site_1553_Bapuji_Nagar_Bengaluru_KSPCB_15Min.csv,https://airquality.cpcb.gov.in/dataRepository/download_file?file_name=Raw_data/15Min/2024/site_1553_Bapuji_Nagar_Bengaluru_KSPCB_15Min.csv,https://airquality.cpcb.gov.in/dataRepository/download_file?file_name=Raw_data/15Min/2023/site_1553_Bapuji_Nagar_Bengaluru_KSPCB_15Min.csv,https://airquality.cpcb.gov.in/dataRepository/download_file?file_name=Raw_data/15Min/2022/site_1553_Bapuji_Nagar_Bengaluru_KSPCB_15Min.csv,https://airquality.cpcb.gov.in/dataRepository/download_file?file_name=Raw_data/15Min/2021/site_1553_Bapuji_Nagar_Bengaluru_KSPCB_15Min.csv,https://airquality.cpcb.gov.in/dataRepository/download_file?file_name=Raw_data/15Min/2020/site_1553_Bapuji_Nagar_Bengaluru_KSPCB_15Min.csv,https://airquality.cpcb.gov.in/dataRepository/download_file?file_name=Raw_data/15Min/2019/site_1553_Bapuji_Nagar_Bengaluru_KSPCB_15Min.csv,https://airquality.cpcb.gov.in/dataRepository/download_file?file_name=Raw_data/15Min/2018/site_1553_Bapuji_Nagar_Bengaluru_KSPCB_15Min.csv,https://airquality.cpcb.gov.in/dataRepository/download_file?file_name=Raw_data/15Min/2017/site_1553_Bapuji_Nagar_Bengaluru_KSPCB_15Min.csv
site_1554,"Hebbal, Bengaluru - KSPCB",Bengaluru,Karnataka,https://airquality.cpcb.gov.in/dataRepository/download_file?file_name=Raw_data/15Min/2026/site_1554_Hebbal_Bengaluru_KSPCB_15Min.csv,https://airquality.cpcb.gov.in/dataRepository/download_file?file_name=Raw_data/15Min/2025/site_1554_Hebbal_Bengaluru_KSPCB_15Min.csv,https://airquality.cpcb.gov.in/dataRepository/download_file?file_name=Raw_data/15Min/2024/site_1554_Hebbal_Bengaluru_KSPCB_15Min.csv,https://airquality.cpcb.gov.in/dataRepository/download_file?file_name=Raw_data/15Min/2023/site_1554_Hebbal_Bengaluru_KSPCB_15Min.csv,https://airquality.cpcb.gov.in/dataRepository/download_file?file_name=Raw_data/15Min/2022/site_1554_Hebbal_Bengaluru_KSPCB_15Min.csv,https://airquality.cpcb.gov.in/dataRepository/download_file?file_name=Raw_data/15Min/2021/site_1554_Hebbal_Bengaluru_KSPCB_15Min.csv,https://airquality.cpcb.gov.in/dataRepository/download_file?file_name=Raw_data/15Min/2020/site_1554_Hebbal_Bengaluru_KSPCB_15Min.csv,https://airquality.cpcb.gov.in/dataRepository/download_file?file_name=Raw_data/15Min/2019/site_1554_Hebbal_Bengaluru_KSPCB_15Min.csv,https://airquality.cpcb.gov.in/dataRepository/download_file?file_name=Raw_data/15Min/2018/site_1554_Hebbal_Bengaluru_KSPCB_15Min.csv,https://airquality.cpcb.gov.in/dataRepository/download_file?file_name=Raw_data/15Min/2017/site_1554_Hebbal_Bengaluru_KSPCB_15Min.csv
site_1555,"Hombegowda Nagar, Bengaluru - KSPCB",Bengaluru,Karnataka,https://airquality.cpcb.gov.in/dataRepository/download_file?file_name=Raw_data/15Min/2026/site_1555_Hombegowda_Nagar_Bengaluru_KSPCB_15Min.csv,https://airquality.cpcb.gov.in/dataRepository/download_file?file_name=Raw_data/15Min/2025/site_1555_Hombegowda_Nagar_Bengaluru_KSPCB_15Min.csv,https://airquality.cpcb.gov.in/dataRepository/download_file?file_name=Raw_data/15Min/2024/site_1555_Hombegowda_Nagar_Bengaluru_KSPCB_15Min.csv,https://airquality.cpcb.gov.in/dataRepository/download_file?file_name=Raw_data/15Min/2023/site_1555_Hombegowda_Nagar_Bengaluru_KSPCB_15Min.csv,https://airquality.cpcb.gov.in/dataRepository/download_file?file_name=Raw_data/15Min/2022/site_1555_Hombegowda_Nagar_Bengaluru_KSPCB_15Min.csv,https://airquality.cpcb.gov.in/dataRepository/download_file?file_name=Raw_data/15Min/2021/site_1555_Hombegowda_Nagar_Bengaluru_KSPCB_15Min.csv,https://airquality.cpcb.gov.in/dataRepository/download_file?file_name=Raw_data/15Min/2020/site_1555_Hombegowda_Nagar_Bengaluru_KSPCB_15Min.csv,https://airquality.cpcb.gov.in/dataRepository/download_file?file_name=Raw_data/15Min/2019/site_1555_Hombegowda_Nagar_Bengaluru_KSPCB_15Min.csv,https://airquality.cpcb.gov.in/dataRepository/download_file?file_name=Raw_data/15Min/2018/site_1555_Hombegowda_Nagar_Bengaluru_KSPCB_15Min.csv,https://airquality.cpcb.gov.in/dataRepository/download_file?file_name=Raw_data/15Min/2017/site_1555_Hombegowda_Nagar_Bengaluru_KSPCB_15Min.csv
site_1556,"Jayanagar 5th Block, Bengaluru - KSPCB",Bengaluru,Karnataka,https://airquality.cpcb.gov.in/dataRepository/download_file?file_name=Raw_data/15Min/2026/site_1556_Jayanagar_5th_Block_Bengaluru_KSPCB_15Min.csv,https://airquality.cpcb.gov.in/dataRepository/download_file?file_name=Raw_data/15Min/2025/site_1556_Jayanagar_5th_Block_Bengaluru_KSPCB_15Min.csv,https://airquality.cpcb.gov.in/dataRepository/download_file?file_name=Raw_data/15Min/2024/site_1556_Jayanagar_5th_Block_Bengaluru_KSPCB_15Min.csv,https://airquality.cpcb.gov.in/dataRepository/download_file?file_name=Raw_data/15Min/2023/site_1556_Jayanagar_5th_Block_Bengaluru_KSPCB_15Min.csv,https://airquality.cpcb.gov.in/dataRepository/download_file?file_name=Raw_data/15Min/2022/site_1556_Jayanagar_5th_Block_Bengaluru_KSPCB_15Min.csv,https://airquality.cpcb.gov.in/dataRepository/download_file?file_name=Raw_data/15Min/2021/site_1556_Jayanagar_5th_Block_Bengaluru_KSPCB_15Min.csv,https://airquality.cpcb.gov.in/dataRepository/download_file?file_name=Raw_data/15Min/2020/site_1556_Jayanagar_5th_Block_Bengaluru_KSPCB_15Min.csv,https://airquality.cpcb.gov.in/dataRepository/download_file?file_name=Raw_data/15Min/2019/site_1556_Jayanagar_5th_Block_Bengaluru_KSPCB_15Min.csv,https://airquality.cpcb.gov.in/dataRepository/download_file?file_name=Raw_data/15Min/2018/site_1556_Jayanagar_5th_Block_Bengaluru_KSPCB_15Min.csv,https://airquality.cpcb.gov.in/dataRepository/download_file?file_name=Raw_data/15Min/2017/site_1556_Jayanagar_5th_Block_Bengaluru_KSPCB_15Min.csv
site_1557,"Chikkaballapur Rural, Chikkaballapur - KSPCB",Chikkaballapur,Karnataka,https://airquality.cpcb.gov.in/dataRepository/download_file?file_name=Raw_data/15Min/2026/site_1557_Chikkaballapur_Rural_Chikkaballapur_KSPCB_15Min.csv,https://airquality.cpcb.gov.in/dataRepository/download_file?file_name=Raw_data/15Min/2025/site_1557_Chikkaballapur_Rural_Chikkaballapur_KSPCB_15Min.csv,https://airquality.cpcb.gov.in/dataRepository/download_file?file_name=Raw_data/15Min/2024/site_1557_Chikkaballapur_Rural_Chikkaballapur_KSPCB_15Min.csv,https://airquality.cpcb.gov.in/dataRepository/download_file?file_name=Raw_data/15Min/2023/site_1557_Chikkaballapur_Rural_Chikkaballapur_KSPCB_15Min.csv,https://airquality.cpcb.gov.in/dataRepository/download_file?file_name=Raw_data/15Min/2022/site_1557_Chikkaballapur_Rural_Chikkaballapur_KSPCB_15Min.csv,https://airquality.cpcb.gov.in/dataRepository/download_file?file_name=Raw_data/15Min/2021/site_1557_Chikkaballapur_Rural_Chikkaballapur_KSPCB_15Min.csv,https://airquality.cpcb.gov.in/dataRepository/download_file?file_name=Raw_data/15Min/2020/site_1557_Chikkaballapur_Rural_Chikkaballapur_KSPCB_15Min.csv,https://airquality.cpcb.gov.in/dataRepository/download_file?file_name=Raw_data/15Min/2019/site_1557_Chikkaballapur_Rural_Chikkaballapur_KSPCB_15Min.csv,https://airquality.cpcb.gov.in/dataRepository/download_file?file_name=Raw_data/15Min/2018/site_1557_Chikkaballapur_Rural_Chikkaballapur_KSPCB_15Min.csv,https://airquality.cpcb.gov.in/dataRepository/download_file?file_name=Raw_data/15Min/2017/site_1557_Chikkaballapur_Rural_Chikkaballapur_KSPCB_15Min.csv
site_1558,"Silk Board, Bengaluru - KSPCB",Bengaluru,Karnataka,https://airquality.cpcb.gov.in/dataRepository/download_file?file_name=Raw_data/15Min/2026/site_1558_Silk_Board_Bengaluru_KSPCB_15Min.csv,https://airquality.cpcb.gov.in/dataRepository/download_file?file_name=Raw_data/15Min/2025/site_1558_Silk_Board_Bengaluru_KSPCB_15Min.csv,https://airquality.cpcb.gov.in/dataRepository/download_file?file_name=Raw_data/15Min/2024/site_1558_Silk_Board_Bengaluru_KSPCB_15Min.csv,https://airquality.cpcb.gov.in/dataRepository/download_file?file_name=Raw_data/15Min/2023/site_1558_Silk_Board_Bengaluru_KSPCB_15Min.csv,https://airquality.cpcb.gov.in/dataRepository/download_file?file_name=Raw_data/15Min/2022/site_1558_Silk_Board_Bengaluru_KSPCB_15Min.csv,https://airquality.cpcb.gov.in/dataRepository/download_file?file_name=Raw_data/15Min/2021/site_1558_Silk_Board_Bengaluru_KSPCB_15Min.csv,https://airquality.cpcb.gov.in/dataRepository/download_file?file_name=Raw_data/15Min/2020/site_1558_Silk_Board_Bengaluru_KSPCB_15Min.csv,https://airquality.cpcb.gov.in/dataRepository/download_file?file_name=Raw_data/15Min/2019/site_1558_Silk_Board_Bengaluru_KSPCB_15Min.csv,https://airquality.cpcb.gov.in/dataRepository/download_file?file_name=Raw_data/15Min/2018/site_1558_Silk_Board_Bengaluru_KSPCB_15Min.csv,https://airquality.cpcb.gov.in/dataRepository/download_file?file_name=Raw_data/15Min/2017/site_1558_Silk_Board_Bengaluru_KSPCB_15Min.csv
site_1560,"Bawana, Delhi - DPCC",Delhi,Delhi,https://airquality.cpcb.gov.in/dataRepository/download_file?file_name=Raw_data/15Min/2026/site_1560_Bawana_Delhi_DPCC_15Min.csv,https://airquality.cpcb.gov.in/dataRepository/download_file?file_name=Raw_data/15Min/2025/site_1560_Bawana_Delhi_DPCC_15Min.csv,https://airquality.cpcb.gov.in/dataRepository/download_file?file_name=Raw_data/15Min/2024/site_1560_Bawana_Delhi_DPCC_15Min.csv,https://airquality.cpcb.gov.in/dataRepository/download_file?file_name=Raw_data/15Min/2023/site_1560_Bawana_Delhi_DPCC_15Min.csv,https://airquality.cpcb.gov.in/dataRepository/download_file?file_name=Raw_data/15Min/2022/site_1560_Bawana_Delhi_DPCC_15Min.csv,https://airquality.cpcb.gov.in/dataRepository/download_file?file_name=Raw_data/15Min/2021/site_1560_Bawana_Delhi_DPCC_15Min.csv,https://airquality.cpcb.gov.in/dataRepository/download_file?file_name=Raw_data/15Min/2020/site_1560_Bawana_Delhi_DPCC_15Min.csv,https://airquality.cpcb.gov.in/dataRepository/download_file?file_name=Raw_data/15Min/2019/site_1560_Bawana_Delhi_DPCC_15Min.csv,https://airquality.cpcb.gov.in/dataRepository/download_file?file_name=Raw_data/15Min/2018/site_1560_Bawana_Delhi_DPCC_15Min.csv,https://airquality.cpcb.gov.in/dataRepository/download_file?file_name=Raw_data/15Min/2017/site_1560_Bawana_Delhi_DPCC_15Min.csv
site_1561,"Mundka, Delhi - DPCC",Delhi,Delhi,https://airquality.cpcb.gov.in/dataRepository/download_file?file_name=Raw_data/15Min/2026/site_1561_Mundka_Delhi_DPCC_15Min.csv,https://airquality.cpcb.gov.in/dataRepository/download_file?file_name=Raw_data/15Min/2025/site_1561_Mundka_Delhi_DPCC_15Min.csv,https://airquality.cpcb.gov.in/dataRepository/download_file?file_name=Raw_data/15Min/2024/site_1561_Mundka_Delhi_DPCC_15Min.csv,https://airquality.cpcb.gov.in/dataRepository/download_file?file_name=Raw_data/15Min/2023/site_1561_Mundka_Delhi_DPCC_15Min.csv,https://airquality.cpcb.gov.in/dataRepository/download_file?file_name=Raw_data/15Min/2022/site_1561_Mundka_Delhi_DPCC_15Min.csv,https://airquality.cpcb.gov.in/dataRepository/download_file?file_name=Raw_data/15Min/2021/site_1561_Mundka_Delhi_DPCC_15Min.csv,https://airquality.cpcb.gov.in/dataRepository/download_file?file_name=Raw_data/15Min/2020/site_1561_Mundka_Delhi_DPCC_15Min.csv,https://airquality.cpcb.gov.in/dataRepository/download_file?file_name=Raw_data/15Min/2019/site_1561_Mundka_Delhi_DPCC_15Min.csv,https://airquality.cpcb.gov.in/dataRepository/download_file?file_name=Raw_data/15Min/2018/site_1561_Mundka_Delhi_DPCC_15Min.csv,https://airquality.cpcb.gov.in/dataRepository/download_file?file_name=Raw_data/15Min/2017/site_1561_Mundka_Delhi_DPCC_15Min.csv
site_1562,"Sri Aurobindo Marg, Delhi - DPCC",Delhi,Delhi,https://airquality.cpcb.gov.in/dataRepository/download_file?file_name=Raw_data/15Min/2026/site_1562_Sri_Aurobindo_Marg_Delhi_DPCC_15Min.csv,https://airquality.cpcb.gov.in/dataRepository/download_file?file_name=Raw_data/15Min/2025/site_1562_Sri_Aurobindo_Marg_Delhi_DPCC_15Min.csv,https://airquality.cpcb.gov.in/dataRepository/download_file?file_name=Raw_data/15Min/2024/site_1562_Sri_Aurobindo_Marg_Delhi_DPCC_15Min.csv,https://airquality.cpcb.gov.in/dataRepository/download_file?file_name=Raw_data/15Min/2023/site_1562_Sri_Aurobindo_Marg_Delhi_DPCC_15Min.csv,https://airquality.cpcb.gov.in/dataRepository/download_file?file_name=Raw_data/15Min/2022/site_1562_Sri_Aurobindo_Marg_Delhi_DPCC_15Min.csv,https://airquality.cpcb.gov.in/dataRepository/download_file?file_name=Raw_data/15Min/2021/site_1562_Sri_Aurobindo_Marg_Delhi_DPCC_15Min.csv,https://airquality.cpcb.gov.in/dataRepository/download_file?file_name=Raw_data/15Min/2020/site_1562_Sri_Aurobindo_Marg_Delhi_DPCC_15Min.csv,https://airquality.cpcb.gov.in/dataRepository/download_file?file_name=Raw_data/15Min/2019/site_1562_Sri_Aurobindo_Marg_Delhi_DPCC_15Min.csv,https://airquality.cpcb.gov.in/dataRepository/download_file?file_name=Raw_data/15Min/2018/site_1562_Sri_Aurobindo_Marg_Delhi_DPCC_15Min.csv,https://airquality.cpcb.gov.in/dataRepository/download_file?file_name=Raw_data/15Min/2017/site_1562_Sri_Aurobindo_Marg_Delhi_DPCC_15Min.csv
site_1563,"Pusa, Delhi - DPCC",Delhi,Delhi,https://airquality.cpcb.gov.in/dataRepository/download_file?file_name=Raw_data/15Min/2026/site_1563_Pusa_Delhi_DPCC_15Min.csv,https://airquality.cpcb.gov.in/dataRepository/download_file?file_name=Raw_data/15Min/2025/site_1563_Pusa_Delhi_DPCC_15Min.csv,https://airquality.cpcb.gov.in/dataRepository/download_file?file_name=Raw_data/15Min/2024/site_1563_Pusa_Delhi_DPCC_15Min.csv,https://airquality.cpcb.gov.in/dataRepository/download_file?file_name=Raw_data/15Min/2023/site_1563_Pusa_Delhi_DPCC_15Min.csv,https://airquality.cpcb.gov.in/dataRepository/download_file?file_name=Raw_data/15Min/2022/site_1563_Pusa_Delhi_DPCC_15Min.csv,https://airquality.cpcb.gov.in/dataRepository/download_file?file_name=Raw_data/15Min/2021/site_1563_Pusa_Delhi_DPCC_15Min.csv,https://airquality.cpcb.gov.in/dataRepository/download_file?file_name=Raw_data/15Min/2020/site_1563_Pusa_Delhi_DPCC_15Min.csv,https://airquality.cpcb.gov.in/dataRepository/download_file?file_name=Raw_data/15Min/2019/site_1563_Pusa_Delhi_DPCC_15Min.csv,https://airquality.cpcb.gov.in/dataRepository/download_file?file_name=Raw_data/15Min/2018/site_1563_Pusa_Delhi_DPCC_15Min.csv,https://airquality.cpcb.gov.in/dataRepository/download_file?file_name=Raw_data/15Min/2017/site_1563_Pusa_Delhi_DPCC_15Min.csv
site_1565,"Lal Bahadur Shastri Nagar, Kalaburagi - KSPCB",Kalaburagi,Karnataka,https://airquality.cpcb.gov.in/dataRepository/download_file?file_name=Raw_data/15Min/2026/site_1565_Lal_Bahadur_Shastri_Nagar_Kalaburagi_KSPCB_15Min.csv,https://airquality.cpcb.gov.in/dataRepository/download_file?file_name=Raw_data/15Min/2025/site_1565_Lal_Bahadur_Shastri_Nagar_Kalaburagi_KSPCB_15Min.csv,https://airquality.cpcb.gov.in/dataRepository/download_file?file_name=Raw_data/15Min/2024/site_1565_Lal_Bahadur_Shastri_Nagar_Kalaburagi_KSPCB_15Min.csv,https://airquality.cpcb.gov.in/dataRepository/download_file?file_name=Raw_data/15Min/2023/site_1565_Lal_Bahadur_Shastri_Nagar_Kalaburagi_KSPCB_15Min.csv,https://airquality.cpcb.gov.in/dataRepository/download_file?file_name=Raw_data/15Min/2022/site_1565_Lal_Bahadur_Shastri_Nagar_Kalaburagi_KSPCB_15Min.csv,https://airquality.cpcb.gov.in/dataRepository/download_file?file_name=Raw_data/15Min/2021/site_1565_Lal_Bahadur_Shastri_Nagar_Kalaburagi_KSPCB_15Min.csv,https://airquality.cpcb.gov.in/dataRepository/download_file?file_name=Raw_data/15Min/2020/site_1565_Lal_Bahadur_Shastri_Nagar_Kalaburagi_KSPCB_15Min.csv,https://airquality.cpcb.gov.in/dataRepository/download_file?file_name=Raw_data/15Min/2019/site_1565_Lal_Bahadur_Shastri_Nagar_Kalaburagi_KSPCB_15Min.csv,https://airquality.cpcb.gov.in/dataRepository/download_file?file_name=Raw_data/15Min/2018/site_1565_Lal_Bahadur_Shastri_Nagar_Kalaburagi_KSPCB_15Min.csv,https://airquality.cpcb.gov.in/dataRepository/download_file?file_name=Raw_data/15Min/2017/site_1565_Lal_Bahadur_Shastri_Nagar_Kalaburagi_KSPCB_15Min.csv
site_1569,"New Collectorate, Baghpat - UPPCB",Baghpat,Uttar Pradesh,,https://airquality.cpcb.gov.in/dataRepository/download_file?file_name=Raw_data/15Min/2025/site_1569_New_Collectorate_Baghpat_UPPCB_15Min.csv,https://airquality.cpcb.gov.in/dataRepository/download_file?file_name=Raw_data/15Min/2024/site_1569_New_Collectorate_Baghpat_UPPCB_15Min.csv,https://airquality.cpcb.gov.in/dataRepository/download_file?file_name=Raw_data/15Min/2023/site_1569_New_Collectorate_Baghpat_UPPCB_15Min.csv,https://airquality.cpcb.gov.in/dataRepository/download_file?file_name=Raw_data/15Min/2022/site_1569_New_Collectorate_Baghpat_UPPCB_15Min.csv,https://airquality.cpcb.gov.in/dataRepository/download_file?file_name=Raw_data/15Min/2021/site_1569_New_Collectorate_Baghpat_UPPCB_15Min.csv,https://airquality.cpcb.gov.in/dataRepository/download_file?file_name=Raw_data/15Min/2020/site_1569_New_Collectorate_Baghpat_UPPCB_15Min.csv,https://airquality.cpcb.gov.in/dataRepository/download_file?file_name=Raw_data/15Min/2019/site_1569_New_Collectorate_Baghpat_UPPCB_15Min.csv,https://airquality.cpcb.gov.in/dataRepository/download_file?file_name=Raw_data/15Min/2018/site_1569_New_Collectorate_Baghpat_UPPCB_15Min.csv,https://airquality.cpcb.gov.in/dataRepository/download_file?file_name=Raw_data/15Min/2017/site_1569_New_Collectorate_Baghpat_UPPCB_15Min.csv
site_157,"IGSC Planetarium Complex, Patna - BSPCB",Patna,Bihar,https://airquality.cpcb.gov.in/dataRepository/download_file?file_name=Raw_data/15Min/2026/site_157_IGSC_Planetarium_Complex_Patna_BSPCB_15Min.csv,https://airquality.cpcb.gov.in/dataRepository/download_file?file_name=Raw_data/15Min/2025/site_157_IGSC_Planetarium_Complex_Patna_BSPCB_15Min.csv,https://airquality.cpcb.gov.in/dataRepository/download_file?file_name=Raw_data/15Min/2024/site_157_IGSC_Planetarium_Complex_Patna_BSPCB_15Min.csv,https://airquality.cpcb.gov.in/dataRepository/download_file?file_name=Raw_data/15Min/2023/site_157_IGSC_Planetarium_Complex_Patna_BSPCB_15Min.csv,https://airquality.cpcb.gov.in/dataRepository/download_file?file_name=Raw_data/15Min/2022/site_157_IGSC_Planetarium_Complex_Patna_BSPCB_15Min.csv,https://airquality.cpcb.gov.in/dataRepository/download_file?file_name=Raw_data/15Min/2021/site_157_IGSC_Planetarium_Complex_Patna_BSPCB_15Min.csv,https://airquality.cpcb.gov.in/dataRepository/download_file?file_name=Raw_data/15Min/2020/site_157_IGSC_Planetarium_Complex_Patna_BSPCB_15Min.csv,https://airquality.cpcb.gov.in/dataRepository/download_file?file_name=Raw_data/15Min/2019/site_157_IGSC_Planetarium_Complex_Patna_BSPCB_15Min.csv,https://airquality.cpcb.gov.in/dataRepository/download_file?file_name=Raw_data/15Min/2018/site_157_IGSC_Planetarium_Complex_Patna_BSPCB_15Min.csv,https://airquality.cpcb.gov.in/dataRepository/download_file?file_name=Raw_data/15Min/2017/site_157_IGSC_Planetarium_Complex_Patna_BSPCB_15Min.csv
site_158,"Muzaffarpur Collectorate, Muzaffarpur - BSPCB",Muzaffarpur,Bihar,https://airquality.cpcb.gov.in/dataRepository/download_file?file_name=Raw_data/15Min/2026/site_158_Muzaffarpur_Collectorate_Muzaffarpur_BSPCB_15Min.csv,https://airquality.cpcb.gov.in/dataRepository/download_file?file_name=Raw_data/15Min/2025/site_158_Muzaffarpur_Collectorate_Muzaffarpur_BSPCB_15Min.csv,https://airquality.cpcb.gov.in/dataRepository/download_file?file_name=Raw_data/15Min/2024/site_158_Muzaffarpur_Collectorate_Muzaffarpur_BSPCB_15Min.csv,https://airquality.cpcb.gov.in/dataRepository/download_file?file_name=Raw_data/15Min/2023/site_158_Muzaffarpur_Collectorate_Muzaffarpur_BSPCB_15Min.csv,https://airquality.cpcb.gov.in/dataRepository/download_file?file_name=Raw_data/15Min/2022/site_158_Muzaffarpur_Collectorate_Muzaffarpur_BSPCB_15Min.csv,https://airquality.cpcb.gov.in/dataRepository/download_file?file_name=Raw_data/15Min/2021/site_158_Muzaffarpur_Collectorate_Muzaffarpur_BSPCB_15Min.csv,https://airquality.cpcb.gov.in/dataRepository/download_file?file_name=Raw_data/15Min/2020/site_158_Muzaffarpur_Collectorate_Muzaffarpur_BSPCB_15Min.csv,https://airquality.cpcb.gov.in/dataRepository/download_file?file_name=Raw_data/15Min/2019/site_158_Muzaffarpur_Collectorate_Muzaffarpur_BSPCB_15Min.csv,https://airquality.cpcb.gov.in/dataRepository/download_file?file_name=Raw_data/15Min/2018/site_158_Muzaffarpur_Collectorate_Muzaffarpur_BSPCB_15Min.csv,https://airquality.cpcb.gov.in/dataRepository/download_file?file_name=Raw_data/15Min/2017/site_158_Muzaffarpur_Collectorate_Muzaffarpur_BSPCB_15Min.csv
site_159,"Collectorate, Gaya - BSPCB",Gaya,Bihar,https://airquality.cpcb.gov.in/dataRepository/download_file?file_name=Raw_data/15Min/2026/site_159_Collectorate_Gaya_BSPCB_15Min.csv,https://airquality.cpcb.gov.in/dataRepository/download_file?file_name=Raw_data/15Min/2025/site_159_Collectorate_Gaya_BSPCB_15Min.csv,https://airquality.cpcb.gov.in/dataRepository/download_file?file_name=Raw_data/15Min/2024/site_159_Collectorate_Gaya_BSPCB_15Min.csv,https://airquality.cpcb.gov.in/dataRepository/download_file?file_name=Raw_data/15Min/2023/site_159_Collectorate_Gaya_BSPCB_15Min.csv,https://airquality.cpcb.gov.in/dataRepository/download_file?file_name=Raw_data/15Min/2022/site_159_Collectorate_Gaya_BSPCB_15Min.csv,https://airquality.cpcb.gov.in/dataRepository/download_file?file_name=Raw_data/15Min/2021/site_159_Collectorate_Gaya_BSPCB_15Min.csv,https://airquality.cpcb.gov.in/dataRepository/download_file?file_name=Raw_data/15Min/2020/site_159_Collectorate_Gaya_BSPCB_15Min.csv,https://airquality.cpcb.gov.in/dataRepository/download_file?file_name=Raw_data/15Min/2019/site_159_Collectorate_Gaya_BSPCB_15Min.csv,https://airquality.cpcb.gov.in/dataRepository/download_file?file_name=Raw_data/15Min/2018/site_159_Collectorate_Gaya_BSPCB_15Min.csv,https://airquality.cpcb.gov.in/dataRepository/download_file?file_name=Raw_data/15Min/2017/site_159_Collectorate_Gaya_BSPCB_15Min.csv
site_161,"Sector-6, Panchkula - HSPCB ",Panchkula,Haryana,,https://airquality.cpcb.gov.in/dataRepository/download_file?file_name=Raw_data/15Min/2025/site_161_Sector-6_Panchkula_HSPCB__15Min.csv,https://airquality.cpcb.gov.in/dataRepository/download_file?file_name=Raw_data/15Min/2024/site_161_Sector-6_Panchkula_HSPCB__15Min.csv,https://airquality.cpcb.gov.in/dataRepository/download_file?file_name=Raw_data/15Min/2023/site_161_Sector-6_Panchkula_HSPCB__15Min.csv,https://airquality.cpcb.gov.in/dataRepository/download_file?file_name=Raw_data/15Min/2022/site_161_Sector-6_Panchkula_HSPCB__15Min.csv,https://airquality.cpcb.gov.in/dataRepository/download_file?file_name=Raw_data/15Min/2021/site_161_Sector-6_Panchkula_HSPCB__15Min.csv,https://airquality.cpcb.gov.in/dataRepository/download_file?file_name=Raw_data/15Min/2020/site_161_Sector-6_Panchkula_HSPCB__15Min.csv,https://airquality.cpcb.gov.in/dataRepository/download_file?file_name=Raw_data/15Min/2019/site_161_Sector-6_Panchkula_HSPCB__15Min.csv,https://airquality.cpcb.gov.in/dataRepository/download_file?file_name=Raw_data/15Min/2018/site_161_Sector-6_Panchkula_HSPCB__15Min.csv,https://airquality.cpcb.gov.in/dataRepository/download_file?file_name=Raw_data/15Min/2017/site_161_Sector-6_Panchkula_HSPCB__15Min.csv
site_162,"BTM Layout, Bengaluru - CPCB",Bengaluru,Karnataka,https://airquality.cpcb.gov.in/dataRepository/download_file?file_name=Raw_data/15Min/2026/site_162_BTM_Layout_Bengaluru_CPCB_15Min.csv,https://airquality.cpcb.gov.in/dataRepository/download_file?file_name=Raw_data/15Min/2025/site_162_BTM_Layout_Bengaluru_CPCB_15Min.csv,https://airquality.cpcb.gov.in/dataRepository/download_file?file_name=Raw_data/15Min/2024/site_162_BTM_Layout_Bengaluru_CPCB_15Min.csv,https://airquality.cpcb.gov.in/dataRepository/download_file?file_name=Raw_data/15Min/2023/site_162_BTM_Layout_Bengaluru_CPCB_15Min.csv,https://airquality.cpcb.gov.in/dataRepository/download_file?file_name=Raw_data/15Min/2022/site_162_BTM_Layout_Bengaluru_CPCB_15Min.csv,https://airquality.cpcb.gov.in/dataRepository/download_file?file_name=Raw_data/15Min/2021/site_162_BTM_Layout_Bengaluru_CPCB_15Min.csv,https://airquality.cpcb.gov.in/dataRepository/download_file?file_name=Raw_data/15Min/2020/site_162_BTM_Layout_Bengaluru_CPCB_15Min.csv,https://airquality.cpcb.gov.in/dataRepository/download_file?file_name=Raw_data/15Min/2019/site_162_BTM_Layout_Bengaluru_CPCB_15Min.csv,https://airquality.cpcb.gov.in/dataRepository/download_file?file_name=Raw_data/15Min/2018/site_162_BTM_Layout_Bengaluru_CPCB_15Min.csv,https://airquality.cpcb.gov.in/dataRepository/download_file?file_name=Raw_data/15Min/2017/site_162_BTM_Layout_Bengaluru_CPCB_15Min.csv
site_163,"Peenya, Bengaluru - CPCB",Bengaluru,Karnataka,https://airquality.cpcb.gov.in/dataRepository/download_file?file_name=Raw_data/15Min/2026/site_163_Peenya_Bengaluru_CPCB_15Min.csv,https://airquality.cpcb.gov.in/dataRepository/download_file?file_name=Raw_data/15Min/2025/site_163_Peenya_Bengaluru_CPCB_15Min.csv,https://airquality.cpcb.gov.in/dataRepository/download_file?file_name=Raw_data/15Min/2024/site_163_Peenya_Bengaluru_CPCB_15Min.csv,https://airquality.cpcb.gov.in/dataRepository/download_file?file_name=Raw_data/15Min/2023/site_163_Peenya_Bengaluru_CPCB_15Min.csv,https://airquality.cpcb.gov.in/dataRepository/download_file?file_name=Raw_data/15Min/2022/site_163_Peenya_Bengaluru_CPCB_15Min.csv,https://airquality.cpcb.gov.in/dataRepository/download_file?file_name=Raw_data/15Min/2021/site_163_Peenya_Bengaluru_CPCB_15Min.csv,https://airquality.cpcb.gov.in/dataRepository/download_file?file_name=Raw_data/15Min/2020/site_163_Peenya_Bengaluru_CPCB_15Min.csv,https://airquality.cpcb.gov.in/dataRepository/download_file?file_name=Raw_data/15Min/2019/site_163_Peenya_Bengaluru_CPCB_15Min.csv,https://airquality.cpcb.gov.in/dataRepository/download_file?file_name=Raw_data/15Min/2018/site_163_Peenya_Bengaluru_CPCB_15Min.csv,https://airquality.cpcb.gov.in/dataRepository/download_file?file_name=Raw_data/15Min/2017/site_163_Peenya_Bengaluru_CPCB_15Min.csv
site_164,"BWSSB Kadabesanahalli, Bengaluru - CPCB",Bengaluru,Karnataka,https://airquality.cpcb.gov.in/dataRepository/download_file?file_name=Raw_data/15Min/2026/site_164_BWSSB_Kadabesanahalli_Bengaluru_CPCB_15Min.csv,https://airquality.cpcb.gov.in/dataRepository/download_file?file_name=Raw_data/15Min/2025/site_164_BWSSB_Kadabesanahalli_Bengaluru_CPCB_15Min.csv,,https://airquality.cpcb.gov.in/dataRepository/download_file?file_name=Raw_data/15Min/2023/site_164_BWSSB_Kadabesanahalli_Bengaluru_CPCB_15Min.csv,https://airquality.cpcb.gov.in/dataRepository/download_file?file_name=Raw_data/15Min/2022/site_164_BWSSB_Kadabesanahalli_Bengaluru_CPCB_15Min.csv,https://airquality.cpcb.gov.in/dataRepository/download_file?file_name=Raw_data/15Min/2021/site_164_BWSSB_Kadabesanahalli_Bengaluru_CPCB_15Min.csv,https://airquality.cpcb.gov.in/dataRepository/download_file?file_name=Raw_data/15Min/2020/site_164_BWSSB_Kadabesanahalli_Bengaluru_CPCB_15Min.csv,https://airquality.cpcb.gov.in/dataRepository/download_file?file_name=Raw_data/15Min/2019/site_164_BWSSB_Kadabesanahalli_Bengaluru_CPCB_15Min.csv,https://airquality.cpcb.gov.in/dataRepository/download_file?file_name=Raw_data/15Min/2018/site_164_BWSSB_Kadabesanahalli_Bengaluru_CPCB_15Min.csv,https://airquality.cpcb.gov.in/dataRepository/download_file?file_name=Raw_data/15Min/2017/site_164_BWSSB_Kadabesanahalli_Bengaluru_CPCB_15Min.csv
site_165,"City Railway Station, Bengaluru - KSPCB",Bengaluru,Karnataka,https://airquality.cpcb.gov.in/dataRepository/download_file?file_name=Raw_data/15Min/2026/site_165_City_Railway_Station_Bengaluru_KSPCB_15Min.csv,https://airquality.cpcb.gov.in/dataRepository/download_file?file_name=Raw_data/15Min/2025/site_165_City_Railway_Station_Bengaluru_KSPCB_15Min.csv,https://airquality.cpcb.gov.in/dataRepository/download_file?file_name=Raw_data/15Min/2024/site_165_City_Railway_Station_Bengaluru_KSPCB_15Min.csv,https://airquality.cpcb.gov.in/dataRepository/download_file?file_name=Raw_data/15Min/2023/site_165_City_Railway_Station_Bengaluru_KSPCB_15Min.csv,https://airquality.cpcb.gov.in/dataRepository/download_file?file_name=Raw_data/15Min/2022/site_165_City_Railway_Station_Bengaluru_KSPCB_15Min.csv,https://airquality.cpcb.gov.in/dataRepository/download_file?file_name=Raw_data/15Min/2021/site_165_City_Railway_Station_Bengaluru_KSPCB_15Min.csv,https://airquality.cpcb.gov.in/dataRepository/download_file?file_name=Raw_data/15Min/2020/site_165_City_Railway_Station_Bengaluru_KSPCB_15Min.csv,https://airquality.cpcb.gov.in/dataRepository/download_file?file_name=Raw_data/15Min/2019/site_165_City_Railway_Station_Bengaluru_KSPCB_15Min.csv,https://airquality.cpcb.gov.in/dataRepository/download_file?file_name=Raw_data/15Min/2018/site_165_City_Railway_Station_Bengaluru_KSPCB_15Min.csv,https://airquality.cpcb.gov.in/dataRepository/download_file?file_name=Raw_data/15Min/2017/site_165_City_Railway_Station_Bengaluru_KSPCB_15Min.csv
site_166,"Sanegurava Halli, Bengaluru - KSPCB",Bengaluru,Karnataka,https://airquality.cpcb.gov.in/dataRepository/download_file?file_name=Raw_data/15Min/2026/site_166_Sanegurava_Halli_Bengaluru_KSPCB_15Min.csv,https://airquality.cpcb.gov.in/dataRepository/download_file?file_name=Raw_data/15Min/2025/site_166_Sanegurava_Halli_Bengaluru_KSPCB_15Min.csv,https://airquality.cpcb.gov.in/dataRepository/download_file?file_name=Raw_data/15Min/2024/site_166_Sanegurava_Halli_Bengaluru_KSPCB_15Min.csv,https://airquality.cpcb.gov.in/dataRepository/download_file?file_name=Raw_data/15Min/2023/site_166_Sanegurava_Halli_Bengaluru_KSPCB_15Min.csv,https://airquality.cpcb.gov.in/dataRepository/download_file?file_name=Raw_data/15Min/2022/site_166_Sanegurava_Halli_Bengaluru_KSPCB_15Min.csv,https://airquality.cpcb.gov.in/dataRepository/download_file?file_name=Raw_data/15Min/2021/site_166_Sanegurava_Halli_Bengaluru_KSPCB_15Min.csv,https://airquality.cpcb.gov.in/dataRepository/download_file?file_name=Raw_data/15Min/2020/site_166_Sanegurava_Halli_Bengaluru_KSPCB_15Min.csv,https://airquality.cpcb.gov.in/dataRepository/download_file?file_name=Raw_data/15Min/2019/site_166_Sanegurava_Halli_Bengaluru_KSPCB_15Min.csv,https://airquality.cpcb.gov.in/dataRepository/download_file?file_name=Raw_data/15Min/2018/site_166_Sanegurava_Halli_Bengaluru_KSPCB_15Min.csv,https://airquality.cpcb.gov.in/dataRepository/download_file?file_name=Raw_data/15Min/2017/site_166_Sanegurava_Halli_Bengaluru_KSPCB_15Min.csv
site_168,"Bandra, Mumbai - MPCB",Mumbai,Maharashtra,https://airquality.cpcb.gov.in/dataRepository/download_file?file_name=Raw_data/15Min/2026/site_168_Bandra_Mumbai_MPCB_15Min.csv,https://airquality.cpcb.gov.in/dataRepository/download_file?file_name=Raw_data/15Min/2025/site_168_Bandra_Mumbai_MPCB_15Min.csv,https://airquality.cpcb.gov.in/dataRepository/download_file?file_name=Raw_data/15Min/2024/site_168_Bandra_Mumbai_MPCB_15Min.csv,https://airquality.cpcb.gov.in/dataRepository/download_file?file_name=Raw_data/15Min/2023/site_168_Bandra_Mumbai_MPCB_15Min.csv,https://airquality.cpcb.gov.in/dataRepository/download_file?file_name=Raw_data/15Min/2022/site_168_Bandra_Mumbai_MPCB_15Min.csv,https://airquality.cpcb.gov.in/dataRepository/download_file?file_name=Raw_data/15Min/2021/site_168_Bandra_Mumbai_MPCB_15Min.csv,https://airquality.cpcb.gov.in/dataRepository/download_file?file_name=Raw_data/15Min/2020/site_168_Bandra_Mumbai_MPCB_15Min.csv,https://airquality.cpcb.gov.in/dataRepository/download_file?file_name=Raw_data/15Min/2019/site_168_Bandra_Mumbai_MPCB_15Min.csv,https://airquality.cpcb.gov.in/dataRepository/download_file?file_name=Raw_data/15Min/2018/site_168_Bandra_Mumbai_MPCB_15Min.csv,https://airquality.cpcb.gov.in/dataRepository/download_file?file_name=Raw_data/15Min/2017/site_168_Bandra_Mumbai_MPCB_15Min.csv
site_198,"More Chowk Waluj, Aurangabad - MPCB",Aurangabad,Maharashtra,https://airquality.cpcb.gov.in/dataRepository/download_file?file_name=Raw_data/15Min/2026/site_198_More_Chowk_Waluj_Aurangabad_MPCB_15Min.csv,https://airquality.cpcb.gov.in/dataRepository/download_file?file_name=Raw_data/15Min/2025/site_198_More_Chowk_Waluj_Aurangabad_MPCB_15Min.csv,https://airquality.cpcb.gov.in/dataRepository/download_file?file_name=Raw_data/15Min/2024/site_198_More_Chowk_Waluj_Aurangabad_MPCB_15Min.csv,https://airquality.cpcb.gov.in/dataRepository/download_file?file_name=Raw_data/15Min/2023/site_198_More_Chowk_Waluj_Aurangabad_MPCB_15Min.csv,https://airquality.cpcb.gov.in/dataRepository/download_file?file_name=Raw_data/15Min/2022/site_198_More_Chowk_Waluj_Aurangabad_MPCB_15Min.csv,https://airquality.cpcb.gov.in/dataRepository/download_file?file_name=Raw_data/15Min/2021/site_198_More_Chowk_Waluj_Aurangabad_MPCB_15Min.csv,https://airquality.cpcb.gov.in/dataRepository/download_file?file_name=Raw_data/15Min/2020/site_198_More_Chowk_Waluj_Aurangabad_MPCB_15Min.csv,https://airquality.cpcb.gov.in/dataRepository/download_file?file_name=Raw_data/15Min/2019/site_198_More_Chowk_Waluj_Aurangabad_MPCB_15Min.csv,https://airquality.cpcb.gov.in/dataRepository/download_file?file_name=Raw_data/15Min/2018/site_198_More_Chowk_Waluj_Aurangabad_MPCB_15Min.csv,https://airquality.cpcb.gov.in/dataRepository/download_file?file_name=Raw_data/15Min/2017/site_198_More_Chowk_Waluj_Aurangabad_MPCB_15Min.csv
site_199,"Bollaram Industrial Area, Hyderabad - TSPCB",Hyderabad,Telangana,https://airquality.cpcb.gov.in/dataRepository/download_file?file_name=Raw_data/15Min/2026/site_199_Bollaram_Industrial_Area_Hyderabad_TSPCB_15Min.csv,https://airquality.cpcb.gov.in/dataRepository/download_file?file_name=Raw_data/15Min/2025/site_199_Bollaram_Industrial_Area_Hyderabad_TSPCB_15Min.csv,https://airquality.cpcb.gov.in/dataRepository/download_file?file_name=Raw_data/15Min/2024/site_199_Bollaram_Industrial_Area_Hyderabad_TSPCB_15Min.csv,https://airquality.cpcb.gov.in/dataRepository/download_file?file_name=Raw_data/15Min/2023/site_199_Bollaram_Industrial_Area_Hyderabad_TSPCB_15Min.csv,https://airquality.cpcb.gov.in/dataRepository/download_file?file_name=Raw_data/15Min/2022/site_199_Bollaram_Industrial_Area_Hyderabad_TSPCB_15Min.csv,https://airquality.cpcb.gov.in/dataRepository/download_file?file_name=Raw_data/15Min/2021/site_199_Bollaram_Industrial_Area_Hyderabad_TSPCB_15Min.csv,https://airquality.cpcb.gov.in/dataRepository/download_file?file_name=Raw_data/15Min/2020/site_199_Bollaram_Industrial_Area_Hyderabad_TSPCB_15Min.csv,https://airquality.cpcb.gov.in/dataRepository/download_file?file_name=Raw_data/15Min/2019/site_199_Bollaram_Industrial_Area_Hyderabad_TSPCB_15Min.csv,https://airquality.cpcb.gov.in/dataRepository/download_file?file_name=Raw_data/15Min/2018/site_199_Bollaram_Industrial_Area_Hyderabad_TSPCB_15Min.csv,https://airquality.cpcb.gov.in/dataRepository/download_file?file_name=Raw_data/15Min/2017/site_199_Bollaram_Industrial_Area_Hyderabad_TSPCB_15Min.csv
site_251,"ICRISAT Patancheru, Hyderabad - TSPCB",Hyderabad,Telangana,https://airquality.cpcb.gov.in/dataRepository/download_file?file_name=Raw_data/15Min/2026/site_251_ICRISAT_Patancheru_Hyderabad_TSPCB_15Min.csv,https://airquality.cpcb.gov.in/dataRepository/download_file?file_name=Raw_data/15Min/2025/site_251_ICRISAT_Patancheru_Hyderabad_TSPCB_15Min.csv,https://airquality.cpcb.gov.in/dataRepository/download_file?file_name=Raw_data/15Min/2024/site_251_ICRISAT_Patancheru_Hyderabad_TSPCB_15Min.csv,https://airquality.cpcb.gov.in/dataRepository/download_file?file_name=Raw_data/15Min/2023/site_251_ICRISAT_Patancheru_Hyderabad_TSPCB_15Min.csv,https://airquality.cpcb.gov.in/dataRepository/download_file?file_name=Raw_data/15Min/2022/site_251_ICRISAT_Patancheru_Hyderabad_TSPCB_15Min.csv,https://airquality.cpcb.gov.in/dataRepository/download_file?file_name=Raw_data/15Min/2021/site_251_ICRISAT_Patancheru_Hyderabad_TSPCB_15Min.csv,https://airquality.cpcb.gov.in/dataRepository/download_file?file_name=Raw_data/15Min/2020/site_251_ICRISAT_Patancheru_Hyderabad_TSPCB_15Min.csv,https://airquality.cpcb.gov.in/dataRepository/download_file?file_name=Raw_data/15Min/2019/site_251_ICRISAT_Patancheru_Hyderabad_TSPCB_15Min.csv,https://airquality.cpcb.gov.in/dataRepository/download_file?file_name=Raw_data/15Min/2018/site_251_ICRISAT_Patancheru_Hyderabad_TSPCB_15Min.csv,https://airquality.cpcb.gov.in/dataRepository/download_file?file_name=Raw_data/15Min/2017/site_251_ICRISAT_Patancheru_Hyderabad_TSPCB_15Min.csv
site_252,"Plammoodu, Thiruvananthapuram - Kerala PCB",Thiruvananthapuram,Kerala,https://airquality.cpcb.gov.in/dataRepository/download_file?file_name=Raw_data/15Min/2026/site_252_Plammoodu_Thiruvananthapuram_Kerala_PCB_15Min.csv,https://airquality.cpcb.gov.in/dataRepository/download_file?file_name=Raw_data/15Min/2025/site_252_Plammoodu_Thiruvananthapuram_Kerala_PCB_15Min.csv,https://airquality.cpcb.gov.in/dataRepository/download_file?file_name=Raw_data/15Min/2024/site_252_Plammoodu_Thiruvananthapuram_Kerala_PCB_15Min.csv,https://airquality.cpcb.gov.in/dataRepository/download_file?file_name=Raw_data/15Min/2023/site_252_Plammoodu_Thiruvananthapuram_Kerala_PCB_15Min.csv,https://airquality.cpcb.gov.in/dataRepository/download_file?file_name=Raw_data/15Min/2022/site_252_Plammoodu_Thiruvananthapuram_Kerala_PCB_15Min.csv,https://airquality.cpcb.gov.in/dataRepository/download_file?file_name=Raw_data/15Min/2021/site_252_Plammoodu_Thiruvananthapuram_Kerala_PCB_15Min.csv,https://airquality.cpcb.gov.in/dataRepository/download_file?file_name=Raw_data/15Min/2020/site_252_Plammoodu_Thiruvananthapuram_Kerala_PCB_15Min.csv,https://airquality.cpcb.gov.in/dataRepository/download_file?file_name=Raw_data/15Min/2019/site_252_Plammoodu_Thiruvananthapuram_Kerala_PCB_15Min.csv,https://airquality.cpcb.gov.in/dataRepository/download_file?file_name=Raw_data/15Min/2018/site_252_Plammoodu_Thiruvananthapuram_Kerala_PCB_15Min.csv,https://airquality.cpcb.gov.in/dataRepository/download_file?file_name=Raw_data/15Min/2017/site_252_Plammoodu_Thiruvananthapuram_Kerala_PCB_15Min.csv
site_253,"Punjab Agricultural University, Ludhiana - PPCB",Ludhiana,Punjab,https://airquality.cpcb.gov.in/dataRepository/download_file?file_name=Raw_data/15Min/2026/site_253_Punjab_Agricultural_University_Ludhiana_PPCB_15Min.csv,https://airquality.cpcb.gov.in/dataRepository/download_file?file_name=Raw_data/15Min/2025/site_253_Punjab_Agricultural_University_Ludhiana_PPCB_15Min.csv,https://airquality.cpcb.gov.in/dataRepository/download_file?file_name=Raw_data/15Min/2024/site_253_Punjab_Agricultural_University_Ludhiana_PPCB_15Min.csv,https://airquality.cpcb.gov.in/dataRepository/download_file?file_name=Raw_data/15Min/2023/site_253_Punjab_Agricultural_University_Ludhiana_PPCB_15Min.csv,https://airquality.cpcb.gov.in/dataRepository/download_file?file_name=Raw_data/15Min/2022/site_253_Punjab_Agricultural_University_Ludhiana_PPCB_15Min.csv,https://airquality.cpcb.gov.in/dataRepository/download_file?file_name=Raw_data/15Min/2021/site_253_Punjab_Agricultural_University_Ludhiana_PPCB_15Min.csv,https://airquality.cpcb.gov.in/dataRepository/download_file?file_name=Raw_data/15Min/2020/site_253_Punjab_Agricultural_University_Ludhiana_PPCB_15Min.csv,https://airquality.cpcb.gov.in/dataRepository/download_file?file_name=Raw_data/15Min/2019/site_253_Punjab_Agricultural_University_Ludhiana_PPCB_15Min.csv,https://airquality.cpcb.gov.in/dataRepository/download_file?file_name=Raw_data/15Min/2018/site_253_Punjab_Agricultural_University_Ludhiana_PPCB_15Min.csv,https://airquality.cpcb.gov.in/dataRepository/download_file?file_name=Raw_data/15Min/2017/site_253_Punjab_Agricultural_University_Ludhiana_PPCB_15Min.csv
site_254,"Tata Stadium, Jorapokhar - JSPCB",Jorapokhar,Jharkhand,https://airquality.cpcb.gov.in/dataRepository/download_file?file_name=Raw_data/15Min/2026/site_254_Tata_Stadium_Jorapokhar_JSPCB_15Min.csv,https://airquality.cpcb.gov.in/dataRepository/download_file?file_name=Raw_data/15Min/2025/site_254_Tata_Stadium_Jorapokhar_JSPCB_15Min.csv,https://airquality.cpcb.gov.in/dataRepository/download_file?file_name=Raw_data/15Min/2024/site_254_Tata_Stadium_Jorapokhar_JSPCB_15Min.csv,https://airquality.cpcb.gov.in/dataRepository/download_file?file_name=Raw_data/15Min/2023/site_254_Tata_Stadium_Jorapokhar_JSPCB_15Min.csv,https://airquality.cpcb.gov.in/dataRepository/download_file?file_name=Raw_data/15Min/2022/site_254_Tata_Stadium_Jorapokhar_JSPCB_15Min.csv,https://airquality.cpcb.gov.in/dataRepository/download_file?file_name=Raw_data/15Min/2021/site_254_Tata_Stadium_Jorapokhar_JSPCB_15Min.csv,https://airquality.cpcb.gov.in/dataRepository/download_file?file_name=Raw_data/15Min/2020/site_254_Tata_Stadium_Jorapokhar_JSPCB_15Min.csv,https://airquality.cpcb.gov.in/dataRepository/download_file?file_name=Raw_data/15Min/2019/site_254_Tata_Stadium_Jorapokhar_JSPCB_15Min.csv,https://airquality.cpcb.gov.in/dataRepository/download_file?file_name=Raw_data/15Min/2018/site_254_Tata_Stadium_Jorapokhar_JSPCB_15Min.csv,https://airquality.cpcb.gov.in/dataRepository/download_file?file_name=Raw_data/15Min/2017/site_254_Tata_Stadium_Jorapokhar_JSPCB_15Min.csv
site_255,"RIMT University, Mandi Gobindgarh - PPCB",Mandi Gobindgarh,Punjab,https://airquality.cpcb.gov.in/dataRepository/download_file?file_name=Raw_data/15Min/2026/site_255_RIMT_University_Mandi_Gobindgarh_PPCB_15Min.csv,https://airquality.cpcb.gov.in/dataRepository/download_file?file_name=Raw_data/15Min/2025/site_255_RIMT_University_Mandi_Gobindgarh_PPCB_15Min.csv,https://airquality.cpcb.gov.in/dataRepository/download_file?file_name=Raw_data/15Min/2024/site_255_RIMT_University_Mandi_Gobindgarh_PPCB_15Min.csv,https://airquality.cpcb.gov.in/dataRepository/download_file?file_name=Raw_data/15Min/2023/site_255_RIMT_University_Mandi_Gobindgarh_PPCB_15Min.csv,https://airquality.cpcb.gov.in/dataRepository/download_file?file_name=Raw_data/15Min/2022/site_255_RIMT_University_Mandi_Gobindgarh_PPCB_15Min.csv,https://airquality.cpcb.gov.in/dataRepository/download_file?file_name=Raw_data/15Min/2021/site_255_RIMT_University_Mandi_Gobindgarh_PPCB_15Min.csv,https://airquality.cpcb.gov.in/dataRepository/download_file?file_name=Raw_data/15Min/2020/site_255_RIMT_University_Mandi_Gobindgarh_PPCB_15Min.csv,https://airquality.cpcb.gov.in/dataRepository/download_file?file_name=Raw_data/15Min/2019/site_255_RIMT_University_Mandi_Gobindgarh_PPCB_15Min.csv,https://airquality.cpcb.gov.in/dataRepository/download_file?file_name=Raw_data/15Min/2018/site_255_RIMT_University_Mandi_Gobindgarh_PPCB_15Min.csv,https://airquality.cpcb.gov.in/dataRepository/download_file?file_name=Raw_data/15Min/2017/site_255_RIMT_University_Mandi_Gobindgarh_PPCB_15Min.csv
site_256,"Golden Temple, Amritsar - PPCB",Amritsar,Punjab,https://airquality.cpcb.gov.in/dataRepository/download_file?file_name=Raw_data/15Min/2026/site_256_Golden_Temple_Amritsar_PPCB_15Min.csv,https://airquality.cpcb.gov.in/dataRepository/download_file?file_name=Raw_data/15Min/2025/site_256_Golden_Temple_Amritsar_PPCB_15Min.csv,https://airquality.cpcb.gov.in/dataRepository/download_file?file_name=Raw_data/15Min/2024/site_256_Golden_Temple_Amritsar_PPCB_15Min.csv,https://airquality.cpcb.gov.in/dataRepository/download_file?file_name=Raw_data/15Min/2023/site_256_Golden_Temple_Amritsar_PPCB_15Min.csv,https://airquality.cpcb.gov.in/dataRepository/download_file?file_name=Raw_data/15Min/2022/site_256_Golden_Temple_Amritsar_PPCB_15Min.csv,https://airquality.cpcb.gov.in/dataRepository/download_file?file_name=Raw_data/15Min/2021/site_256_Golden_Temple_Amritsar_PPCB_15Min.csv,https://airquality.cpcb.gov.in/dataRepository/download_file?file_name=Raw_data/15Min/2020/site_256_Golden_Temple_Amritsar_PPCB_15Min.csv,https://airquality.cpcb.gov.in/dataRepository/download_file?file_name=Raw_data/15Min/2019/site_256_Golden_Temple_Amritsar_PPCB_15Min.csv,https://airquality.cpcb.gov.in/dataRepository/download_file?file_name=Raw_data/15Min/2018/site_256_Golden_Temple_Amritsar_PPCB_15Min.csv,https://airquality.cpcb.gov.in/dataRepository/download_file?file_name=Raw_data/15Min/2017/site_256_Golden_Temple_Amritsar_PPCB_15Min.csv
site_257,"PWD Grounds, Vijayawada - APPCB",Vijayawada,Andhra Pradesh,,https://airquality.cpcb.gov.in/dataRepository/download_file?file_name=Raw_data/15Min/2025/site_257_PWD_Grounds_Vijayawada_APPCB_15Min.csv,https://airquality.cpcb.gov.in/dataRepository/download_file?file_name=Raw_data/15Min/2024/site_257_PWD_Grounds_Vijayawada_APPCB_15Min.csv,https://airquality.cpcb.gov.in/dataRepository/download_file?file_name=Raw_data/15Min/2023/site_257_PWD_Grounds_Vijayawada_APPCB_15Min.csv,https://airquality.cpcb.gov.in/dataRepository/download_file?file_name=Raw_data/15Min/2022/site_257_PWD_Grounds_Vijayawada_APPCB_15Min.csv,https://airquality.cpcb.gov.in/dataRepository/download_file?file_name=Raw_data/15Min/2021/site_257_PWD_Grounds_Vijayawada_APPCB_15Min.csv,https://airquality.cpcb.gov.in/dataRepository/download_file?file_name=Raw_data/15Min/2020/site_257_PWD_Grounds_Vijayawada_APPCB_15Min.csv,https://airquality.cpcb.gov.in/dataRepository/download_file?file_name=Raw_data/15Min/2019/site_257_PWD_Grounds_Vijayawada_APPCB_15Min.csv,https://airquality.cpcb.gov.in/dataRepository/download_file?file_name=Raw_data/15Min/2018/site_257_PWD_Grounds_Vijayawada_APPCB_15Min.csv,https://airquality.cpcb.gov.in/dataRepository/download_file?file_name=Raw_data/15Min/2017/site_257_PWD_Grounds_Vijayawada_APPCB_15Min.csv
site_258,"Tirumala, Tirupati - APPCB",Tirupati,Andhra Pradesh,,,,https://airquality.cpcb.gov.in/dataRepository/download_file?file_name=Raw_data/15Min/2023/site_258_Tirumala_Tirupati_APPCB_15Min.csv,https://airquality.cpcb.gov.in/dataRepository/download_file?file_name=Raw_data/15Min/2022/site_258_Tirumala_Tirupati_APPCB_15Min.csv,https://airquality.cpcb.gov.in/dataRepository/download_file?file_name=Raw_data/15Min/2021/site_258_Tirumala_Tirupati_APPCB_15Min.csv,https://airquality.cpcb.gov.in/dataRepository/download_file?file_name=Raw_data/15Min/2020/site_258_Tirumala_Tirupati_APPCB_15Min.csv,https://airquality.cpcb.gov.in/dataRepository/download_file?file_name=Raw_data/15Min/2019/site_258_Tirumala_Tirupati_APPCB_15Min.csv,https://airquality.cpcb.gov.in/dataRepository/download_file?file_name=Raw_data/15Min/2018/site_258_Tirumala_Tirupati_APPCB_15Min.csv,https://airquality.cpcb.gov.in/dataRepository/download_file?file_name=Raw_data/15Min/2017/site_258_Tirumala_Tirupati_APPCB_15Min.csv
site_260,"GVM Corporation, Visakhapatnam - APPCB",Visakhapatnam,Andhra Pradesh,https://airquality.cpcb.gov.in/dataRepository/download_file?file_name=Raw_data/15Min/2026/site_260_GVM_Corporation_Visakhapatnam_APPCB_15Min.csv,https://airquality.cpcb.gov.in/dataRepository/download_file?file_name=Raw_data/15Min/2025/site_260_GVM_Corporation_Visakhapatnam_APPCB_15Min.csv,https://airquality.cpcb.gov.in/dataRepository/download_file?file_name=Raw_data/15Min/2024/site_260_GVM_Corporation_Visakhapatnam_APPCB_15Min.csv,https://airquality.cpcb.gov.in/dataRepository/download_file?file_name=Raw_data/15Min/2023/site_260_GVM_Corporation_Visakhapatnam_APPCB_15Min.csv,https://airquality.cpcb.gov.in/dataRepository/download_file?file_name=Raw_data/15Min/2022/site_260_GVM_Corporation_Visakhapatnam_APPCB_15Min.csv,https://airquality.cpcb.gov.in/dataRepository/download_file?file_name=Raw_data/15Min/2021/site_260_GVM_Corporation_Visakhapatnam_APPCB_15Min.csv,https://airquality.cpcb.gov.in/dataRepository/download_file?file_name=Raw_data/15Min/2020/site_260_GVM_Corporation_Visakhapatnam_APPCB_15Min.csv,https://airquality.cpcb.gov.in/dataRepository/download_file?file_name=Raw_data/15Min/2019/site_260_GVM_Corporation_Visakhapatnam_APPCB_15Min.csv,https://airquality.cpcb.gov.in/dataRepository/download_file?file_name=Raw_data/15Min/2018/site_260_GVM_Corporation_Visakhapatnam_APPCB_15Min.csv,https://airquality.cpcb.gov.in/dataRepository/download_file?file_name=Raw_data/15Min/2017/site_260_GVM_Corporation_Visakhapatnam_APPCB_15Min.csv
site_261,"Airoli, Navi Mumbai - MPCB",Navi Mumbai,Maharashtra,https://airquality.cpcb.gov.in/dataRepository/download_file?file_name=Raw_data/15Min/2026/site_261_Airoli_Navi_Mumbai_MPCB_15Min.csv,https://airquality.cpcb.gov.in/dataRepository/download_file?file_name=Raw_data/15Min/2025/site_261_Airoli_Navi_Mumbai_MPCB_15Min.csv,https://airquality.cpcb.gov.in/dataRepository/download_file?file_name=Raw_data/15Min/2024/site_261_Airoli_Navi_Mumbai_MPCB_15Min.csv,https://airquality.cpcb.gov.in/dataRepository/download_file?file_name=Raw_data/15Min/2023/site_261_Airoli_Navi_Mumbai_MPCB_15Min.csv,https://airquality.cpcb.gov.in/dataRepository/download_file?file_name=Raw_data/15Min/2022/site_261_Airoli_Navi_Mumbai_MPCB_15Min.csv,https://airquality.cpcb.gov.in/dataRepository/download_file?file_name=Raw_data/15Min/2021/site_261_Airoli_Navi_Mumbai_MPCB_15Min.csv,https://airquality.cpcb.gov.in/dataRepository/download_file?file_name=Raw_data/15Min/2020/site_261_Airoli_Navi_Mumbai_MPCB_15Min.csv,https://airquality.cpcb.gov.in/dataRepository/download_file?file_name=Raw_data/15Min/2019/site_261_Airoli_Navi_Mumbai_MPCB_15Min.csv,https://airquality.cpcb.gov.in/dataRepository/download_file?file_name=Raw_data/15Min/2018/site_261_Airoli_Navi_Mumbai_MPCB_15Min.csv,https://airquality.cpcb.gov.in/dataRepository/download_file?file_name=Raw_data/15Min/2017/site_261_Airoli_Navi_Mumbai_MPCB_15Min.csv
site_262,"Central University, Hyderabad - TSPCB",Hyderabad,Telangana,https://airquality.cpcb.gov.in/dataRepository/download_file?file_name=Raw_data/15Min/2026/site_262_Central_University_Hyderabad_TSPCB_15Min.csv,https://airquality.cpcb.gov.in/dataRepository/download_file?file_name=Raw_data/15Min/2025/site_262_Central_University_Hyderabad_TSPCB_15Min.csv,https://airquality.cpcb.gov.in/dataRepository/download_file?file_name=Raw_data/15Min/2024/site_262_Central_University_Hyderabad_TSPCB_15Min.csv,https://airquality.cpcb.gov.in/dataRepository/download_file?file_name=Raw_data/15Min/2023/site_262_Central_University_Hyderabad_TSPCB_15Min.csv,https://airquality.cpcb.gov.in/dataRepository/download_file?file_name=Raw_data/15Min/2022/site_262_Central_University_Hyderabad_TSPCB_15Min.csv,https://airquality.cpcb.gov.in/dataRepository/download_file?file_name=Raw_data/15Min/2021/site_262_Central_University_Hyderabad_TSPCB_15Min.csv,https://airquality.cpcb.gov.in/dataRepository/download_file?file_name=Raw_data/15Min/2020/site_262_Central_University_Hyderabad_TSPCB_15Min.csv,https://airquality.cpcb.gov.in/dataRepository/download_file?file_name=Raw_data/15Min/2019/site_262_Central_University_Hyderabad_TSPCB_15Min.csv,https://airquality.cpcb.gov.in/dataRepository/download_file?file_name=Raw_data/15Min/2018/site_262_Central_University_Hyderabad_TSPCB_15Min.csv,https://airquality.cpcb.gov.in/dataRepository/download_file?file_name=Raw_data/15Min/2017/site_262_Central_University_Hyderabad_TSPCB_15Min.csv
site_263,"Sector- 16A, Faridabad - HSPCB",Faridabad,Haryana,,https://airquality.cpcb.gov.in/dataRepository/download_file?file_name=Raw_data/15Min/2025/site_263_Sector-_16A_Faridabad_HSPCB_15Min.csv,https://airquality.cpcb.gov.in/dataRepository/download_file?file_name=Raw_data/15Min/2024/site_263_Sector-_16A_Faridabad_HSPCB_15Min.csv,https://airquality.cpcb.gov.in/dataRepository/download_file?file_name=Raw_data/15Min/2023/site_263_Sector-_16A_Faridabad_HSPCB_15Min.csv,https://airquality.cpcb.gov.in/dataRepository/download_file?file_name=Raw_data/15Min/2022/site_263_Sector-_16A_Faridabad_HSPCB_15Min.csv,https://airquality.cpcb.gov.in/dataRepository/download_file?file_name=Raw_data/15Min/2021/site_263_Sector-_16A_Faridabad_HSPCB_15Min.csv,https://airquality.cpcb.gov.in/dataRepository/download_file?file_name=Raw_data/15Min/2020/site_263_Sector-_16A_Faridabad_HSPCB_15Min.csv,https://airquality.cpcb.gov.in/dataRepository/download_file?file_name=Raw_data/15Min/2019/site_263_Sector-_16A_Faridabad_HSPCB_15Min.csv,https://airquality.cpcb.gov.in/dataRepository/download_file?file_name=Raw_data/15Min/2018/site_263_Sector-_16A_Faridabad_HSPCB_15Min.csv,https://airquality.cpcb.gov.in/dataRepository/download_file?file_name=Raw_data/15Min/2017/site_263_Sector-_16A_Faridabad_HSPCB_15Min.csv
site_271,"Chauhan Colony, Chandrapur - MPCB",Chandrapur,Maharashtra,https://airquality.cpcb.gov.in/dataRepository/download_file?file_name=Raw_data/15Min/2026/site_271_Chauhan_Colony_Chandrapur_MPCB_15Min.csv,https://airquality.cpcb.gov.in/dataRepository/download_file?file_name=Raw_data/15Min/2025/site_271_Chauhan_Colony_Chandrapur_MPCB_15Min.csv,https://airquality.cpcb.gov.in/dataRepository/download_file?file_name=Raw_data/15Min/2024/site_271_Chauhan_Colony_Chandrapur_MPCB_15Min.csv,https://airquality.cpcb.gov.in/dataRepository/download_file?file_name=Raw_data/15Min/2023/site_271_Chauhan_Colony_Chandrapur_MPCB_15Min.csv,,,,,,https://airquality.cpcb.gov.in/dataRepository/download_file?file_name=Raw_data/15Min/2017/site_271_Chauhan_Colony_Chandrapur_MPCB_15Min.csv
site_272,"Kendriya Vidyalaya, Lucknow - CPCB",Lucknow,Uttar Pradesh,https://airquality.cpcb.gov.in/dataRepository/download_file?file_name=Raw_data/15Min/2026/site_272_Kendriya_Vidyalaya_Lucknow_CPCB_15Min.csv,https://airquality.cpcb.gov.in/dataRepository/download_file?file_name=Raw_data/15Min/2025/site_272_Kendriya_Vidyalaya_Lucknow_CPCB_15Min.csv,https://airquality.cpcb.gov.in/dataRepository/download_file?file_name=Raw_data/15Min/2024/site_272_Kendriya_Vidyalaya_Lucknow_CPCB_15Min.csv,https://airquality.cpcb.gov.in/dataRepository/download_file?file_name=Raw_data/15Min/2023/site_272_Kendriya_Vidyalaya_Lucknow_CPCB_15Min.csv,https://airquality.cpcb.gov.in/dataRepository/download_file?file_name=Raw_data/15Min/2022/site_272_Kendriya_Vidyalaya_Lucknow_CPCB_15Min.csv,,,,https://airquality.cpcb.gov.in/dataRepository/download_file?file_name=Raw_data/15Min/2018/site_272_Kendriya_Vidyalaya_Lucknow_CPCB_15Min.csv,https://airquality.cpcb.gov.in/dataRepository/download_file?file_name=Raw_data/15Min/2017/site_272_Kendriya_Vidyalaya_Lucknow_CPCB_15Min.csv
site_273,"Ardhali Bazar, Varanasi - UPPCB",Varanasi,Uttar Pradesh,https://airquality.cpcb.gov.in/dataRepository/download_file?file_name=Raw_data/15Min/2026/site_273_Ardhali_Bazar_Varanasi_UPPCB_15Min.csv,https://airquality.cpcb.gov.in/dataRepository/download_file?file_name=Raw_data/15Min/2025/site_273_Ardhali_Bazar_Varanasi_UPPCB_15Min.csv,https://airquality.cpcb.gov.in/dataRepository/download_file?file_name=Raw_data/15Min/2024/site_273_Ardhali_Bazar_Varanasi_UPPCB_15Min.csv,https://airquality.cpcb.gov.in/dataRepository/download_file?file_name=Raw_data/15Min/2023/site_273_Ardhali_Bazar_Varanasi_UPPCB_15Min.csv,https://airquality.cpcb.gov.in/dataRepository/download_file?file_name=Raw_data/15Min/2022/site_273_Ardhali_Bazar_Varanasi_UPPCB_15Min.csv,https://airquality.cpcb.gov.in/dataRepository/download_file?file_name=Raw_data/15Min/2021/site_273_Ardhali_Bazar_Varanasi_UPPCB_15Min.csv,https://airquality.cpcb.gov.in/dataRepository/download_file?file_name=Raw_data/15Min/2020/site_273_Ardhali_Bazar_Varanasi_UPPCB_15Min.csv,https://airquality.cpcb.gov.in/dataRepository/download_file?file_name=Raw_data/15Min/2019/site_273_Ardhali_Bazar_Varanasi_UPPCB_15Min.csv,https://airquality.cpcb.gov.in/dataRepository/download_file?file_name=Raw_data/15Min/2018/site_273_Ardhali_Bazar_Varanasi_UPPCB_15Min.csv,https://airquality.cpcb.gov.in/dataRepository/download_file?file_name=Raw_data/15Min/2017/site_273_Ardhali_Bazar_Varanasi_UPPCB_15Min.csv
site_274,"Ghusuri, Howrah - WBPCB",Howrah,West Bengal,https://airquality.cpcb.gov.in/dataRepository/download_file?file_name=Raw_data/15Min/2026/site_274_Ghusuri_Howrah_WBPCB_15Min.csv,https://airquality.cpcb.gov.in/dataRepository/download_file?file_name=Raw_data/15Min/2025/site_274_Ghusuri_Howrah_WBPCB_15Min.csv,https://airquality.cpcb.gov.in/dataRepository/download_file?file_name=Raw_data/15Min/2024/site_274_Ghusuri_Howrah_WBPCB_15Min.csv,https://airquality.cpcb.gov.in/dataRepository/download_file?file_name=Raw_data/15Min/2023/site_274_Ghusuri_Howrah_WBPCB_15Min.csv,https://airquality.cpcb.gov.in/dataRepository/download_file?file_name=Raw_data/15Min/2022/site_274_Ghusuri_Howrah_WBPCB_15Min.csv,https://airquality.cpcb.gov.in/dataRepository/download_file?file_name=Raw_data/15Min/2021/site_274_Ghusuri_Howrah_WBPCB_15Min.csv,https://airquality.cpcb.gov.in/dataRepository/download_file?file_name=Raw_data/15Min/2020/site_274_Ghusuri_Howrah_WBPCB_15Min.csv,https://airquality.cpcb.gov.in/dataRepository/download_file?file_name=Raw_data/15Min/2019/site_274_Ghusuri_Howrah_WBPCB_15Min.csv,https://airquality.cpcb.gov.in/dataRepository/download_file?file_name=Raw_data/15Min/2018/site_274_Ghusuri_Howrah_WBPCB_15Min.csv,https://airquality.cpcb.gov.in/dataRepository/download_file?file_name=Raw_data/15Min/2017/site_274_Ghusuri_Howrah_WBPCB_15Min.csv
site_275,"IDA Pashamylaram, Hyderabad - TSPCB",Hyderabad,Telangana,https://airquality.cpcb.gov.in/dataRepository/download_file?file_name=Raw_data/15Min/2026/site_275_IDA_Pashamylaram_Hyderabad_TSPCB_15Min.csv,https://airquality.cpcb.gov.in/dataRepository/download_file?file_name=Raw_data/15Min/2025/site_275_IDA_Pashamylaram_Hyderabad_TSPCB_15Min.csv,https://airquality.cpcb.gov.in/dataRepository/download_file?file_name=Raw_data/15Min/2024/site_275_IDA_Pashamylaram_Hyderabad_TSPCB_15Min.csv,https://airquality.cpcb.gov.in/dataRepository/download_file?file_name=Raw_data/15Min/2023/site_275_IDA_Pashamylaram_Hyderabad_TSPCB_15Min.csv,https://airquality.cpcb.gov.in/dataRepository/download_file?file_name=Raw_data/15Min/2022/site_275_IDA_Pashamylaram_Hyderabad_TSPCB_15Min.csv,https://airquality.cpcb.gov.in/dataRepository/download_file?file_name=Raw_data/15Min/2021/site_275_IDA_Pashamylaram_Hyderabad_TSPCB_15Min.csv,https://airquality.cpcb.gov.in/dataRepository/download_file?file_name=Raw_data/15Min/2020/site_275_IDA_Pashamylaram_Hyderabad_TSPCB_15Min.csv,https://airquality.cpcb.gov.in/dataRepository/download_file?file_name=Raw_data/15Min/2019/site_275_IDA_Pashamylaram_Hyderabad_TSPCB_15Min.csv,https://airquality.cpcb.gov.in/dataRepository/download_file?file_name=Raw_data/15Min/2018/site_275_IDA_Pashamylaram_Hyderabad_TSPCB_15Min.csv,https://airquality.cpcb.gov.in/dataRepository/download_file?file_name=Raw_data/15Min/2017/site_275_IDA_Pashamylaram_Hyderabad_TSPCB_15Min.csv
site_276,"Nehru Nagar, Kanpur - UPPCB",Kanpur,Uttar Pradesh,https://airquality.cpcb.gov.in/dataRepository/download_file?file_name=Raw_data/15Min/2026/site_276_Nehru_Nagar_Kanpur_UPPCB_15Min.csv,https://airquality.cpcb.gov.in/dataRepository/download_file?file_name=Raw_data/15Min/2025/site_276_Nehru_Nagar_Kanpur_UPPCB_15Min.csv,https://airquality.cpcb.gov.in/dataRepository/download_file?file_name=Raw_data/15Min/2024/site_276_Nehru_Nagar_Kanpur_UPPCB_15Min.csv,https://airquality.cpcb.gov.in/dataRepository/download_file?file_name=Raw_data/15Min/2023/site_276_Nehru_Nagar_Kanpur_UPPCB_15Min.csv,https://airquality.cpcb.gov.in/dataRepository/download_file?file_name=Raw_data/15Min/2022/site_276_Nehru_Nagar_Kanpur_UPPCB_15Min.csv,https://airquality.cpcb.gov.in/dataRepository/download_file?file_name=Raw_data/15Min/2021/site_276_Nehru_Nagar_Kanpur_UPPCB_15Min.csv,https://airquality.cpcb.gov.in/dataRepository/download_file?file_name=Raw_data/15Min/2020/site_276_Nehru_Nagar_Kanpur_UPPCB_15Min.csv,https://airquality.cpcb.gov.in/dataRepository/download_file?file_name=Raw_data/15Min/2019/site_276_Nehru_Nagar_Kanpur_UPPCB_15Min.csv,https://airquality.cpcb.gov.in/dataRepository/download_file?file_name=Raw_data/15Min/2018/site_276_Nehru_Nagar_Kanpur_UPPCB_15Min.csv,https://airquality.cpcb.gov.in/dataRepository/download_file?file_name=Raw_data/15Min/2017/site_276_Nehru_Nagar_Kanpur_UPPCB_15Min.csv
site_277,"Lalbagh, Lucknow - CPCB",Lucknow,Uttar Pradesh,https://airquality.cpcb.gov.in/dataRepository/download_file?file_name=Raw_data/15Min/2026/site_277_Lalbagh_Lucknow_CPCB_15Min.csv,https://airquality.cpcb.gov.in/dataRepository/download_file?file_name=Raw_data/15Min/2025/site_277_Lalbagh_Lucknow_CPCB_15Min.csv,https://airquality.cpcb.gov.in/dataRepository/download_file?file_name=Raw_data/15Min/2024/site_277_Lalbagh_Lucknow_CPCB_15Min.csv,https://airquality.cpcb.gov.in/dataRepository/download_file?file_name=Raw_data/15Min/2023/site_277_Lalbagh_Lucknow_CPCB_15Min.csv,https://airquality.cpcb.gov.in/dataRepository/download_file?file_name=Raw_data/15Min/2022/site_277_Lalbagh_Lucknow_CPCB_15Min.csv,https://airquality.cpcb.gov.in/dataRepository/download_file?file_name=Raw_data/15Min/2021/site_277_Lalbagh_Lucknow_CPCB_15Min.csv,https://airquality.cpcb.gov.in/dataRepository/download_file?file_name=Raw_data/15Min/2020/site_277_Lalbagh_Lucknow_CPCB_15Min.csv,https://airquality.cpcb.gov.in/dataRepository/download_file?file_name=Raw_data/15Min/2019/site_277_Lalbagh_Lucknow_CPCB_15Min.csv,https://airquality.cpcb.gov.in/dataRepository/download_file?file_name=Raw_data/15Min/2018/site_277_Lalbagh_Lucknow_CPCB_15Min.csv,https://airquality.cpcb.gov.in/dataRepository/download_file?file_name=Raw_data/15Min/2017/site_277_Lalbagh_Lucknow_CPCB_15Min.csv
site_288,"Velachery Res. Area, Chennai - CPCB",Chennai,Tamil Nadu,https://airquality.cpcb.gov.in/dataRepository/download_file?file_name=Raw_data/15Min/2026/site_288_Velachery_Res._Area_Chennai_CPCB_15Min.csv,https://airquality.cpcb.gov.in/dataRepository/download_file?file_name=Raw_data/15Min/2025/site_288_Velachery_Res._Area_Chennai_CPCB_15Min.csv,https://airquality.cpcb.gov.in/dataRepository/download_file?file_name=Raw_data/15Min/2024/site_288_Velachery_Res._Area_Chennai_CPCB_15Min.csv,https://airquality.cpcb.gov.in/dataRepository/download_file?file_name=Raw_data/15Min/2023/site_288_Velachery_Res._Area_Chennai_CPCB_15Min.csv,https://airquality.cpcb.gov.in/dataRepository/download_file?file_name=Raw_data/15Min/2022/site_288_Velachery_Res._Area_Chennai_CPCB_15Min.csv,https://airquality.cpcb.gov.in/dataRepository/download_file?file_name=Raw_data/15Min/2021/site_288_Velachery_Res._Area_Chennai_CPCB_15Min.csv,https://airquality.cpcb.gov.in/dataRepository/download_file?file_name=Raw_data/15Min/2020/site_288_Velachery_Res._Area_Chennai_CPCB_15Min.csv,https://airquality.cpcb.gov.in/dataRepository/download_file?file_name=Raw_data/15Min/2019/site_288_Velachery_Res._Area_Chennai_CPCB_15Min.csv,https://airquality.cpcb.gov.in/dataRepository/download_file?file_name=Raw_data/15Min/2018/site_288_Velachery_Res._Area_Chennai_CPCB_15Min.csv,https://airquality.cpcb.gov.in/dataRepository/download_file?file_name=Raw_data/15Min/2017/site_288_Velachery_Res._Area_Chennai_CPCB_15Min.csv
site_292,"Karve Road, Pune - MPCB",Pune,Maharashtra,https://airquality.cpcb.gov.in/dataRepository/download_file?file_name=Raw_data/15Min/2026/site_292_Karve_Road_Pune_MPCB_15Min.csv,https://airquality.cpcb.gov.in/dataRepository/download_file?file_name=Raw_data/15Min/2025/site_292_Karve_Road_Pune_MPCB_15Min.csv,https://airquality.cpcb.gov.in/dataRepository/download_file?file_name=Raw_data/15Min/2024/site_292_Karve_Road_Pune_MPCB_15Min.csv,https://airquality.cpcb.gov.in/dataRepository/download_file?file_name=Raw_data/15Min/2023/site_292_Karve_Road_Pune_MPCB_15Min.csv,https://airquality.cpcb.gov.in/dataRepository/download_file?file_name=Raw_data/15Min/2022/site_292_Karve_Road_Pune_MPCB_15Min.csv,https://airquality.cpcb.gov.in/dataRepository/download_file?file_name=Raw_data/15Min/2021/site_292_Karve_Road_Pune_MPCB_15Min.csv,https://airquality.cpcb.gov.in/dataRepository/download_file?file_name=Raw_data/15Min/2020/site_292_Karve_Road_Pune_MPCB_15Min.csv,https://airquality.cpcb.gov.in/dataRepository/download_file?file_name=Raw_data/15Min/2019/site_292_Karve_Road_Pune_MPCB_15Min.csv,https://airquality.cpcb.gov.in/dataRepository/download_file?file_name=Raw_data/15Min/2018/site_292_Karve_Road_Pune_MPCB_15Min.csv,https://airquality.cpcb.gov.in/dataRepository/download_file?file_name=Raw_data/15Min/2017/site_292_Karve_Road_Pune_MPCB_15Min.csv
site_293,"Alandur Bus Depot, Chennai - CPCB",Chennai,Tamil Nadu,https://airquality.cpcb.gov.in/dataRepository/download_file?file_name=Raw_data/15Min/2026/site_293_Alandur_Bus_Depot_Chennai_CPCB_15Min.csv,https://airquality.cpcb.gov.in/dataRepository/download_file?file_name=Raw_data/15Min/2025/site_293_Alandur_Bus_Depot_Chennai_CPCB_15Min.csv,https://airquality.cpcb.gov.in/dataRepository/download_file?file_name=Raw_data/15Min/2024/site_293_Alandur_Bus_Depot_Chennai_CPCB_15Min.csv,https://airquality.cpcb.gov.in/dataRepository/download_file?file_name=Raw_data/15Min/2023/site_293_Alandur_Bus_Depot_Chennai_CPCB_15Min.csv,https://airquality.cpcb.gov.in/dataRepository/download_file?file_name=Raw_data/15Min/2022/site_293_Alandur_Bus_Depot_Chennai_CPCB_15Min.csv,https://airquality.cpcb.gov.in/dataRepository/download_file?file_name=Raw_data/15Min/2021/site_293_Alandur_Bus_Depot_Chennai_CPCB_15Min.csv,https://airquality.cpcb.gov.in/dataRepository/download_file?file_name=Raw_data/15Min/2020/site_293_Alandur_Bus_Depot_Chennai_CPCB_15Min.csv,https://airquality.cpcb.gov.in/dataRepository/download_file?file_name=Raw_data/15Min/2019/site_293_Alandur_Bus_Depot_Chennai_CPCB_15Min.csv,https://airquality.cpcb.gov.in/dataRepository/download_file?file_name=Raw_data/15Min/2018/site_293_Alandur_Bus_Depot_Chennai_CPCB_15Min.csv,https://airquality.cpcb.gov.in/dataRepository/download_file?file_name=Raw_data/15Min/2017/site_293_Alandur_Bus_Depot_Chennai_CPCB_15Min.csv
site_294,"Sanathnagar, Hyderabad - TSPCB",Hyderabad,Telangana,https://airquality.cpcb.gov.in/dataRepository/download_file?file_name=Raw_data/15Min/2026/site_294_Sanathnagar_Hyderabad_TSPCB_15Min.csv,https://airquality.cpcb.gov.in/dataRepository/download_file?file_name=Raw_data/15Min/2025/site_294_Sanathnagar_Hyderabad_TSPCB_15Min.csv,https://airquality.cpcb.gov.in/dataRepository/download_file?file_name=Raw_data/15Min/2024/site_294_Sanathnagar_Hyderabad_TSPCB_15Min.csv,https://airquality.cpcb.gov.in/dataRepository/download_file?file_name=Raw_data/15Min/2023/site_294_Sanathnagar_Hyderabad_TSPCB_15Min.csv,https://airquality.cpcb.gov.in/dataRepository/download_file?file_name=Raw_data/15Min/2022/site_294_Sanathnagar_Hyderabad_TSPCB_15Min.csv,https://airquality.cpcb.gov.in/dataRepository/download_file?file_name=Raw_data/15Min/2021/site_294_Sanathnagar_Hyderabad_TSPCB_15Min.csv,https://airquality.cpcb.gov.in/dataRepository/download_file?file_name=Raw_data/15Min/2020/site_294_Sanathnagar_Hyderabad_TSPCB_15Min.csv,https://airquality.cpcb.gov.in/dataRepository/download_file?file_name=Raw_data/15Min/2019/site_294_Sanathnagar_Hyderabad_TSPCB_15Min.csv,https://airquality.cpcb.gov.in/dataRepository/download_file?file_name=Raw_data/15Min/2018/site_294_Sanathnagar_Hyderabad_TSPCB_15Min.csv,https://airquality.cpcb.gov.in/dataRepository/download_file?file_name=Raw_data/15Min/2017/site_294_Sanathnagar_Hyderabad_TSPCB_15Min.csv
site_295,"MIDC Khutala, Chandrapur - MPCB",Chandrapur,Maharashtra,https://airquality.cpcb.gov.in/dataRepository/download_file?file_name=Raw_data/15Min/2026/site_295_MIDC_Khutala_Chandrapur_MPCB_15Min.csv,https://airquality.cpcb.gov.in/dataRepository/download_file?file_name=Raw_data/15Min/2025/site_295_MIDC_Khutala_Chandrapur_MPCB_15Min.csv,https://airquality.cpcb.gov.in/dataRepository/download_file?file_name=Raw_data/15Min/2024/site_295_MIDC_Khutala_Chandrapur_MPCB_15Min.csv,https://airquality.cpcb.gov.in/dataRepository/download_file?file_name=Raw_data/15Min/2023/site_295_MIDC_Khutala_Chandrapur_MPCB_15Min.csv,https://airquality.cpcb.gov.in/dataRepository/download_file?file_name=Raw_data/15Min/2022/site_295_MIDC_Khutala_Chandrapur_MPCB_15Min.csv,https://airquality.cpcb.gov.in/dataRepository/download_file?file_name=Raw_data/15Min/2021/site_295_MIDC_Khutala_Chandrapur_MPCB_15Min.csv,https://airquality.cpcb.gov.in/dataRepository/download_file?file_name=Raw_data/15Min/2020/site_295_MIDC_Khutala_Chandrapur_MPCB_15Min.csv,https://airquality.cpcb.gov.in/dataRepository/download_file?file_name=Raw_data/15Min/2019/site_295_MIDC_Khutala_Chandrapur_MPCB_15Min.csv,https://airquality.cpcb.gov.in/dataRepository/download_file?file_name=Raw_data/15Min/2018/site_295_MIDC_Khutala_Chandrapur_MPCB_15Min.csv,https://airquality.cpcb.gov.in/dataRepository/download_file?file_name=Raw_data/15Min/2017/site_295_MIDC_Khutala_Chandrapur_MPCB_15Min.csv
site_296,"Rabindra Bharati University, Kolkata - WBPCB",Kolkata,West Bengal,https://airquality.cpcb.gov.in/dataRepository/download_file?file_name=Raw_data/15Min/2026/site_296_Rabindra_Bharati_University_Kolkata_WBPCB_15Min.csv,https://airquality.cpcb.gov.in/dataRepository/download_file?file_name=Raw_data/15Min/2025/site_296_Rabindra_Bharati_University_Kolkata_WBPCB_15Min.csv,https://airquality.cpcb.gov.in/dataRepository/download_file?file_name=Raw_data/15Min/2024/site_296_Rabindra_Bharati_University_Kolkata_WBPCB_15Min.csv,https://airquality.cpcb.gov.in/dataRepository/download_file?file_name=Raw_data/15Min/2023/site_296_Rabindra_Bharati_University_Kolkata_WBPCB_15Min.csv,https://airquality.cpcb.gov.in/dataRepository/download_file?file_name=Raw_data/15Min/2022/site_296_Rabindra_Bharati_University_Kolkata_WBPCB_15Min.csv,https://airquality.cpcb.gov.in/dataRepository/download_file?file_name=Raw_data/15Min/2021/site_296_Rabindra_Bharati_University_Kolkata_WBPCB_15Min.csv,https://airquality.cpcb.gov.in/dataRepository/download_file?file_name=Raw_data/15Min/2020/site_296_Rabindra_Bharati_University_Kolkata_WBPCB_15Min.csv,https://airquality.cpcb.gov.in/dataRepository/download_file?file_name=Raw_data/15Min/2019/site_296_Rabindra_Bharati_University_Kolkata_WBPCB_15Min.csv,https://airquality.cpcb.gov.in/dataRepository/download_file?file_name=Raw_data/15Min/2018/site_296_Rabindra_Bharati_University_Kolkata_WBPCB_15Min.csv,https://airquality.cpcb.gov.in/dataRepository/download_file?file_name=Raw_data/15Min/2017/site_296_Rabindra_Bharati_University_Kolkata_WBPCB_15Min.csv
site_297,"Talkatora District Industries Center, Lucknow - CPCB",Lucknow,Uttar Pradesh,https://airquality.cpcb.gov.in/dataRepository/download_file?file_name=Raw_data/15Min/2026/site_297_Talkatora_District_Industries_Center_Lucknow_CPCB_15Min.csv,https://airquality.cpcb.gov.in/dataRepository/download_file?file_name=Raw_data/15Min/2025/site_297_Talkatora_District_Industries_Center_Lucknow_CPCB_15Min.csv,https://airquality.cpcb.gov.in/dataRepository/download_file?file_name=Raw_data/15Min/2024/site_297_Talkatora_District_Industries_Center_Lucknow_CPCB_15Min.csv,https://airquality.cpcb.gov.in/dataRepository/download_file?file_name=Raw_data/15Min/2023/site_297_Talkatora_District_Industries_Center_Lucknow_CPCB_15Min.csv,https://airquality.cpcb.gov.in/dataRepository/download_file?file_name=Raw_data/15Min/2022/site_297_Talkatora_District_Industries_Center_Lucknow_CPCB_15Min.csv,https://airquality.cpcb.gov.in/dataRepository/download_file?file_name=Raw_data/15Min/2021/site_297_Talkatora_District_Industries_Center_Lucknow_CPCB_15Min.csv,https://airquality.cpcb.gov.in/dataRepository/download_file?file_name=Raw_data/15Min/2020/site_297_Talkatora_District_Industries_Center_Lucknow_CPCB_15Min.csv,https://airquality.cpcb.gov.in/dataRepository/download_file?file_name=Raw_data/15Min/2019/site_297_Talkatora_District_Industries_Center_Lucknow_CPCB_15Min.csv,https://airquality.cpcb.gov.in/dataRepository/download_file?file_name=Raw_data/15Min/2018/site_297_Talkatora_District_Industries_Center_Lucknow_CPCB_15Min.csv,https://airquality.cpcb.gov.in/dataRepository/download_file?file_name=Raw_data/15Min/2017/site_297_Talkatora_District_Industries_Center_Lucknow_CPCB_15Min.csv
site_298,"Zoo Park, Hyderabad - TSPCB",Hyderabad,Telangana,https://airquality.cpcb.gov.in/dataRepository/download_file?file_name=Raw_data/15Min/2026/site_298_Zoo_Park_Hyderabad_TSPCB_15Min.csv,https://airquality.cpcb.gov.in/dataRepository/download_file?file_name=Raw_data/15Min/2025/site_298_Zoo_Park_Hyderabad_TSPCB_15Min.csv,https://airquality.cpcb.gov.in/dataRepository/download_file?file_name=Raw_data/15Min/2024/site_298_Zoo_Park_Hyderabad_TSPCB_15Min.csv,https://airquality.cpcb.gov.in/dataRepository/download_file?file_name=Raw_data/15Min/2023/site_298_Zoo_Park_Hyderabad_TSPCB_15Min.csv,https://airquality.cpcb.gov.in/dataRepository/download_file?file_name=Raw_data/15Min/2022/site_298_Zoo_Park_Hyderabad_TSPCB_15Min.csv,https://airquality.cpcb.gov.in/dataRepository/download_file?file_name=Raw_data/15Min/2021/site_298_Zoo_Park_Hyderabad_TSPCB_15Min.csv,https://airquality.cpcb.gov.in/dataRepository/download_file?file_name=Raw_data/15Min/2020/site_298_Zoo_Park_Hyderabad_TSPCB_15Min.csv,https://airquality.cpcb.gov.in/dataRepository/download_file?file_name=Raw_data/15Min/2019/site_298_Zoo_Park_Hyderabad_TSPCB_15Min.csv,https://airquality.cpcb.gov.in/dataRepository/download_file?file_name=Raw_data/15Min/2018/site_298_Zoo_Park_Hyderabad_TSPCB_15Min.csv,https://airquality.cpcb.gov.in/dataRepository/download_file?file_name=Raw_data/15Min/2017/site_298_Zoo_Park_Hyderabad_TSPCB_15Min.csv
site_299,"Sidhu Kanhu Indoor Stadium, Durgapur - WBPCB",Durgapur,West Bengal,,,https://airquality.cpcb.gov.in/dataRepository/download_file?file_name=Raw_data/15Min/2024/site_299_Sidhu_Kanhu_Indoor_Stadium_Durgapur_WBPCB_15Min.csv,https://airquality.cpcb.gov.in/dataRepository/download_file?file_name=Raw_data/15Min/2023/site_299_Sidhu_Kanhu_Indoor_Stadium_Durgapur_WBPCB_15Min.csv,https://airquality.cpcb.gov.in/dataRepository/download_file?file_name=Raw_data/15Min/2022/site_299_Sidhu_Kanhu_Indoor_Stadium_Durgapur_WBPCB_15Min.csv,https://airquality.cpcb.gov.in/dataRepository/download_file?file_name=Raw_data/15Min/2021/site_299_Sidhu_Kanhu_Indoor_Stadium_Durgapur_WBPCB_15Min.csv,https://airquality.cpcb.gov.in/dataRepository/download_file?file_name=Raw_data/15Min/2020/site_299_Sidhu_Kanhu_Indoor_Stadium_Durgapur_WBPCB_15Min.csv,https://airquality.cpcb.gov.in/dataRepository/download_file?file_name=Raw_data/15Min/2019/site_299_Sidhu_Kanhu_Indoor_Stadium_Durgapur_WBPCB_15Min.csv,https://airquality.cpcb.gov.in/dataRepository/download_file?file_name=Raw_data/15Min/2018/site_299_Sidhu_Kanhu_Indoor_Stadium_Durgapur_WBPCB_15Min.csv,https://airquality.cpcb.gov.in/dataRepository/download_file?file_name=Raw_data/15Min/2017/site_299_Sidhu_Kanhu_Indoor_Stadium_Durgapur_WBPCB_15Min.csv
site_300,"Priyambada Housing Estate, Haldia - WBPCB",Haldia,West Bengal,https://airquality.cpcb.gov.in/dataRepository/download_file?file_name=Raw_data/15Min/2026/site_300_Priyambada_Housing_Estate_Haldia_WBPCB_15Min.csv,https://airquality.cpcb.gov.in/dataRepository/download_file?file_name=Raw_data/15Min/2025/site_300_Priyambada_Housing_Estate_Haldia_WBPCB_15Min.csv,https://airquality.cpcb.gov.in/dataRepository/download_file?file_name=Raw_data/15Min/2024/site_300_Priyambada_Housing_Estate_Haldia_WBPCB_15Min.csv,https://airquality.cpcb.gov.in/dataRepository/download_file?file_name=Raw_data/15Min/2023/site_300_Priyambada_Housing_Estate_Haldia_WBPCB_15Min.csv,https://airquality.cpcb.gov.in/dataRepository/download_file?file_name=Raw_data/15Min/2022/site_300_Priyambada_Housing_Estate_Haldia_WBPCB_15Min.csv,https://airquality.cpcb.gov.in/dataRepository/download_file?file_name=Raw_data/15Min/2021/site_300_Priyambada_Housing_Estate_Haldia_WBPCB_15Min.csv,https://airquality.cpcb.gov.in/dataRepository/download_file?file_name=Raw_data/15Min/2020/site_300_Priyambada_Housing_Estate_Haldia_WBPCB_15Min.csv,https://airquality.cpcb.gov.in/dataRepository/download_file?file_name=Raw_data/15Min/2019/site_300_Priyambada_Housing_Estate_Haldia_WBPCB_15Min.csv,https://airquality.cpcb.gov.in/dataRepository/download_file?file_name=Raw_data/15Min/2018/site_300_Priyambada_Housing_Estate_Haldia_WBPCB_15Min.csv,https://airquality.cpcb.gov.in/dataRepository/download_file?file_name=Raw_data/15Min/2017/site_300_Priyambada_Housing_Estate_Haldia_WBPCB_15Min.csv
site_301,"Anand Vihar, Delhi - DPCC",Delhi,Delhi,https://airquality.cpcb.gov.in/dataRepository/download_file?file_name=Raw_data/15Min/2026/site_301_Anand_Vihar_Delhi_DPCC_15Min.csv,https://airquality.cpcb.gov.in/dataRepository/download_file?file_name=Raw_data/15Min/2025/site_301_Anand_Vihar_Delhi_DPCC_15Min.csv,https://airquality.cpcb.gov.in/dataRepository/download_file?file_name=Raw_data/15Min/2024/site_301_Anand_Vihar_Delhi_DPCC_15Min.csv,https://airquality.cpcb.gov.in/dataRepository/download_file?file_name=Raw_data/15Min/2023/site_301_Anand_Vihar_Delhi_DPCC_15Min.csv,https://airquality.cpcb.gov.in/dataRepository/download_file?file_name=Raw_data/15Min/2022/site_301_Anand_Vihar_Delhi_DPCC_15Min.csv,https://airquality.cpcb.gov.in/dataRepository/download_file?file_name=Raw_data/15Min/2021/site_301_Anand_Vihar_Delhi_DPCC_15Min.csv,https://airquality.cpcb.gov.in/dataRepository/download_file?file_name=Raw_data/15Min/2020/site_301_Anand_Vihar_Delhi_DPCC_15Min.csv,https://airquality.cpcb.gov.in/dataRepository/download_file?file_name=Raw_data/15Min/2019/site_301_Anand_Vihar_Delhi_DPCC_15Min.csv,https://airquality.cpcb.gov.in/dataRepository/download_file?file_name=Raw_data/15Min/2018/site_301_Anand_Vihar_Delhi_DPCC_15Min.csv,https://airquality.cpcb.gov.in/dataRepository/download_file?file_name=Raw_data/15Min/2017/site_301_Anand_Vihar_Delhi_DPCC_15Min.csv
site_302,"Solapur, Solapur - MPCB",Solapur,Maharashtra,https://airquality.cpcb.gov.in/dataRepository/download_file?file_name=Raw_data/15Min/2026/site_302_Solapur_Solapur_MPCB_15Min.csv,https://airquality.cpcb.gov.in/dataRepository/download_file?file_name=Raw_data/15Min/2025/site_302_Solapur_Solapur_MPCB_15Min.csv,https://airquality.cpcb.gov.in/dataRepository/download_file?file_name=Raw_data/15Min/2024/site_302_Solapur_Solapur_MPCB_15Min.csv,https://airquality.cpcb.gov.in/dataRepository/download_file?file_name=Raw_data/15Min/2023/site_302_Solapur_Solapur_MPCB_15Min.csv,https://airquality.cpcb.gov.in/dataRepository/download_file?file_name=Raw_data/15Min/2022/site_302_Solapur_Solapur_MPCB_15Min.csv,https://airquality.cpcb.gov.in/dataRepository/download_file?file_name=Raw_data/15Min/2021/site_302_Solapur_Solapur_MPCB_15Min.csv,https://airquality.cpcb.gov.in/dataRepository/download_file?file_name=Raw_data/15Min/2020/site_302_Solapur_Solapur_MPCB_15Min.csv,https://airquality.cpcb.gov.in/dataRepository/download_file?file_name=Raw_data/15Min/2019/site_302_Solapur_Solapur_MPCB_15Min.csv,https://airquality.cpcb.gov.in/dataRepository/download_file?file_name=Raw_data/15Min/2018/site_302_Solapur_Solapur_MPCB_15Min.csv,https://airquality.cpcb.gov.in/dataRepository/download_file?file_name=Raw_data/15Min/2017/site_302_Solapur_Solapur_MPCB_15Min.csv
site_303,"Opp GPO Civil Lines, Nagpur - MPCB",Nagpur,Maharashtra,https://airquality.cpcb.gov.in/dataRepository/download_file?file_name=Raw_data/15Min/2026/site_303_Opp_GPO_Civil_Lines_Nagpur_MPCB_15Min.csv,https://airquality.cpcb.gov.in/dataRepository/download_file?file_name=Raw_data/15Min/2025/site_303_Opp_GPO_Civil_Lines_Nagpur_MPCB_15Min.csv,https://airquality.cpcb.gov.in/dataRepository/download_file?file_name=Raw_data/15Min/2024/site_303_Opp_GPO_Civil_Lines_Nagpur_MPCB_15Min.csv,https://airquality.cpcb.gov.in/dataRepository/download_file?file_name=Raw_data/15Min/2023/site_303_Opp_GPO_Civil_Lines_Nagpur_MPCB_15Min.csv,https://airquality.cpcb.gov.in/dataRepository/download_file?file_name=Raw_data/15Min/2022/site_303_Opp_GPO_Civil_Lines_Nagpur_MPCB_15Min.csv,https://airquality.cpcb.gov.in/dataRepository/download_file?file_name=Raw_data/15Min/2021/site_303_Opp_GPO_Civil_Lines_Nagpur_MPCB_15Min.csv,https://airquality.cpcb.gov.in/dataRepository/download_file?file_name=Raw_data/15Min/2020/site_303_Opp_GPO_Civil_Lines_Nagpur_MPCB_15Min.csv,https://airquality.cpcb.gov.in/dataRepository/download_file?file_name=Raw_data/15Min/2019/site_303_Opp_GPO_Civil_Lines_Nagpur_MPCB_15Min.csv,https://airquality.cpcb.gov.in/dataRepository/download_file?file_name=Raw_data/15Min/2018/site_303_Opp_GPO_Civil_Lines_Nagpur_MPCB_15Min.csv,https://airquality.cpcb.gov.in/dataRepository/download_file?file_name=Raw_data/15Min/2017/site_303_Opp_GPO_Civil_Lines_Nagpur_MPCB_15Min.csv
site_304,"Gangapur Road, Nashik - MPCB",Nashik,Maharashtra,https://airquality.cpcb.gov.in/dataRepository/download_file?file_name=Raw_data/15Min/2026/site_304_Gangapur_Road_Nashik_MPCB_15Min.csv,https://airquality.cpcb.gov.in/dataRepository/download_file?file_name=Raw_data/15Min/2025/site_304_Gangapur_Road_Nashik_MPCB_15Min.csv,https://airquality.cpcb.gov.in/dataRepository/download_file?file_name=Raw_data/15Min/2024/site_304_Gangapur_Road_Nashik_MPCB_15Min.csv,https://airquality.cpcb.gov.in/dataRepository/download_file?file_name=Raw_data/15Min/2023/site_304_Gangapur_Road_Nashik_MPCB_15Min.csv,https://airquality.cpcb.gov.in/dataRepository/download_file?file_name=Raw_data/15Min/2022/site_304_Gangapur_Road_Nashik_MPCB_15Min.csv,https://airquality.cpcb.gov.in/dataRepository/download_file?file_name=Raw_data/15Min/2021/site_304_Gangapur_Road_Nashik_MPCB_15Min.csv,https://airquality.cpcb.gov.in/dataRepository/download_file?file_name=Raw_data/15Min/2020/site_304_Gangapur_Road_Nashik_MPCB_15Min.csv,https://airquality.cpcb.gov.in/dataRepository/download_file?file_name=Raw_data/15Min/2019/site_304_Gangapur_Road_Nashik_MPCB_15Min.csv,https://airquality.cpcb.gov.in/dataRepository/download_file?file_name=Raw_data/15Min/2018/site_304_Gangapur_Road_Nashik_MPCB_15Min.csv,https://airquality.cpcb.gov.in/dataRepository/download_file?file_name=Raw_data/15Min/2017/site_304_Gangapur_Road_Nashik_MPCB_15Min.csv
site_305,"Pimpleshwar Mandir, Thane - MPCB",Thane,Maharashtra,,,,https://airquality.cpcb.gov.in/dataRepository/download_file?file_name=Raw_data/15Min/2023/site_305_Pimpleshwar_Mandir_Thane_MPCB_15Min.csv,https://airquality.cpcb.gov.in/dataRepository/download_file?file_name=Raw_data/15Min/2022/site_305_Pimpleshwar_Mandir_Thane_MPCB_15Min.csv,https://airquality.cpcb.gov.in/dataRepository/download_file?file_name=Raw_data/15Min/2021/site_305_Pimpleshwar_Mandir_Thane_MPCB_15Min.csv,https://airquality.cpcb.gov.in/dataRepository/download_file?file_name=Raw_data/15Min/2020/site_305_Pimpleshwar_Mandir_Thane_MPCB_15Min.csv,https://airquality.cpcb.gov.in/dataRepository/download_file?file_name=Raw_data/15Min/2019/site_305_Pimpleshwar_Mandir_Thane_MPCB_15Min.csv,https://airquality.cpcb.gov.in/dataRepository/download_file?file_name=Raw_data/15Min/2018/site_305_Pimpleshwar_Mandir_Thane_MPCB_15Min.csv,https://airquality.cpcb.gov.in/dataRepository/download_file?file_name=Raw_data/15Min/2017/site_305_Pimpleshwar_Mandir_Thane_MPCB_15Min.csv
site_306,"Manali, Chennai - CPCB",Chennai,Tamil Nadu,https://airquality.cpcb.gov.in/dataRepository/download_file?file_name=Raw_data/15Min/2026/site_306_Manali_Chennai_CPCB_15Min.csv,https://airquality.cpcb.gov.in/dataRepository/download_file?file_name=Raw_data/15Min/2025/site_306_Manali_Chennai_CPCB_15Min.csv,https://airquality.cpcb.gov.in/dataRepository/download_file?file_name=Raw_data/15Min/2024/site_306_Manali_Chennai_CPCB_15Min.csv,https://airquality.cpcb.gov.in/dataRepository/download_file?file_name=Raw_data/15Min/2023/site_306_Manali_Chennai_CPCB_15Min.csv,https://airquality.cpcb.gov.in/dataRepository/download_file?file_name=Raw_data/15Min/2022/site_306_Manali_Chennai_CPCB_15Min.csv,https://airquality.cpcb.gov.in/dataRepository/download_file?file_name=Raw_data/15Min/2021/site_306_Manali_Chennai_CPCB_15Min.csv,https://airquality.cpcb.gov.in/dataRepository/download_file?file_name=Raw_data/15Min/2020/site_306_Manali_Chennai_CPCB_15Min.csv,https://airquality.cpcb.gov.in/dataRepository/download_file?file_name=Raw_data/15Min/2019/site_306_Manali_Chennai_CPCB_15Min.csv,https://airquality.cpcb.gov.in/dataRepository/download_file?file_name=Raw_data/15Min/2018/site_306_Manali_Chennai_CPCB_15Min.csv,https://airquality.cpcb.gov.in/dataRepository/download_file?file_name=Raw_data/15Min/2017/site_306_Manali_Chennai_CPCB_15Min.csv
site_307,"Sanjay Palace, Agra - UPPCB",Agra,Uttar Pradesh,https://airquality.cpcb.gov.in/dataRepository/download_file?file_name=Raw_data/15Min/2026/site_307_Sanjay_Palace_Agra_UPPCB_15Min.csv,https://airquality.cpcb.gov.in/dataRepository/download_file?file_name=Raw_data/15Min/2025/site_307_Sanjay_Palace_Agra_UPPCB_15Min.csv,https://airquality.cpcb.gov.in/dataRepository/download_file?file_name=Raw_data/15Min/2024/site_307_Sanjay_Palace_Agra_UPPCB_15Min.csv,https://airquality.cpcb.gov.in/dataRepository/download_file?file_name=Raw_data/15Min/2023/site_307_Sanjay_Palace_Agra_UPPCB_15Min.csv,https://airquality.cpcb.gov.in/dataRepository/download_file?file_name=Raw_data/15Min/2022/site_307_Sanjay_Palace_Agra_UPPCB_15Min.csv,https://airquality.cpcb.gov.in/dataRepository/download_file?file_name=Raw_data/15Min/2021/site_307_Sanjay_Palace_Agra_UPPCB_15Min.csv,https://airquality.cpcb.gov.in/dataRepository/download_file?file_name=Raw_data/15Min/2020/site_307_Sanjay_Palace_Agra_UPPCB_15Min.csv,https://airquality.cpcb.gov.in/dataRepository/download_file?file_name=Raw_data/15Min/2019/site_307_Sanjay_Palace_Agra_UPPCB_15Min.csv,https://airquality.cpcb.gov.in/dataRepository/download_file?file_name=Raw_data/15Min/2018/site_307_Sanjay_Palace_Agra_UPPCB_15Min.csv,https://airquality.cpcb.gov.in/dataRepository/download_file?file_name=Raw_data/15Min/2017/site_307_Sanjay_Palace_Agra_UPPCB_15Min.csv
site_308,"Maninagar, Ahmedabad - GPCB",Ahmedabad,Gujarat,https://airquality.cpcb.gov.in/dataRepository/download_file?file_name=Raw_data/15Min/2026/site_308_Maninagar_Ahmedabad_GPCB_15Min.csv,https://airquality.cpcb.gov.in/dataRepository/download_file?file_name=Raw_data/15Min/2025/site_308_Maninagar_Ahmedabad_GPCB_15Min.csv,https://airquality.cpcb.gov.in/dataRepository/download_file?file_name=Raw_data/15Min/2024/site_308_Maninagar_Ahmedabad_GPCB_15Min.csv,https://airquality.cpcb.gov.in/dataRepository/download_file?file_name=Raw_data/15Min/2023/site_308_Maninagar_Ahmedabad_GPCB_15Min.csv,https://airquality.cpcb.gov.in/dataRepository/download_file?file_name=Raw_data/15Min/2022/site_308_Maninagar_Ahmedabad_GPCB_15Min.csv,https://airquality.cpcb.gov.in/dataRepository/download_file?file_name=Raw_data/15Min/2021/site_308_Maninagar_Ahmedabad_GPCB_15Min.csv,https://airquality.cpcb.gov.in/dataRepository/download_file?file_name=Raw_data/15Min/2020/site_308_Maninagar_Ahmedabad_GPCB_15Min.csv,https://airquality.cpcb.gov.in/dataRepository/download_file?file_name=Raw_data/15Min/2019/site_308_Maninagar_Ahmedabad_GPCB_15Min.csv,https://airquality.cpcb.gov.in/dataRepository/download_file?file_name=Raw_data/15Min/2018/site_308_Maninagar_Ahmedabad_GPCB_15Min.csv,https://airquality.cpcb.gov.in/dataRepository/download_file?file_name=Raw_data/15Min/2017/site_308_Maninagar_Ahmedabad_GPCB_15Min.csv
site_309,"Victoria, Kolkata - WBPCB",Kolkata,West Bengal,https://airquality.cpcb.gov.in/dataRepository/download_file?file_name=Raw_data/15Min/2026/site_309_Victoria_Kolkata_WBPCB_15Min.csv,https://airquality.cpcb.gov.in/dataRepository/download_file?file_name=Raw_data/15Min/2025/site_309_Victoria_Kolkata_WBPCB_15Min.csv,https://airquality.cpcb.gov.in/dataRepository/download_file?file_name=Raw_data/15Min/2024/site_309_Victoria_Kolkata_WBPCB_15Min.csv,https://airquality.cpcb.gov.in/dataRepository/download_file?file_name=Raw_data/15Min/2023/site_309_Victoria_Kolkata_WBPCB_15Min.csv,https://airquality.cpcb.gov.in/dataRepository/download_file?file_name=Raw_data/15Min/2022/site_309_Victoria_Kolkata_WBPCB_15Min.csv,https://airquality.cpcb.gov.in/dataRepository/download_file?file_name=Raw_data/15Min/2021/site_309_Victoria_Kolkata_WBPCB_15Min.csv,https://airquality.cpcb.gov.in/dataRepository/download_file?file_name=Raw_data/15Min/2020/site_309_Victoria_Kolkata_WBPCB_15Min.csv,https://airquality.cpcb.gov.in/dataRepository/download_file?file_name=Raw_data/15Min/2019/site_309_Victoria_Kolkata_WBPCB_15Min.csv,https://airquality.cpcb.gov.in/dataRepository/download_file?file_name=Raw_data/15Min/2018/site_309_Victoria_Kolkata_WBPCB_15Min.csv,https://airquality.cpcb.gov.in/dataRepository/download_file?file_name=Raw_data/15Min/2017/site_309_Victoria_Kolkata_WBPCB_15Min.csv
site_5023,"Anand Vihar, Hapur - UPPCB",Hapur,Uttar Pradesh,https://airquality.cpcb.gov.in/dataRepository/download_file?file_name=Raw_data/15Min/2026/site_5023_Anand_Vihar_Hapur_UPPCB_15Min.csv,https://airquality.cpcb.gov.in/dataRepository/download_file?file_name=Raw_data/15Min/2025/site_5023_Anand_Vihar_Hapur_UPPCB_15Min.csv,https://airquality.cpcb.gov.in/dataRepository/download_file?file_name=Raw_data/15Min/2024/site_5023_Anand_Vihar_Hapur_UPPCB_15Min.csv,https://airquality.cpcb.gov.in/dataRepository/download_file?file_name=Raw_data/15Min/2023/site_5023_Anand_Vihar_Hapur_UPPCB_15Min.csv,https://airquality.cpcb.gov.in/dataRepository/download_file?file_name=Raw_data/15Min/2022/site_5023_Anand_Vihar_Hapur_UPPCB_15Min.csv,https://airquality.cpcb.gov.in/dataRepository/download_file?file_name=Raw_data/15Min/2021/site_5023_Anand_Vihar_Hapur_UPPCB_15Min.csv,https://airquality.cpcb.gov.in/dataRepository/download_file?file_name=Raw_data/15Min/2020/site_5023_Anand_Vihar_Hapur_UPPCB_15Min.csv,https://airquality.cpcb.gov.in/dataRepository/download_file?file_name=Raw_data/15Min/2019/site_5023_Anand_Vihar_Hapur_UPPCB_15Min.csv,https://airquality.cpcb.gov.in/dataRepository/download_file?file_name=Raw_data/15Min/2018/site_5023_Anand_Vihar_Hapur_UPPCB_15Min.csv,https://airquality.cpcb.gov.in/dataRepository/download_file?file_name=Raw_data/15Min/2017/site_5023_Anand_Vihar_Hapur_UPPCB_15Min.csv
site_5024,"Alipur, Delhi - DPCC",Delhi,Delhi,https://airquality.cpcb.gov.in/dataRepository/download_file?file_name=Raw_data/15Min/2026/site_5024_Alipur_Delhi_DPCC_15Min.csv,https://airquality.cpcb.gov.in/dataRepository/download_file?file_name=Raw_data/15Min/2025/site_5024_Alipur_Delhi_DPCC_15Min.csv,https://airquality.cpcb.gov.in/dataRepository/download_file?file_name=Raw_data/15Min/2024/site_5024_Alipur_Delhi_DPCC_15Min.csv,https://airquality.cpcb.gov.in/dataRepository/download_file?file_name=Raw_data/15Min/2023/site_5024_Alipur_Delhi_DPCC_15Min.csv,https://airquality.cpcb.gov.in/dataRepository/download_file?file_name=Raw_data/15Min/2022/site_5024_Alipur_Delhi_DPCC_15Min.csv,https://airquality.cpcb.gov.in/dataRepository/download_file?file_name=Raw_data/15Min/2021/site_5024_Alipur_Delhi_DPCC_15Min.csv,https://airquality.cpcb.gov.in/dataRepository/download_file?file_name=Raw_data/15Min/2020/site_5024_Alipur_Delhi_DPCC_15Min.csv,https://airquality.cpcb.gov.in/dataRepository/download_file?file_name=Raw_data/15Min/2019/site_5024_Alipur_Delhi_DPCC_15Min.csv,https://airquality.cpcb.gov.in/dataRepository/download_file?file_name=Raw_data/15Min/2018/site_5024_Alipur_Delhi_DPCC_15Min.csv,https://airquality.cpcb.gov.in/dataRepository/download_file?file_name=Raw_data/15Min/2017/site_5024_Alipur_Delhi_DPCC_15Min.csv
site_5025,"NISE Gwal Pahari, Gurugram - IMD",Gurugram,Haryana,,,,,,,,,,
site_5039,"Sector-2 IMT, Manesar - HSPCB",Manesar,Haryana,,https://airquality.cpcb.gov.in/dataRepository/download_file?file_name=Raw_data/15Min/2025/site_5039_Sector-2_IMT_Manesar_HSPCB_15Min.csv,https://airquality.cpcb.gov.in/dataRepository/download_file?file_name=Raw_data/15Min/2024/site_5039_Sector-2_IMT_Manesar_HSPCB_15Min.csv,https://airquality.cpcb.gov.in/dataRepository/download_file?file_name=Raw_data/15Min/2023/site_5039_Sector-2_IMT_Manesar_HSPCB_15Min.csv,https://airquality.cpcb.gov.in/dataRepository/download_file?file_name=Raw_data/15Min/2022/site_5039_Sector-2_IMT_Manesar_HSPCB_15Min.csv,https://airquality.cpcb.gov.in/dataRepository/download_file?file_name=Raw_data/15Min/2021/site_5039_Sector-2_IMT_Manesar_HSPCB_15Min.csv,https://airquality.cpcb.gov.in/dataRepository/download_file?file_name=Raw_data/15Min/2020/site_5039_Sector-2_IMT_Manesar_HSPCB_15Min.csv,https://airquality.cpcb.gov.in/dataRepository/download_file?file_name=Raw_data/15Min/2019/site_5039_Sector-2_IMT_Manesar_HSPCB_15Min.csv,https://airquality.cpcb.gov.in/dataRepository/download_file?file_name=Raw_data/15Min/2018/site_5039_Sector-2_IMT_Manesar_HSPCB_15Min.csv,https://airquality.cpcb.gov.in/dataRepository/download_file?file_name=Raw_data/15Min/2017/site_5039_Sector-2_IMT_Manesar_HSPCB_15Min.csv
site_5040,"Shrivastav Colony, Damoh - MPPCB",Damoh,Madhya Pradesh,https://airquality.cpcb.gov.in/dataRepository/download_file?file_name=Raw_data/15Min/2026/site_5040_Shrivastav_Colony_Damoh_MPPCB_15Min.csv,https://airquality.cpcb.gov.in/dataRepository/download_file?file_name=Raw_data/15Min/2025/site_5040_Shrivastav_Colony_Damoh_MPPCB_15Min.csv,https://airquality.cpcb.gov.in/dataRepository/download_file?file_name=Raw_data/15Min/2024/site_5040_Shrivastav_Colony_Damoh_MPPCB_15Min.csv,https://airquality.cpcb.gov.in/dataRepository/download_file?file_name=Raw_data/15Min/2023/site_5040_Shrivastav_Colony_Damoh_MPPCB_15Min.csv,https://airquality.cpcb.gov.in/dataRepository/download_file?file_name=Raw_data/15Min/2022/site_5040_Shrivastav_Colony_Damoh_MPPCB_15Min.csv,https://airquality.cpcb.gov.in/dataRepository/download_file?file_name=Raw_data/15Min/2021/site_5040_Shrivastav_Colony_Damoh_MPPCB_15Min.csv,https://airquality.cpcb.gov.in/dataRepository/download_file?file_name=Raw_data/15Min/2020/site_5040_Shrivastav_Colony_Damoh_MPPCB_15Min.csv,https://airquality.cpcb.gov.in/dataRepository/download_file?file_name=Raw_data/15Min/2019/site_5040_Shrivastav_Colony_Damoh_MPPCB_15Min.csv,https://airquality.cpcb.gov.in/dataRepository/download_file?file_name=Raw_data/15Min/2018/site_5040_Shrivastav_Colony_Damoh_MPPCB_15Min.csv,https://airquality.cpcb.gov.in/dataRepository/download_file?file_name=Raw_data/15Min/2017/site_5040_Shrivastav_Colony_Damoh_MPPCB_15Min.csv
site_5041,"Murthal, Sonipat - HSPCB",Sonipat,Haryana,https://airquality.cpcb.gov.in/dataRepository/download_file?file_name=Raw_data/15Min/2026/site_5041_Murthal_Sonipat_HSPCB_15Min.csv,https://airquality.cpcb.gov.in/dataRepository/download_file?file_name=Raw_data/15Min/2025/site_5041_Murthal_Sonipat_HSPCB_15Min.csv,https://airquality.cpcb.gov.in/dataRepository/download_file?file_name=Raw_data/15Min/2024/site_5041_Murthal_Sonipat_HSPCB_15Min.csv,https://airquality.cpcb.gov.in/dataRepository/download_file?file_name=Raw_data/15Min/2023/site_5041_Murthal_Sonipat_HSPCB_15Min.csv,https://airquality.cpcb.gov.in/dataRepository/download_file?file_name=Raw_data/15Min/2022/site_5041_Murthal_Sonipat_HSPCB_15Min.csv,https://airquality.cpcb.gov.in/dataRepository/download_file?file_name=Raw_data/15Min/2021/site_5041_Murthal_Sonipat_HSPCB_15Min.csv,https://airquality.cpcb.gov.in/dataRepository/download_file?file_name=Raw_data/15Min/2020/site_5041_Murthal_Sonipat_HSPCB_15Min.csv,https://airquality.cpcb.gov.in/dataRepository/download_file?file_name=Raw_data/15Min/2019/site_5041_Murthal_Sonipat_HSPCB_15Min.csv,https://airquality.cpcb.gov.in/dataRepository/download_file?file_name=Raw_data/15Min/2018/site_5041_Murthal_Sonipat_HSPCB_15Min.csv,https://airquality.cpcb.gov.in/dataRepository/download_file?file_name=Raw_data/15Min/2017/site_5041_Murthal_Sonipat_HSPCB_15Min.csv
site_5042,"Shasthri Nagar, Ratlam - IPCA Lab",Ratlam,Madhya Pradesh,https://airquality.cpcb.gov.in/dataRepository/download_file?file_name=Raw_data/15Min/2026/site_5042_Shasthri_Nagar_Ratlam_IPCA_Lab_15Min.csv,https://airquality.cpcb.gov.in/dataRepository/download_file?file_name=Raw_data/15Min/2025/site_5042_Shasthri_Nagar_Ratlam_IPCA_Lab_15Min.csv,https://airquality.cpcb.gov.in/dataRepository/download_file?file_name=Raw_data/15Min/2024/site_5042_Shasthri_Nagar_Ratlam_IPCA_Lab_15Min.csv,https://airquality.cpcb.gov.in/dataRepository/download_file?file_name=Raw_data/15Min/2023/site_5042_Shasthri_Nagar_Ratlam_IPCA_Lab_15Min.csv,https://airquality.cpcb.gov.in/dataRepository/download_file?file_name=Raw_data/15Min/2022/site_5042_Shasthri_Nagar_Ratlam_IPCA_Lab_15Min.csv,https://airquality.cpcb.gov.in/dataRepository/download_file?file_name=Raw_data/15Min/2021/site_5042_Shasthri_Nagar_Ratlam_IPCA_Lab_15Min.csv,https://airquality.cpcb.gov.in/dataRepository/download_file?file_name=Raw_data/15Min/2020/site_5042_Shasthri_Nagar_Ratlam_IPCA_Lab_15Min.csv,https://airquality.cpcb.gov.in/dataRepository/download_file?file_name=Raw_data/15Min/2019/site_5042_Shasthri_Nagar_Ratlam_IPCA_Lab_15Min.csv,https://airquality.cpcb.gov.in/dataRepository/download_file?file_name=Raw_data/15Min/2018/site_5042_Shasthri_Nagar_Ratlam_IPCA_Lab_15Min.csv,https://airquality.cpcb.gov.in/dataRepository/download_file?file_name=Raw_data/15Min/2017/site_5042_Shasthri_Nagar_Ratlam_IPCA_Lab_15Min.csv
site_5043,"Sector-7, Kurukshetra - HSPCB",Kurukshetra,Haryana,,https://airquality.cpcb.gov.in/dataRepository/download_file?file_name=Raw_data/15Min/2025/site_5043_Sector-7_Kurukshetra_HSPCB_15Min.csv,https://airquality.cpcb.gov.in/dataRepository/download_file?file_name=Raw_data/15Min/2024/site_5043_Sector-7_Kurukshetra_HSPCB_15Min.csv,https://airquality.cpcb.gov.in/dataRepository/download_file?file_name=Raw_data/15Min/2023/site_5043_Sector-7_Kurukshetra_HSPCB_15Min.csv,https://airquality.cpcb.gov.in/dataRepository/download_file?file_name=Raw_data/15Min/2022/site_5043_Sector-7_Kurukshetra_HSPCB_15Min.csv,https://airquality.cpcb.gov.in/dataRepository/download_file?file_name=Raw_data/15Min/2021/site_5043_Sector-7_Kurukshetra_HSPCB_15Min.csv,https://airquality.cpcb.gov.in/dataRepository/download_file?file_name=Raw_data/15Min/2020/site_5043_Sector-7_Kurukshetra_HSPCB_15Min.csv,https://airquality.cpcb.gov.in/dataRepository/download_file?file_name=Raw_data/15Min/2019/site_5043_Sector-7_Kurukshetra_HSPCB_15Min.csv,https://airquality.cpcb.gov.in/dataRepository/download_file?file_name=Raw_data/15Min/2018/site_5043_Sector-7_Kurukshetra_HSPCB_15Min.csv,https://airquality.cpcb.gov.in/dataRepository/download_file?file_name=Raw_data/15Min/2017/site_5043_Sector-7_Kurukshetra_HSPCB_15Min.csv
site_5044,"Municipal Corporation Office, Dharuhera -  HSPCB",Dharuhera,Haryana,,https://airquality.cpcb.gov.in/dataRepository/download_file?file_name=Raw_data/15Min/2025/site_5044_Municipal_Corporation_Office_Dharuhera__HSPCB_15Min.csv,https://airquality.cpcb.gov.in/dataRepository/download_file?file_name=Raw_data/15Min/2024/site_5044_Municipal_Corporation_Office_Dharuhera__HSPCB_15Min.csv,https://airquality.cpcb.gov.in/dataRepository/download_file?file_name=Raw_data/15Min/2023/site_5044_Municipal_Corporation_Office_Dharuhera__HSPCB_15Min.csv,https://airquality.cpcb.gov.in/dataRepository/download_file?file_name=Raw_data/15Min/2022/site_5044_Municipal_Corporation_Office_Dharuhera__HSPCB_15Min.csv,https://airquality.cpcb.gov.in/dataRepository/download_file?file_name=Raw_data/15Min/2021/site_5044_Municipal_Corporation_Office_Dharuhera__HSPCB_15Min.csv,https://airquality.cpcb.gov.in/dataRepository/download_file?file_name=Raw_data/15Min/2020/site_5044_Municipal_Corporation_Office_Dharuhera__HSPCB_15Min.csv,https://airquality.cpcb.gov.in/dataRepository/download_file?file_name=Raw_data/15Min/2019/site_5044_Municipal_Corporation_Office_Dharuhera__HSPCB_15Min.csv,https://airquality.cpcb.gov.in/dataRepository/download_file?file_name=Raw_data/15Min/2018/site_5044_Municipal_Corporation_Office_Dharuhera__HSPCB_15Min.csv,https://airquality.cpcb.gov.in/dataRepository/download_file?file_name=Raw_data/15Min/2017/site_5044_Municipal_Corporation_Office_Dharuhera__HSPCB_15Min.csv
site_5045,"Arya Nagar, Bahadurgarh - HSPCB",Bahadurgarh,Haryana,https://airquality.cpcb.gov.in/dataRepository/download_file?file_name=Raw_data/15Min/2026/site_5045_Arya_Nagar_Bahadurgarh_HSPCB_15Min.csv,https://airquality.cpcb.gov.in/dataRepository/download_file?file_name=Raw_data/15Min/2025/site_5045_Arya_Nagar_Bahadurgarh_HSPCB_15Min.csv,https://airquality.cpcb.gov.in/dataRepository/download_file?file_name=Raw_data/15Min/2024/site_5045_Arya_Nagar_Bahadurgarh_HSPCB_15Min.csv,https://airquality.cpcb.gov.in/dataRepository/download_file?file_name=Raw_data/15Min/2023/site_5045_Arya_Nagar_Bahadurgarh_HSPCB_15Min.csv,https://airquality.cpcb.gov.in/dataRepository/download_file?file_name=Raw_data/15Min/2022/site_5045_Arya_Nagar_Bahadurgarh_HSPCB_15Min.csv,https://airquality.cpcb.gov.in/dataRepository/download_file?file_name=Raw_data/15Min/2021/site_5045_Arya_Nagar_Bahadurgarh_HSPCB_15Min.csv,https://airquality.cpcb.gov.in/dataRepository/download_file?file_name=Raw_data/15Min/2020/site_5045_Arya_Nagar_Bahadurgarh_HSPCB_15Min.csv,https://airquality.cpcb.gov.in/dataRepository/download_file?file_name=Raw_data/15Min/2019/site_5045_Arya_Nagar_Bahadurgarh_HSPCB_15Min.csv,https://airquality.cpcb.gov.in/dataRepository/download_file?file_name=Raw_data/15Min/2018/site_5045_Arya_Nagar_Bahadurgarh_HSPCB_15Min.csv,https://airquality.cpcb.gov.in/dataRepository/download_file?file_name=Raw_data/15Min/2017/site_5045_Arya_Nagar_Bahadurgarh_HSPCB_15Min.csv
site_5046,"Gobind Pura, Yamuna Nagar - HSPCB",Yamuna Nagar,Haryana,https://airquality.cpcb.gov.in/dataRepository/download_file?file_name=Raw_data/15Min/2026/site_5046_Gobind_Pura_Yamuna_Nagar_HSPCB_15Min.csv,https://airquality.cpcb.gov.in/dataRepository/download_file?file_name=Raw_data/15Min/2025/site_5046_Gobind_Pura_Yamuna_Nagar_HSPCB_15Min.csv,https://airquality.cpcb.gov.in/dataRepository/download_file?file_name=Raw_data/15Min/2024/site_5046_Gobind_Pura_Yamuna_Nagar_HSPCB_15Min.csv,https://airquality.cpcb.gov.in/dataRepository/download_file?file_name=Raw_data/15Min/2023/site_5046_Gobind_Pura_Yamuna_Nagar_HSPCB_15Min.csv,https://airquality.cpcb.gov.in/dataRepository/download_file?file_name=Raw_data/15Min/2022/site_5046_Gobind_Pura_Yamuna_Nagar_HSPCB_15Min.csv,https://airquality.cpcb.gov.in/dataRepository/download_file?file_name=Raw_data/15Min/2021/site_5046_Gobind_Pura_Yamuna_Nagar_HSPCB_15Min.csv,https://airquality.cpcb.gov.in/dataRepository/download_file?file_name=Raw_data/15Min/2020/site_5046_Gobind_Pura_Yamuna_Nagar_HSPCB_15Min.csv,https://airquality.cpcb.gov.in/dataRepository/download_file?file_name=Raw_data/15Min/2019/site_5046_Gobind_Pura_Yamuna_Nagar_HSPCB_15Min.csv,https://airquality.cpcb.gov.in/dataRepository/download_file?file_name=Raw_data/15Min/2018/site_5046_Gobind_Pura_Yamuna_Nagar_HSPCB_15Min.csv,https://airquality.cpcb.gov.in/dataRepository/download_file?file_name=Raw_data/15Min/2017/site_5046_Gobind_Pura_Yamuna_Nagar_HSPCB_15Min.csv
site_5047,"H.B. Colony, Bhiwani - HSPCB",Bhiwani,Haryana,https://airquality.cpcb.gov.in/dataRepository/download_file?file_name=Raw_data/15Min/2026/site_5047_H.B._Colony_Bhiwani_HSPCB_15Min.csv,https://airquality.cpcb.gov.in/dataRepository/download_file?file_name=Raw_data/15Min/2025/site_5047_H.B._Colony_Bhiwani_HSPCB_15Min.csv,https://airquality.cpcb.gov.in/dataRepository/download_file?file_name=Raw_data/15Min/2024/site_5047_H.B._Colony_Bhiwani_HSPCB_15Min.csv,https://airquality.cpcb.gov.in/dataRepository/download_file?file_name=Raw_data/15Min/2023/site_5047_H.B._Colony_Bhiwani_HSPCB_15Min.csv,https://airquality.cpcb.gov.in/dataRepository/download_file?file_name=Raw_data/15Min/2022/site_5047_H.B._Colony_Bhiwani_HSPCB_15Min.csv,https://airquality.cpcb.gov.in/dataRepository/download_file?file_name=Raw_data/15Min/2021/site_5047_H.B._Colony_Bhiwani_HSPCB_15Min.csv,https://airquality.cpcb.gov.in/dataRepository/download_file?file_name=Raw_data/15Min/2020/site_5047_H.B._Colony_Bhiwani_HSPCB_15Min.csv,https://airquality.cpcb.gov.in/dataRepository/download_file?file_name=Raw_data/15Min/2019/site_5047_H.B._Colony_Bhiwani_HSPCB_15Min.csv,https://airquality.cpcb.gov.in/dataRepository/download_file?file_name=Raw_data/15Min/2018/site_5047_H.B._Colony_Bhiwani_HSPCB_15Min.csv,https://airquality.cpcb.gov.in/dataRepository/download_file?file_name=Raw_data/15Min/2017/site_5047_H.B._Colony_Bhiwani_HSPCB_15Min.csv
site_5048,"Sector-18, Panipat - HSPCB",Panipat,Haryana,,https://airquality.cpcb.gov.in/dataRepository/download_file?file_name=Raw_data/15Min/2025/site_5048_Sector-18_Panipat_HSPCB_15Min.csv,https://airquality.cpcb.gov.in/dataRepository/download_file?file_name=Raw_data/15Min/2024/site_5048_Sector-18_Panipat_HSPCB_15Min.csv,https://airquality.cpcb.gov.in/dataRepository/download_file?file_name=Raw_data/15Min/2023/site_5048_Sector-18_Panipat_HSPCB_15Min.csv,https://airquality.cpcb.gov.in/dataRepository/download_file?file_name=Raw_data/15Min/2022/site_5048_Sector-18_Panipat_HSPCB_15Min.csv,https://airquality.cpcb.gov.in/dataRepository/download_file?file_name=Raw_data/15Min/2021/site_5048_Sector-18_Panipat_HSPCB_15Min.csv,https://airquality.cpcb.gov.in/dataRepository/download_file?file_name=Raw_data/15Min/2020/site_5048_Sector-18_Panipat_HSPCB_15Min.csv,https://airquality.cpcb.gov.in/dataRepository/download_file?file_name=Raw_data/15Min/2019/site_5048_Sector-18_Panipat_HSPCB_15Min.csv,https://airquality.cpcb.gov.in/dataRepository/download_file?file_name=Raw_data/15Min/2018/site_5048_Sector-18_Panipat_HSPCB_15Min.csv,https://airquality.cpcb.gov.in/dataRepository/download_file?file_name=Raw_data/15Min/2017/site_5048_Sector-18_Panipat_HSPCB_15Min.csv
site_5049,"Sector-12, Karnal - HSPCB",Karnal,Haryana,,https://airquality.cpcb.gov.in/dataRepository/download_file?file_name=Raw_data/15Min/2025/site_5049_Sector-12_Karnal_HSPCB_15Min.csv,https://airquality.cpcb.gov.in/dataRepository/download_file?file_name=Raw_data/15Min/2024/site_5049_Sector-12_Karnal_HSPCB_15Min.csv,https://airquality.cpcb.gov.in/dataRepository/download_file?file_name=Raw_data/15Min/2023/site_5049_Sector-12_Karnal_HSPCB_15Min.csv,https://airquality.cpcb.gov.in/dataRepository/download_file?file_name=Raw_data/15Min/2022/site_5049_Sector-12_Karnal_HSPCB_15Min.csv,https://airquality.cpcb.gov.in/dataRepository/download_file?file_name=Raw_data/15Min/2021/site_5049_Sector-12_Karnal_HSPCB_15Min.csv,https://airquality.cpcb.gov.in/dataRepository/download_file?file_name=Raw_data/15Min/2020/site_5049_Sector-12_Karnal_HSPCB_15Min.csv,https://airquality.cpcb.gov.in/dataRepository/download_file?file_name=Raw_data/15Min/2019/site_5049_Sector-12_Karnal_HSPCB_15Min.csv,https://airquality.cpcb.gov.in/dataRepository/download_file?file_name=Raw_data/15Min/2018/site_5049_Sector-12_Karnal_HSPCB_15Min.csv,https://airquality.cpcb.gov.in/dataRepository/download_file?file_name=Raw_data/15Min/2017/site_5049_Sector-12_Karnal_HSPCB_15Min.csv
site_5050,"Shyam Nagar, Palwal - HSPCB",Palwal,Haryana,https://airquality.cpcb.gov.in/dataRepository/download_file?file_name=Raw_data/15Min/2026/site_5050_Shyam_Nagar_Palwal_HSPCB_15Min.csv,https://airquality.cpcb.gov.in/dataRepository/download_file?file_name=Raw_data/15Min/2025/site_5050_Shyam_Nagar_Palwal_HSPCB_15Min.csv,https://airquality.cpcb.gov.in/dataRepository/download_file?file_name=Raw_data/15Min/2024/site_5050_Shyam_Nagar_Palwal_HSPCB_15Min.csv,https://airquality.cpcb.gov.in/dataRepository/download_file?file_name=Raw_data/15Min/2023/site_5050_Shyam_Nagar_Palwal_HSPCB_15Min.csv,https://airquality.cpcb.gov.in/dataRepository/download_file?file_name=Raw_data/15Min/2022/site_5050_Shyam_Nagar_Palwal_HSPCB_15Min.csv,https://airquality.cpcb.gov.in/dataRepository/download_file?file_name=Raw_data/15Min/2021/site_5050_Shyam_Nagar_Palwal_HSPCB_15Min.csv,https://airquality.cpcb.gov.in/dataRepository/download_file?file_name=Raw_data/15Min/2020/site_5050_Shyam_Nagar_Palwal_HSPCB_15Min.csv,https://airquality.cpcb.gov.in/dataRepository/download_file?file_name=Raw_data/15Min/2019/site_5050_Shyam_Nagar_Palwal_HSPCB_15Min.csv,https://airquality.cpcb.gov.in/dataRepository/download_file?file_name=Raw_data/15Min/2018/site_5050_Shyam_Nagar_Palwal_HSPCB_15Min.csv,https://airquality.cpcb.gov.in/dataRepository/download_file?file_name=Raw_data/15Min/2017/site_5050_Shyam_Nagar_Palwal_HSPCB_15Min.csv
site_5051,"F-Block, Sirsa - HSPCB",Sirsa,Haryana,,https://airquality.cpcb.gov.in/dataRepository/download_file?file_name=Raw_data/15Min/2025/site_5051_F-Block_Sirsa_HSPCB_15Min.csv,https://airquality.cpcb.gov.in/dataRepository/download_file?file_name=Raw_data/15Min/2024/site_5051_F-Block_Sirsa_HSPCB_15Min.csv,https://airquality.cpcb.gov.in/dataRepository/download_file?file_name=Raw_data/15Min/2023/site_5051_F-Block_Sirsa_HSPCB_15Min.csv,https://airquality.cpcb.gov.in/dataRepository/download_file?file_name=Raw_data/15Min/2022/site_5051_F-Block_Sirsa_HSPCB_15Min.csv,https://airquality.cpcb.gov.in/dataRepository/download_file?file_name=Raw_data/15Min/2021/site_5051_F-Block_Sirsa_HSPCB_15Min.csv,https://airquality.cpcb.gov.in/dataRepository/download_file?file_name=Raw_data/15Min/2020/site_5051_F-Block_Sirsa_HSPCB_15Min.csv,https://airquality.cpcb.gov.in/dataRepository/download_file?file_name=Raw_data/15Min/2019/site_5051_F-Block_Sirsa_HSPCB_15Min.csv,https://airquality.cpcb.gov.in/dataRepository/download_file?file_name=Raw_data/15Min/2018/site_5051_F-Block_Sirsa_HSPCB_15Min.csv,https://airquality.cpcb.gov.in/dataRepository/download_file?file_name=Raw_data/15Min/2017/site_5051_F-Block_Sirsa_HSPCB_15Min.csv
site_5052,"Patti Mehar, Ambala - HSPCB",Ambala,Haryana,https://airquality.cpcb.gov.in/dataRepository/download_file?file_name=Raw_data/15Min/2026/site_5052_Patti_Mehar_Ambala_HSPCB_15Min.csv,https://airquality.cpcb.gov.in/dataRepository/download_file?file_name=Raw_data/15Min/2025/site_5052_Patti_Mehar_Ambala_HSPCB_15Min.csv,https://airquality.cpcb.gov.in/dataRepository/download_file?file_name=Raw_data/15Min/2024/site_5052_Patti_Mehar_Ambala_HSPCB_15Min.csv,https://airquality.cpcb.gov.in/dataRepository/download_file?file_name=Raw_data/15Min/2023/site_5052_Patti_Mehar_Ambala_HSPCB_15Min.csv,https://airquality.cpcb.gov.in/dataRepository/download_file?file_name=Raw_data/15Min/2022/site_5052_Patti_Mehar_Ambala_HSPCB_15Min.csv,https://airquality.cpcb.gov.in/dataRepository/download_file?file_name=Raw_data/15Min/2021/site_5052_Patti_Mehar_Ambala_HSPCB_15Min.csv,https://airquality.cpcb.gov.in/dataRepository/download_file?file_name=Raw_data/15Min/2020/site_5052_Patti_Mehar_Ambala_HSPCB_15Min.csv,https://airquality.cpcb.gov.in/dataRepository/download_file?file_name=Raw_data/15Min/2019/site_5052_Patti_Mehar_Ambala_HSPCB_15Min.csv,https://airquality.cpcb.gov.in/dataRepository/download_file?file_name=Raw_data/15Min/2018/site_5052_Patti_Mehar_Ambala_HSPCB_15Min.csv,https://airquality.cpcb.gov.in/dataRepository/download_file?file_name=Raw_data/15Min/2017/site_5052_Patti_Mehar_Ambala_HSPCB_15Min.csv
site_5053,"Shastri Nagar, Narnaul - HSPCB",Narnaul,Haryana,https://airquality.cpcb.gov.in/dataRepository/download_file?file_name=Raw_data/15Min/2026/site_5053_Shastri_Nagar_Narnaul_HSPCB_15Min.csv,https://airquality.cpcb.gov.in/dataRepository/download_file?file_name=Raw_data/15Min/2025/site_5053_Shastri_Nagar_Narnaul_HSPCB_15Min.csv,https://airquality.cpcb.gov.in/dataRepository/download_file?file_name=Raw_data/15Min/2024/site_5053_Shastri_Nagar_Narnaul_HSPCB_15Min.csv,https://airquality.cpcb.gov.in/dataRepository/download_file?file_name=Raw_data/15Min/2023/site_5053_Shastri_Nagar_Narnaul_HSPCB_15Min.csv,https://airquality.cpcb.gov.in/dataRepository/download_file?file_name=Raw_data/15Min/2022/site_5053_Shastri_Nagar_Narnaul_HSPCB_15Min.csv,https://airquality.cpcb.gov.in/dataRepository/download_file?file_name=Raw_data/15Min/2021/site_5053_Shastri_Nagar_Narnaul_HSPCB_15Min.csv,https://airquality.cpcb.gov.in/dataRepository/download_file?file_name=Raw_data/15Min/2020/site_5053_Shastri_Nagar_Narnaul_HSPCB_15Min.csv,https://airquality.cpcb.gov.in/dataRepository/download_file?file_name=Raw_data/15Min/2019/site_5053_Shastri_Nagar_Narnaul_HSPCB_15Min.csv,https://airquality.cpcb.gov.in/dataRepository/download_file?file_name=Raw_data/15Min/2018/site_5053_Shastri_Nagar_Narnaul_HSPCB_15Min.csv,https://airquality.cpcb.gov.in/dataRepository/download_file?file_name=Raw_data/15Min/2017/site_5053_Shastri_Nagar_Narnaul_HSPCB_15Min.csv
site_5054,"Huda Sector, Fatehabad - HSPCB",Fatehabad,Haryana,https://airquality.cpcb.gov.in/dataRepository/download_file?file_name=Raw_data/15Min/2026/site_5054_Huda_Sector_Fatehabad_HSPCB_15Min.csv,https://airquality.cpcb.gov.in/dataRepository/download_file?file_name=Raw_data/15Min/2025/site_5054_Huda_Sector_Fatehabad_HSPCB_15Min.csv,https://airquality.cpcb.gov.in/dataRepository/download_file?file_name=Raw_data/15Min/2024/site_5054_Huda_Sector_Fatehabad_HSPCB_15Min.csv,https://airquality.cpcb.gov.in/dataRepository/download_file?file_name=Raw_data/15Min/2023/site_5054_Huda_Sector_Fatehabad_HSPCB_15Min.csv,https://airquality.cpcb.gov.in/dataRepository/download_file?file_name=Raw_data/15Min/2022/site_5054_Huda_Sector_Fatehabad_HSPCB_15Min.csv,https://airquality.cpcb.gov.in/dataRepository/download_file?file_name=Raw_data/15Min/2021/site_5054_Huda_Sector_Fatehabad_HSPCB_15Min.csv,https://airquality.cpcb.gov.in/dataRepository/download_file?file_name=Raw_data/15Min/2020/site_5054_Huda_Sector_Fatehabad_HSPCB_15Min.csv,https://airquality.cpcb.gov.in/dataRepository/download_file?file_name=Raw_data/15Min/2019/site_5054_Huda_Sector_Fatehabad_HSPCB_15Min.csv,https://airquality.cpcb.gov.in/dataRepository/download_file?file_name=Raw_data/15Min/2018/site_5054_Huda_Sector_Fatehabad_HSPCB_15Min.csv,https://airquality.cpcb.gov.in/dataRepository/download_file?file_name=Raw_data/15Min/2017/site_5054_Huda_Sector_Fatehabad_HSPCB_15Min.csv
site_5055,"General Hospital, Mandikhera - HSPCB",Mandikhera,Haryana,,https://airquality.cpcb.gov.in/dataRepository/download_file?file_name=Raw_data/15Min/2025/site_5055_General_Hospital_Mandikhera_HSPCB_15Min.csv,https://airquality.cpcb.gov.in/dataRepository/download_file?file_name=Raw_data/15Min/2024/site_5055_General_Hospital_Mandikhera_HSPCB_15Min.csv,https://airquality.cpcb.gov.in/dataRepository/download_file?file_name=Raw_data/15Min/2023/site_5055_General_Hospital_Mandikhera_HSPCB_15Min.csv,https://airquality.cpcb.gov.in/dataRepository/download_file?file_name=Raw_data/15Min/2022/site_5055_General_Hospital_Mandikhera_HSPCB_15Min.csv,https://airquality.cpcb.gov.in/dataRepository/download_file?file_name=Raw_data/15Min/2021/site_5055_General_Hospital_Mandikhera_HSPCB_15Min.csv,https://airquality.cpcb.gov.in/dataRepository/download_file?file_name=Raw_data/15Min/2020/site_5055_General_Hospital_Mandikhera_HSPCB_15Min.csv,https://airquality.cpcb.gov.in/dataRepository/download_file?file_name=Raw_data/15Min/2019/site_5055_General_Hospital_Mandikhera_HSPCB_15Min.csv,https://airquality.cpcb.gov.in/dataRepository/download_file?file_name=Raw_data/15Min/2018/site_5055_General_Hospital_Mandikhera_HSPCB_15Min.csv,https://airquality.cpcb.gov.in/dataRepository/download_file?file_name=Raw_data/15Min/2017/site_5055_General_Hospital_Mandikhera_HSPCB_15Min.csv
site_5056,"Police Lines, Jind - HSPCB",Jind,Haryana,https://airquality.cpcb.gov.in/dataRepository/download_file?file_name=Raw_data/15Min/2026/site_5056_Police_Lines_Jind_HSPCB_15Min.csv,https://airquality.cpcb.gov.in/dataRepository/download_file?file_name=Raw_data/15Min/2025/site_5056_Police_Lines_Jind_HSPCB_15Min.csv,https://airquality.cpcb.gov.in/dataRepository/download_file?file_name=Raw_data/15Min/2024/site_5056_Police_Lines_Jind_HSPCB_15Min.csv,https://airquality.cpcb.gov.in/dataRepository/download_file?file_name=Raw_data/15Min/2023/site_5056_Police_Lines_Jind_HSPCB_15Min.csv,https://airquality.cpcb.gov.in/dataRepository/download_file?file_name=Raw_data/15Min/2022/site_5056_Police_Lines_Jind_HSPCB_15Min.csv,https://airquality.cpcb.gov.in/dataRepository/download_file?file_name=Raw_data/15Min/2021/site_5056_Police_Lines_Jind_HSPCB_15Min.csv,https://airquality.cpcb.gov.in/dataRepository/download_file?file_name=Raw_data/15Min/2020/site_5056_Police_Lines_Jind_HSPCB_15Min.csv,https://airquality.cpcb.gov.in/dataRepository/download_file?file_name=Raw_data/15Min/2019/site_5056_Police_Lines_Jind_HSPCB_15Min.csv,https://airquality.cpcb.gov.in/dataRepository/download_file?file_name=Raw_data/15Min/2018/site_5056_Police_Lines_Jind_HSPCB_15Min.csv,https://airquality.cpcb.gov.in/dataRepository/download_file?file_name=Raw_data/15Min/2017/site_5056_Police_Lines_Jind_HSPCB_15Min.csv
site_5057,"Urban Estate-II, Hisar - HSPCB",Hisar,Haryana,,https://airquality.cpcb.gov.in/dataRepository/download_file?file_name=Raw_data/15Min/2025/site_5057_Urban_Estate-II_Hisar_HSPCB_15Min.csv,https://airquality.cpcb.gov.in/dataRepository/download_file?file_name=Raw_data/15Min/2024/site_5057_Urban_Estate-II_Hisar_HSPCB_15Min.csv,https://airquality.cpcb.gov.in/dataRepository/download_file?file_name=Raw_data/15Min/2023/site_5057_Urban_Estate-II_Hisar_HSPCB_15Min.csv,https://airquality.cpcb.gov.in/dataRepository/download_file?file_name=Raw_data/15Min/2022/site_5057_Urban_Estate-II_Hisar_HSPCB_15Min.csv,https://airquality.cpcb.gov.in/dataRepository/download_file?file_name=Raw_data/15Min/2021/site_5057_Urban_Estate-II_Hisar_HSPCB_15Min.csv,https://airquality.cpcb.gov.in/dataRepository/download_file?file_name=Raw_data/15Min/2020/site_5057_Urban_Estate-II_Hisar_HSPCB_15Min.csv,https://airquality.cpcb.gov.in/dataRepository/download_file?file_name=Raw_data/15Min/2019/site_5057_Urban_Estate-II_Hisar_HSPCB_15Min.csv,https://airquality.cpcb.gov.in/dataRepository/download_file?file_name=Raw_data/15Min/2018/site_5057_Urban_Estate-II_Hisar_HSPCB_15Min.csv,https://airquality.cpcb.gov.in/dataRepository/download_file?file_name=Raw_data/15Min/2017/site_5057_Urban_Estate-II_Hisar_HSPCB_15Min.csv
site_5060,"Nathu Colony, Ballabgarh - HSPCB",Ballabgarh,Haryana,https://airquality.cpcb.gov.in/dataRepository/download_file?file_name=Raw_data/15Min/2026/site_5060_Nathu_Colony_Ballabgarh_HSPCB_15Min.csv,https://airquality.cpcb.gov.in/dataRepository/download_file?file_name=Raw_data/15Min/2025/site_5060_Nathu_Colony_Ballabgarh_HSPCB_15Min.csv,https://airquality.cpcb.gov.in/dataRepository/download_file?file_name=Raw_data/15Min/2024/site_5060_Nathu_Colony_Ballabgarh_HSPCB_15Min.csv,https://airquality.cpcb.gov.in/dataRepository/download_file?file_name=Raw_data/15Min/2023/site_5060_Nathu_Colony_Ballabgarh_HSPCB_15Min.csv,https://airquality.cpcb.gov.in/dataRepository/download_file?file_name=Raw_data/15Min/2022/site_5060_Nathu_Colony_Ballabgarh_HSPCB_15Min.csv,https://airquality.cpcb.gov.in/dataRepository/download_file?file_name=Raw_data/15Min/2021/site_5060_Nathu_Colony_Ballabgarh_HSPCB_15Min.csv,https://airquality.cpcb.gov.in/dataRepository/download_file?file_name=Raw_data/15Min/2020/site_5060_Nathu_Colony_Ballabgarh_HSPCB_15Min.csv,https://airquality.cpcb.gov.in/dataRepository/download_file?file_name=Raw_data/15Min/2019/site_5060_Nathu_Colony_Ballabgarh_HSPCB_15Min.csv,https://airquality.cpcb.gov.in/dataRepository/download_file?file_name=Raw_data/15Min/2018/site_5060_Nathu_Colony_Ballabgarh_HSPCB_15Min.csv,https://airquality.cpcb.gov.in/dataRepository/download_file?file_name=Raw_data/15Min/2017/site_5060_Nathu_Colony_Ballabgarh_HSPCB_15Min.csv
site_5065,"GIDC, Ankleshwar - GPCB",Ankleshwar,Gujarat,https://airquality.cpcb.gov.in/dataRepository/download_file?file_name=Raw_data/15Min/2026/site_5065_GIDC_Ankleshwar_GPCB_15Min.csv,https://airquality.cpcb.gov.in/dataRepository/download_file?file_name=Raw_data/15Min/2025/site_5065_GIDC_Ankleshwar_GPCB_15Min.csv,https://airquality.cpcb.gov.in/dataRepository/download_file?file_name=Raw_data/15Min/2024/site_5065_GIDC_Ankleshwar_GPCB_15Min.csv,https://airquality.cpcb.gov.in/dataRepository/download_file?file_name=Raw_data/15Min/2023/site_5065_GIDC_Ankleshwar_GPCB_15Min.csv,https://airquality.cpcb.gov.in/dataRepository/download_file?file_name=Raw_data/15Min/2022/site_5065_GIDC_Ankleshwar_GPCB_15Min.csv,https://airquality.cpcb.gov.in/dataRepository/download_file?file_name=Raw_data/15Min/2021/site_5065_GIDC_Ankleshwar_GPCB_15Min.csv,https://airquality.cpcb.gov.in/dataRepository/download_file?file_name=Raw_data/15Min/2020/site_5065_GIDC_Ankleshwar_GPCB_15Min.csv,https://airquality.cpcb.gov.in/dataRepository/download_file?file_name=Raw_data/15Min/2019/site_5065_GIDC_Ankleshwar_GPCB_15Min.csv,https://airquality.cpcb.gov.in/dataRepository/download_file?file_name=Raw_data/15Min/2018/site_5065_GIDC_Ankleshwar_GPCB_15Min.csv,https://airquality.cpcb.gov.in/dataRepository/download_file?file_name=Raw_data/15Min/2017/site_5065_GIDC_Ankleshwar_GPCB_15Min.csv
site_5066,"Sector-10, Gandhinagar - GPCB",Gandhinagar,Gujarat,,https://airquality.cpcb.gov.in/dataRepository/download_file?file_name=Raw_data/15Min/2025/site_5066_Sector-10_Gandhinagar_GPCB_15Min.csv,https://airquality.cpcb.gov.in/dataRepository/download_file?file_name=Raw_data/15Min/2024/site_5066_Sector-10_Gandhinagar_GPCB_15Min.csv,https://airquality.cpcb.gov.in/dataRepository/download_file?file_name=Raw_data/15Min/2023/site_5066_Sector-10_Gandhinagar_GPCB_15Min.csv,https://airquality.cpcb.gov.in/dataRepository/download_file?file_name=Raw_data/15Min/2022/site_5066_Sector-10_Gandhinagar_GPCB_15Min.csv,https://airquality.cpcb.gov.in/dataRepository/download_file?file_name=Raw_data/15Min/2021/site_5066_Sector-10_Gandhinagar_GPCB_15Min.csv,https://airquality.cpcb.gov.in/dataRepository/download_file?file_name=Raw_data/15Min/2020/site_5066_Sector-10_Gandhinagar_GPCB_15Min.csv,https://airquality.cpcb.gov.in/dataRepository/download_file?file_name=Raw_data/15Min/2019/site_5066_Sector-10_Gandhinagar_GPCB_15Min.csv,https://airquality.cpcb.gov.in/dataRepository/download_file?file_name=Raw_data/15Min/2018/site_5066_Sector-10_Gandhinagar_GPCB_15Min.csv,https://airquality.cpcb.gov.in/dataRepository/download_file?file_name=Raw_data/15Min/2017/site_5066_Sector-10_Gandhinagar_GPCB_15Min.csv
site_5067,"Phase-4 GIDC, Vatva - GPCB",Vatva,Gujarat,,https://airquality.cpcb.gov.in/dataRepository/download_file?file_name=Raw_data/15Min/2025/site_5067_Phase-4_GIDC_Vatva_GPCB_15Min.csv,https://airquality.cpcb.gov.in/dataRepository/download_file?file_name=Raw_data/15Min/2024/site_5067_Phase-4_GIDC_Vatva_GPCB_15Min.csv,https://airquality.cpcb.gov.in/dataRepository/download_file?file_name=Raw_data/15Min/2023/site_5067_Phase-4_GIDC_Vatva_GPCB_15Min.csv,https://airquality.cpcb.gov.in/dataRepository/download_file?file_name=Raw_data/15Min/2022/site_5067_Phase-4_GIDC_Vatva_GPCB_15Min.csv,https://airquality.cpcb.gov.in/dataRepository/download_file?file_name=Raw_data/15Min/2021/site_5067_Phase-4_GIDC_Vatva_GPCB_15Min.csv,https://airquality.cpcb.gov.in/dataRepository/download_file?file_name=Raw_data/15Min/2020/site_5067_Phase-4_GIDC_Vatva_GPCB_15Min.csv,https://airquality.cpcb.gov.in/dataRepository/download_file?file_name=Raw_data/15Min/2019/site_5067_Phase-4_GIDC_Vatva_GPCB_15Min.csv,https://airquality.cpcb.gov.in/dataRepository/download_file?file_name=Raw_data/15Min/2018/site_5067_Phase-4_GIDC_Vatva_GPCB_15Min.csv,https://airquality.cpcb.gov.in/dataRepository/download_file?file_name=Raw_data/15Min/2017/site_5067_Phase-4_GIDC_Vatva_GPCB_15Min.csv
site_5068,"Sahilara, Maihar - KJS Cements",Maihar,Madhya Pradesh,https://airquality.cpcb.gov.in/dataRepository/download_file?file_name=Raw_data/15Min/2026/site_5068_Sahilara_Maihar_KJS_Cements_15Min.csv,https://airquality.cpcb.gov.in/dataRepository/download_file?file_name=Raw_data/15Min/2025/site_5068_Sahilara_Maihar_KJS_Cements_15Min.csv,https://airquality.cpcb.gov.in/dataRepository/download_file?file_name=Raw_data/15Min/2024/site_5068_Sahilara_Maihar_KJS_Cements_15Min.csv,https://airquality.cpcb.gov.in/dataRepository/download_file?file_name=Raw_data/15Min/2023/site_5068_Sahilara_Maihar_KJS_Cements_15Min.csv,https://airquality.cpcb.gov.in/dataRepository/download_file?file_name=Raw_data/15Min/2022/site_5068_Sahilara_Maihar_KJS_Cements_15Min.csv,https://airquality.cpcb.gov.in/dataRepository/download_file?file_name=Raw_data/15Min/2021/site_5068_Sahilara_Maihar_KJS_Cements_15Min.csv,https://airquality.cpcb.gov.in/dataRepository/download_file?file_name=Raw_data/15Min/2020/site_5068_Sahilara_Maihar_KJS_Cements_15Min.csv,https://airquality.cpcb.gov.in/dataRepository/download_file?file_name=Raw_data/15Min/2019/site_5068_Sahilara_Maihar_KJS_Cements_15Min.csv,https://airquality.cpcb.gov.in/dataRepository/download_file?file_name=Raw_data/15Min/2018/site_5068_Sahilara_Maihar_KJS_Cements_15Min.csv,https://airquality.cpcb.gov.in/dataRepository/download_file?file_name=Raw_data/15Min/2017/site_5068_Sahilara_Maihar_KJS_Cements_15Min.csv
site_5071,"Phase-1 GIDC, Vapi - GPCB",Vapi,Gujarat,,https://airquality.cpcb.gov.in/dataRepository/download_file?file_name=Raw_data/15Min/2025/site_5071_Phase-1_GIDC_Vapi_GPCB_15Min.csv,https://airquality.cpcb.gov.in/dataRepository/download_file?file_name=Raw_data/15Min/2024/site_5071_Phase-1_GIDC_Vapi_GPCB_15Min.csv,https://airquality.cpcb.gov.in/dataRepository/download_file?file_name=Raw_data/15Min/2023/site_5071_Phase-1_GIDC_Vapi_GPCB_15Min.csv,https://airquality.cpcb.gov.in/dataRepository/download_file?file_name=Raw_data/15Min/2022/site_5071_Phase-1_GIDC_Vapi_GPCB_15Min.csv,https://airquality.cpcb.gov.in/dataRepository/download_file?file_name=Raw_data/15Min/2021/site_5071_Phase-1_GIDC_Vapi_GPCB_15Min.csv,https://airquality.cpcb.gov.in/dataRepository/download_file?file_name=Raw_data/15Min/2020/site_5071_Phase-1_GIDC_Vapi_GPCB_15Min.csv,https://airquality.cpcb.gov.in/dataRepository/download_file?file_name=Raw_data/15Min/2019/site_5071_Phase-1_GIDC_Vapi_GPCB_15Min.csv,https://airquality.cpcb.gov.in/dataRepository/download_file?file_name=Raw_data/15Min/2018/site_5071_Phase-1_GIDC_Vapi_GPCB_15Min.csv,https://airquality.cpcb.gov.in/dataRepository/download_file?file_name=Raw_data/15Min/2017/site_5071_Phase-1_GIDC_Vapi_GPCB_15Min.csv
site_5072,"Rishi Nagar, Kaithal - HSPCB",Kaithal,Haryana,https://airquality.cpcb.gov.in/dataRepository/download_file?file_name=Raw_data/15Min/2026/site_5072_Rishi_Nagar_Kaithal_HSPCB_15Min.csv,https://airquality.cpcb.gov.in/dataRepository/download_file?file_name=Raw_data/15Min/2025/site_5072_Rishi_Nagar_Kaithal_HSPCB_15Min.csv,https://airquality.cpcb.gov.in/dataRepository/download_file?file_name=Raw_data/15Min/2024/site_5072_Rishi_Nagar_Kaithal_HSPCB_15Min.csv,https://airquality.cpcb.gov.in/dataRepository/download_file?file_name=Raw_data/15Min/2023/site_5072_Rishi_Nagar_Kaithal_HSPCB_15Min.csv,https://airquality.cpcb.gov.in/dataRepository/download_file?file_name=Raw_data/15Min/2022/site_5072_Rishi_Nagar_Kaithal_HSPCB_15Min.csv,https://airquality.cpcb.gov.in/dataRepository/download_file?file_name=Raw_data/15Min/2021/site_5072_Rishi_Nagar_Kaithal_HSPCB_15Min.csv,https://airquality.cpcb.gov.in/dataRepository/download_file?file_name=Raw_data/15Min/2020/site_5072_Rishi_Nagar_Kaithal_HSPCB_15Min.csv,https://airquality.cpcb.gov.in/dataRepository/download_file?file_name=Raw_data/15Min/2019/site_5072_Rishi_Nagar_Kaithal_HSPCB_15Min.csv,https://airquality.cpcb.gov.in/dataRepository/download_file?file_name=Raw_data/15Min/2018/site_5072_Rishi_Nagar_Kaithal_HSPCB_15Min.csv,https://airquality.cpcb.gov.in/dataRepository/download_file?file_name=Raw_data/15Min/2017/site_5072_Rishi_Nagar_Kaithal_HSPCB_15Min.csv
site_5073,"Railway Colony, Guwahati - PCBA",Guwahati,Assam,https://airquality.cpcb.gov.in/dataRepository/download_file?file_name=Raw_data/15Min/2026/site_5073_Railway_Colony_Guwahati_PCBA_15Min.csv,https://airquality.cpcb.gov.in/dataRepository/download_file?file_name=Raw_data/15Min/2025/site_5073_Railway_Colony_Guwahati_PCBA_15Min.csv,https://airquality.cpcb.gov.in/dataRepository/download_file?file_name=Raw_data/15Min/2024/site_5073_Railway_Colony_Guwahati_PCBA_15Min.csv,https://airquality.cpcb.gov.in/dataRepository/download_file?file_name=Raw_data/15Min/2023/site_5073_Railway_Colony_Guwahati_PCBA_15Min.csv,https://airquality.cpcb.gov.in/dataRepository/download_file?file_name=Raw_data/15Min/2022/site_5073_Railway_Colony_Guwahati_PCBA_15Min.csv,https://airquality.cpcb.gov.in/dataRepository/download_file?file_name=Raw_data/15Min/2021/site_5073_Railway_Colony_Guwahati_PCBA_15Min.csv,https://airquality.cpcb.gov.in/dataRepository/download_file?file_name=Raw_data/15Min/2020/site_5073_Railway_Colony_Guwahati_PCBA_15Min.csv,https://airquality.cpcb.gov.in/dataRepository/download_file?file_name=Raw_data/15Min/2019/site_5073_Railway_Colony_Guwahati_PCBA_15Min.csv,https://airquality.cpcb.gov.in/dataRepository/download_file?file_name=Raw_data/15Min/2018/site_5073_Railway_Colony_Guwahati_PCBA_15Min.csv,https://airquality.cpcb.gov.in/dataRepository/download_file?file_name=Raw_data/15Min/2017/site_5073_Railway_Colony_Guwahati_PCBA_15Min.csv
site_5081,"Sanjay Nagar, Ghaziabad - UPPCB",Ghaziabad,Uttar Pradesh,https://airquality.cpcb.gov.in/dataRepository/download_file?file_name=Raw_data/15Min/2026/site_5081_Sanjay_Nagar_Ghaziabad_UPPCB_15Min.csv,https://airquality.cpcb.gov.in/dataRepository/download_file?file_name=Raw_data/15Min/2025/site_5081_Sanjay_Nagar_Ghaziabad_UPPCB_15Min.csv,https://airquality.cpcb.gov.in/dataRepository/download_file?file_name=Raw_data/15Min/2024/site_5081_Sanjay_Nagar_Ghaziabad_UPPCB_15Min.csv,https://airquality.cpcb.gov.in/dataRepository/download_file?file_name=Raw_data/15Min/2023/site_5081_Sanjay_Nagar_Ghaziabad_UPPCB_15Min.csv,https://airquality.cpcb.gov.in/dataRepository/download_file?file_name=Raw_data/15Min/2022/site_5081_Sanjay_Nagar_Ghaziabad_UPPCB_15Min.csv,https://airquality.cpcb.gov.in/dataRepository/download_file?file_name=Raw_data/15Min/2021/site_5081_Sanjay_Nagar_Ghaziabad_UPPCB_15Min.csv,https://airquality.cpcb.gov.in/dataRepository/download_file?file_name=Raw_data/15Min/2020/site_5081_Sanjay_Nagar_Ghaziabad_UPPCB_15Min.csv,https://airquality.cpcb.gov.in/dataRepository/download_file?file_name=Raw_data/15Min/2019/site_5081_Sanjay_Nagar_Ghaziabad_UPPCB_15Min.csv,https://airquality.cpcb.gov.in/dataRepository/download_file?file_name=Raw_data/15Min/2018/site_5081_Sanjay_Nagar_Ghaziabad_UPPCB_15Min.csv,https://airquality.cpcb.gov.in/dataRepository/download_file?file_name=Raw_data/15Min/2017/site_5081_Sanjay_Nagar_Ghaziabad_UPPCB_15Min.csv
site_5082,"Indirapuram, Ghaziabad - UPPCB",Ghaziabad,Uttar Pradesh,https://airquality.cpcb.gov.in/dataRepository/download_file?file_name=Raw_data/15Min/2026/site_5082_Indirapuram_Ghaziabad_UPPCB_15Min.csv,https://airquality.cpcb.gov.in/dataRepository/download_file?file_name=Raw_data/15Min/2025/site_5082_Indirapuram_Ghaziabad_UPPCB_15Min.csv,https://airquality.cpcb.gov.in/dataRepository/download_file?file_name=Raw_data/15Min/2024/site_5082_Indirapuram_Ghaziabad_UPPCB_15Min.csv,https://airquality.cpcb.gov.in/dataRepository/download_file?file_name=Raw_data/15Min/2023/site_5082_Indirapuram_Ghaziabad_UPPCB_15Min.csv,https://airquality.cpcb.gov.in/dataRepository/download_file?file_name=Raw_data/15Min/2022/site_5082_Indirapuram_Ghaziabad_UPPCB_15Min.csv,https://airquality.cpcb.gov.in/dataRepository/download_file?file_name=Raw_data/15Min/2021/site_5082_Indirapuram_Ghaziabad_UPPCB_15Min.csv,https://airquality.cpcb.gov.in/dataRepository/download_file?file_name=Raw_data/15Min/2020/site_5082_Indirapuram_Ghaziabad_UPPCB_15Min.csv,https://airquality.cpcb.gov.in/dataRepository/download_file?file_name=Raw_data/15Min/2019/site_5082_Indirapuram_Ghaziabad_UPPCB_15Min.csv,https://airquality.cpcb.gov.in/dataRepository/download_file?file_name=Raw_data/15Min/2018/site_5082_Indirapuram_Ghaziabad_UPPCB_15Min.csv,https://airquality.cpcb.gov.in/dataRepository/download_file?file_name=Raw_data/15Min/2017/site_5082_Indirapuram_Ghaziabad_UPPCB_15Min.csv
site_5083,"Loni, Ghaziabad - UPPCB",Ghaziabad,Uttar Pradesh,https://airquality.cpcb.gov.in/dataRepository/download_file?file_name=Raw_data/15Min/2026/site_5083_Loni_Ghaziabad_UPPCB_15Min.csv,https://airquality.cpcb.gov.in/dataRepository/download_file?file_name=Raw_data/15Min/2025/site_5083_Loni_Ghaziabad_UPPCB_15Min.csv,https://airquality.cpcb.gov.in/dataRepository/download_file?file_name=Raw_data/15Min/2024/site_5083_Loni_Ghaziabad_UPPCB_15Min.csv,https://airquality.cpcb.gov.in/dataRepository/download_file?file_name=Raw_data/15Min/2023/site_5083_Loni_Ghaziabad_UPPCB_15Min.csv,https://airquality.cpcb.gov.in/dataRepository/download_file?file_name=Raw_data/15Min/2022/site_5083_Loni_Ghaziabad_UPPCB_15Min.csv,https://airquality.cpcb.gov.in/dataRepository/download_file?file_name=Raw_data/15Min/2021/site_5083_Loni_Ghaziabad_UPPCB_15Min.csv,https://airquality.cpcb.gov.in/dataRepository/download_file?file_name=Raw_data/15Min/2020/site_5083_Loni_Ghaziabad_UPPCB_15Min.csv,https://airquality.cpcb.gov.in/dataRepository/download_file?file_name=Raw_data/15Min/2019/site_5083_Loni_Ghaziabad_UPPCB_15Min.csv,https://airquality.cpcb.gov.in/dataRepository/download_file?file_name=Raw_data/15Min/2018/site_5083_Loni_Ghaziabad_UPPCB_15Min.csv,https://airquality.cpcb.gov.in/dataRepository/download_file?file_name=Raw_data/15Min/2017/site_5083_Loni_Ghaziabad_UPPCB_15Min.csv
site_5092,"Manali Village, Chennai - TNPCB",Chennai,Tamil Nadu,https://airquality.cpcb.gov.in/dataRepository/download_file?file_name=Raw_data/15Min/2026/site_5092_Manali_Village_Chennai_TNPCB_15Min.csv,https://airquality.cpcb.gov.in/dataRepository/download_file?file_name=Raw_data/15Min/2025/site_5092_Manali_Village_Chennai_TNPCB_15Min.csv,https://airquality.cpcb.gov.in/dataRepository/download_file?file_name=Raw_data/15Min/2024/site_5092_Manali_Village_Chennai_TNPCB_15Min.csv,https://airquality.cpcb.gov.in/dataRepository/download_file?file_name=Raw_data/15Min/2023/site_5092_Manali_Village_Chennai_TNPCB_15Min.csv,https://airquality.cpcb.gov.in/dataRepository/download_file?file_name=Raw_data/15Min/2022/site_5092_Manali_Village_Chennai_TNPCB_15Min.csv,https://airquality.cpcb.gov.in/dataRepository/download_file?file_name=Raw_data/15Min/2021/site_5092_Manali_Village_Chennai_TNPCB_15Min.csv,https://airquality.cpcb.gov.in/dataRepository/download_file?file_name=Raw_data/15Min/2020/site_5092_Manali_Village_Chennai_TNPCB_15Min.csv,https://airquality.cpcb.gov.in/dataRepository/download_file?file_name=Raw_data/15Min/2019/site_5092_Manali_Village_Chennai_TNPCB_15Min.csv,https://airquality.cpcb.gov.in/dataRepository/download_file?file_name=Raw_data/15Min/2018/site_5092_Manali_Village_Chennai_TNPCB_15Min.csv,https://airquality.cpcb.gov.in/dataRepository/download_file?file_name=Raw_data/15Min/2017/site_5092_Manali_Village_Chennai_TNPCB_15Min.csv
site_5094,"SIDCO Kurichi, Coimbatore - TNPCB",Coimbatore,Tamil Nadu,https://airquality.cpcb.gov.in/dataRepository/download_file?file_name=Raw_data/15Min/2026/site_5094_SIDCO_Kurichi_Coimbatore_TNPCB_15Min.csv,https://airquality.cpcb.gov.in/dataRepository/download_file?file_name=Raw_data/15Min/2025/site_5094_SIDCO_Kurichi_Coimbatore_TNPCB_15Min.csv,https://airquality.cpcb.gov.in/dataRepository/download_file?file_name=Raw_data/15Min/2024/site_5094_SIDCO_Kurichi_Coimbatore_TNPCB_15Min.csv,https://airquality.cpcb.gov.in/dataRepository/download_file?file_name=Raw_data/15Min/2023/site_5094_SIDCO_Kurichi_Coimbatore_TNPCB_15Min.csv,https://airquality.cpcb.gov.in/dataRepository/download_file?file_name=Raw_data/15Min/2022/site_5094_SIDCO_Kurichi_Coimbatore_TNPCB_15Min.csv,https://airquality.cpcb.gov.in/dataRepository/download_file?file_name=Raw_data/15Min/2021/site_5094_SIDCO_Kurichi_Coimbatore_TNPCB_15Min.csv,https://airquality.cpcb.gov.in/dataRepository/download_file?file_name=Raw_data/15Min/2020/site_5094_SIDCO_Kurichi_Coimbatore_TNPCB_15Min.csv,https://airquality.cpcb.gov.in/dataRepository/download_file?file_name=Raw_data/15Min/2019/site_5094_SIDCO_Kurichi_Coimbatore_TNPCB_15Min.csv,https://airquality.cpcb.gov.in/dataRepository/download_file?file_name=Raw_data/15Min/2018/site_5094_SIDCO_Kurichi_Coimbatore_TNPCB_15Min.csv,https://airquality.cpcb.gov.in/dataRepository/download_file?file_name=Raw_data/15Min/2017/site_5094_SIDCO_Kurichi_Coimbatore_TNPCB_15Min.csv
site_5101,"Belur Math, Howrah - WBPCB",Howrah,West Bengal,https://airquality.cpcb.gov.in/dataRepository/download_file?file_name=Raw_data/15Min/2026/site_5101_Belur_Math_Howrah_WBPCB_15Min.csv,https://airquality.cpcb.gov.in/dataRepository/download_file?file_name=Raw_data/15Min/2025/site_5101_Belur_Math_Howrah_WBPCB_15Min.csv,https://airquality.cpcb.gov.in/dataRepository/download_file?file_name=Raw_data/15Min/2024/site_5101_Belur_Math_Howrah_WBPCB_15Min.csv,https://airquality.cpcb.gov.in/dataRepository/download_file?file_name=Raw_data/15Min/2023/site_5101_Belur_Math_Howrah_WBPCB_15Min.csv,https://airquality.cpcb.gov.in/dataRepository/download_file?file_name=Raw_data/15Min/2022/site_5101_Belur_Math_Howrah_WBPCB_15Min.csv,https://airquality.cpcb.gov.in/dataRepository/download_file?file_name=Raw_data/15Min/2021/site_5101_Belur_Math_Howrah_WBPCB_15Min.csv,https://airquality.cpcb.gov.in/dataRepository/download_file?file_name=Raw_data/15Min/2020/site_5101_Belur_Math_Howrah_WBPCB_15Min.csv,https://airquality.cpcb.gov.in/dataRepository/download_file?file_name=Raw_data/15Min/2019/site_5101_Belur_Math_Howrah_WBPCB_15Min.csv,https://airquality.cpcb.gov.in/dataRepository/download_file?file_name=Raw_data/15Min/2018/site_5101_Belur_Math_Howrah_WBPCB_15Min.csv,https://airquality.cpcb.gov.in/dataRepository/download_file?file_name=Raw_data/15Min/2017/site_5101_Belur_Math_Howrah_WBPCB_15Min.csv
site_5102,"Vasai West, Mumbai - MPCB",Mumbai,Maharashtra,https://airquality.cpcb.gov.in/dataRepository/download_file?file_name=Raw_data/15Min/2026/site_5102_Vasai_West_Mumbai_MPCB_15Min.csv,https://airquality.cpcb.gov.in/dataRepository/download_file?file_name=Raw_data/15Min/2025/site_5102_Vasai_West_Mumbai_MPCB_15Min.csv,https://airquality.cpcb.gov.in/dataRepository/download_file?file_name=Raw_data/15Min/2024/site_5102_Vasai_West_Mumbai_MPCB_15Min.csv,https://airquality.cpcb.gov.in/dataRepository/download_file?file_name=Raw_data/15Min/2023/site_5102_Vasai_West_Mumbai_MPCB_15Min.csv,https://airquality.cpcb.gov.in/dataRepository/download_file?file_name=Raw_data/15Min/2022/site_5102_Vasai_West_Mumbai_MPCB_15Min.csv,https://airquality.cpcb.gov.in/dataRepository/download_file?file_name=Raw_data/15Min/2021/site_5102_Vasai_West_Mumbai_MPCB_15Min.csv,https://airquality.cpcb.gov.in/dataRepository/download_file?file_name=Raw_data/15Min/2020/site_5102_Vasai_West_Mumbai_MPCB_15Min.csv,https://airquality.cpcb.gov.in/dataRepository/download_file?file_name=Raw_data/15Min/2019/site_5102_Vasai_West_Mumbai_MPCB_15Min.csv,https://airquality.cpcb.gov.in/dataRepository/download_file?file_name=Raw_data/15Min/2018/site_5102_Vasai_West_Mumbai_MPCB_15Min.csv,https://airquality.cpcb.gov.in/dataRepository/download_file?file_name=Raw_data/15Min/2017/site_5102_Vasai_West_Mumbai_MPCB_15Min.csv
site_5103,"Nerul, Navi Mumbai - MPCB",Navi Mumbai,Maharashtra,https://airquality.cpcb.gov.in/dataRepository/download_file?file_name=Raw_data/15Min/2026/site_5103_Nerul_Navi_Mumbai_MPCB_15Min.csv,https://airquality.cpcb.gov.in/dataRepository/download_file?file_name=Raw_data/15Min/2025/site_5103_Nerul_Navi_Mumbai_MPCB_15Min.csv,https://airquality.cpcb.gov.in/dataRepository/download_file?file_name=Raw_data/15Min/2024/site_5103_Nerul_Navi_Mumbai_MPCB_15Min.csv,https://airquality.cpcb.gov.in/dataRepository/download_file?file_name=Raw_data/15Min/2023/site_5103_Nerul_Navi_Mumbai_MPCB_15Min.csv,https://airquality.cpcb.gov.in/dataRepository/download_file?file_name=Raw_data/15Min/2022/site_5103_Nerul_Navi_Mumbai_MPCB_15Min.csv,https://airquality.cpcb.gov.in/dataRepository/download_file?file_name=Raw_data/15Min/2021/site_5103_Nerul_Navi_Mumbai_MPCB_15Min.csv,https://airquality.cpcb.gov.in/dataRepository/download_file?file_name=Raw_data/15Min/2020/site_5103_Nerul_Navi_Mumbai_MPCB_15Min.csv,https://airquality.cpcb.gov.in/dataRepository/download_file?file_name=Raw_data/15Min/2019/site_5103_Nerul_Navi_Mumbai_MPCB_15Min.csv,https://airquality.cpcb.gov.in/dataRepository/download_file?file_name=Raw_data/15Min/2018/site_5103_Nerul_Navi_Mumbai_MPCB_15Min.csv,https://airquality.cpcb.gov.in/dataRepository/download_file?file_name=Raw_data/15Min/2017/site_5103_Nerul_Navi_Mumbai_MPCB_15Min.csv
site_5104,"Kurla, Mumbai - MPCB",Mumbai,Maharashtra,https://airquality.cpcb.gov.in/dataRepository/download_file?file_name=Raw_data/15Min/2026/site_5104_Kurla_Mumbai_MPCB_15Min.csv,https://airquality.cpcb.gov.in/dataRepository/download_file?file_name=Raw_data/15Min/2025/site_5104_Kurla_Mumbai_MPCB_15Min.csv,https://airquality.cpcb.gov.in/dataRepository/download_file?file_name=Raw_data/15Min/2024/site_5104_Kurla_Mumbai_MPCB_15Min.csv,https://airquality.cpcb.gov.in/dataRepository/download_file?file_name=Raw_data/15Min/2023/site_5104_Kurla_Mumbai_MPCB_15Min.csv,https://airquality.cpcb.gov.in/dataRepository/download_file?file_name=Raw_data/15Min/2022/site_5104_Kurla_Mumbai_MPCB_15Min.csv,https://airquality.cpcb.gov.in/dataRepository/download_file?file_name=Raw_data/15Min/2021/site_5104_Kurla_Mumbai_MPCB_15Min.csv,https://airquality.cpcb.gov.in/dataRepository/download_file?file_name=Raw_data/15Min/2020/site_5104_Kurla_Mumbai_MPCB_15Min.csv,https://airquality.cpcb.gov.in/dataRepository/download_file?file_name=Raw_data/15Min/2019/site_5104_Kurla_Mumbai_MPCB_15Min.csv,https://airquality.cpcb.gov.in/dataRepository/download_file?file_name=Raw_data/15Min/2018/site_5104_Kurla_Mumbai_MPCB_15Min.csv,https://airquality.cpcb.gov.in/dataRepository/download_file?file_name=Raw_data/15Min/2017/site_5104_Kurla_Mumbai_MPCB_15Min.csv
site_5105,"Udyogamandal, Eloor - Kerala PCB",Eloor,Kerala,https://airquality.cpcb.gov.in/dataRepository/download_file?file_name=Raw_data/15Min/2026/site_5105_Udyogamandal_Eloor_Kerala_PCB_15Min.csv,https://airquality.cpcb.gov.in/dataRepository/download_file?file_name=Raw_data/15Min/2025/site_5105_Udyogamandal_Eloor_Kerala_PCB_15Min.csv,https://airquality.cpcb.gov.in/dataRepository/download_file?file_name=Raw_data/15Min/2024/site_5105_Udyogamandal_Eloor_Kerala_PCB_15Min.csv,https://airquality.cpcb.gov.in/dataRepository/download_file?file_name=Raw_data/15Min/2023/site_5105_Udyogamandal_Eloor_Kerala_PCB_15Min.csv,https://airquality.cpcb.gov.in/dataRepository/download_file?file_name=Raw_data/15Min/2022/site_5105_Udyogamandal_Eloor_Kerala_PCB_15Min.csv,https://airquality.cpcb.gov.in/dataRepository/download_file?file_name=Raw_data/15Min/2021/site_5105_Udyogamandal_Eloor_Kerala_PCB_15Min.csv,https://airquality.cpcb.gov.in/dataRepository/download_file?file_name=Raw_data/15Min/2020/site_5105_Udyogamandal_Eloor_Kerala_PCB_15Min.csv,https://airquality.cpcb.gov.in/dataRepository/download_file?file_name=Raw_data/15Min/2019/site_5105_Udyogamandal_Eloor_Kerala_PCB_15Min.csv,https://airquality.cpcb.gov.in/dataRepository/download_file?file_name=Raw_data/15Min/2018/site_5105_Udyogamandal_Eloor_Kerala_PCB_15Min.csv,https://airquality.cpcb.gov.in/dataRepository/download_file?file_name=Raw_data/15Min/2017/site_5105_Udyogamandal_Eloor_Kerala_PCB_15Min.csv
site_5106,"Vile Parle West, Mumbai - MPCB",Mumbai,Maharashtra,https://airquality.cpcb.gov.in/dataRepository/download_file?file_name=Raw_data/15Min/2026/site_5106_Vile_Parle_West_Mumbai_MPCB_15Min.csv,https://airquality.cpcb.gov.in/dataRepository/download_file?file_name=Raw_data/15Min/2025/site_5106_Vile_Parle_West_Mumbai_MPCB_15Min.csv,https://airquality.cpcb.gov.in/dataRepository/download_file?file_name=Raw_data/15Min/2024/site_5106_Vile_Parle_West_Mumbai_MPCB_15Min.csv,https://airquality.cpcb.gov.in/dataRepository/download_file?file_name=Raw_data/15Min/2023/site_5106_Vile_Parle_West_Mumbai_MPCB_15Min.csv,https://airquality.cpcb.gov.in/dataRepository/download_file?file_name=Raw_data/15Min/2022/site_5106_Vile_Parle_West_Mumbai_MPCB_15Min.csv,https://airquality.cpcb.gov.in/dataRepository/download_file?file_name=Raw_data/15Min/2021/site_5106_Vile_Parle_West_Mumbai_MPCB_15Min.csv,https://airquality.cpcb.gov.in/dataRepository/download_file?file_name=Raw_data/15Min/2020/site_5106_Vile_Parle_West_Mumbai_MPCB_15Min.csv,https://airquality.cpcb.gov.in/dataRepository/download_file?file_name=Raw_data/15Min/2019/site_5106_Vile_Parle_West_Mumbai_MPCB_15Min.csv,https://airquality.cpcb.gov.in/dataRepository/download_file?file_name=Raw_data/15Min/2018/site_5106_Vile_Parle_West_Mumbai_MPCB_15Min.csv,https://airquality.cpcb.gov.in/dataRepository/download_file?file_name=Raw_data/15Min/2017/site_5106_Vile_Parle_West_Mumbai_MPCB_15Min.csv
site_5107,"Chhatrapati Shivaji Intl. Airport (T2), Mumbai - MPCB",Mumbai,Maharashtra,https://airquality.cpcb.gov.in/dataRepository/download_file?file_name=Raw_data/15Min/2026/site_5107_Chhatrapati_Shivaji_Intl._Airport_(T2)_Mumbai_MPCB_15Min.csv,https://airquality.cpcb.gov.in/dataRepository/download_file?file_name=Raw_data/15Min/2025/site_5107_Chhatrapati_Shivaji_Intl._Airport_(T2)_Mumbai_MPCB_15Min.csv,https://airquality.cpcb.gov.in/dataRepository/download_file?file_name=Raw_data/15Min/2024/site_5107_Chhatrapati_Shivaji_Intl._Airport_(T2)_Mumbai_MPCB_15Min.csv,https://airquality.cpcb.gov.in/dataRepository/download_file?file_name=Raw_data/15Min/2023/site_5107_Chhatrapati_Shivaji_Intl._Airport_(T2)_Mumbai_MPCB_15Min.csv,https://airquality.cpcb.gov.in/dataRepository/download_file?file_name=Raw_data/15Min/2022/site_5107_Chhatrapati_Shivaji_Intl._Airport_(T2)_Mumbai_MPCB_15Min.csv,https://airquality.cpcb.gov.in/dataRepository/download_file?file_name=Raw_data/15Min/2021/site_5107_Chhatrapati_Shivaji_Intl._Airport_(T2)_Mumbai_MPCB_15Min.csv,https://airquality.cpcb.gov.in/dataRepository/download_file?file_name=Raw_data/15Min/2020/site_5107_Chhatrapati_Shivaji_Intl._Airport_(T2)_Mumbai_MPCB_15Min.csv,https://airquality.cpcb.gov.in/dataRepository/download_file?file_name=Raw_data/15Min/2019/site_5107_Chhatrapati_Shivaji_Intl._Airport_(T2)_Mumbai_MPCB_15Min.csv,https://airquality.cpcb.gov.in/dataRepository/download_file?file_name=Raw_data/15Min/2018/site_5107_Chhatrapati_Shivaji_Intl._Airport_(T2)_Mumbai_MPCB_15Min.csv,https://airquality.cpcb.gov.in/dataRepository/download_file?file_name=Raw_data/15Min/2017/site_5107_Chhatrapati_Shivaji_Intl._Airport_(T2)_Mumbai_MPCB_15Min.csv
site_5109,"Jai Bhim Nagar, Meerut - UPPCB",Meerut,Uttar Pradesh,https://airquality.cpcb.gov.in/dataRepository/download_file?file_name=Raw_data/15Min/2026/site_5109_Jai_Bhim_Nagar_Meerut_UPPCB_15Min.csv,https://airquality.cpcb.gov.in/dataRepository/download_file?file_name=Raw_data/15Min/2025/site_5109_Jai_Bhim_Nagar_Meerut_UPPCB_15Min.csv,https://airquality.cpcb.gov.in/dataRepository/download_file?file_name=Raw_data/15Min/2024/site_5109_Jai_Bhim_Nagar_Meerut_UPPCB_15Min.csv,https://airquality.cpcb.gov.in/dataRepository/download_file?file_name=Raw_data/15Min/2023/site_5109_Jai_Bhim_Nagar_Meerut_UPPCB_15Min.csv,https://airquality.cpcb.gov.in/dataRepository/download_file?file_name=Raw_data/15Min/2022/site_5109_Jai_Bhim_Nagar_Meerut_UPPCB_15Min.csv,https://airquality.cpcb.gov.in/dataRepository/download_file?file_name=Raw_data/15Min/2021/site_5109_Jai_Bhim_Nagar_Meerut_UPPCB_15Min.csv,https://airquality.cpcb.gov.in/dataRepository/download_file?file_name=Raw_data/15Min/2020/site_5109_Jai_Bhim_Nagar_Meerut_UPPCB_15Min.csv,https://airquality.cpcb.gov.in/dataRepository/download_file?file_name=Raw_data/15Min/2019/site_5109_Jai_Bhim_Nagar_Meerut_UPPCB_15Min.csv,https://airquality.cpcb.gov.in/dataRepository/download_file?file_name=Raw_data/15Min/2018/site_5109_Jai_Bhim_Nagar_Meerut_UPPCB_15Min.csv,https://airquality.cpcb.gov.in/dataRepository/download_file?file_name=Raw_data/15Min/2017/site_5109_Jai_Bhim_Nagar_Meerut_UPPCB_15Min.csv
site_5110,"Fort William, Kolkata - WBPCB",Kolkata,West Bengal,https://airquality.cpcb.gov.in/dataRepository/download_file?file_name=Raw_data/15Min/2026/site_5110_Fort_William_Kolkata_WBPCB_15Min.csv,https://airquality.cpcb.gov.in/dataRepository/download_file?file_name=Raw_data/15Min/2025/site_5110_Fort_William_Kolkata_WBPCB_15Min.csv,https://airquality.cpcb.gov.in/dataRepository/download_file?file_name=Raw_data/15Min/2024/site_5110_Fort_William_Kolkata_WBPCB_15Min.csv,https://airquality.cpcb.gov.in/dataRepository/download_file?file_name=Raw_data/15Min/2023/site_5110_Fort_William_Kolkata_WBPCB_15Min.csv,https://airquality.cpcb.gov.in/dataRepository/download_file?file_name=Raw_data/15Min/2022/site_5110_Fort_William_Kolkata_WBPCB_15Min.csv,https://airquality.cpcb.gov.in/dataRepository/download_file?file_name=Raw_data/15Min/2021/site_5110_Fort_William_Kolkata_WBPCB_15Min.csv,https://airquality.cpcb.gov.in/dataRepository/download_file?file_name=Raw_data/15Min/2020/site_5110_Fort_William_Kolkata_WBPCB_15Min.csv,https://airquality.cpcb.gov.in/dataRepository/download_file?file_name=Raw_data/15Min/2019/site_5110_Fort_William_Kolkata_WBPCB_15Min.csv,https://airquality.cpcb.gov.in/dataRepository/download_file?file_name=Raw_data/15Min/2018/site_5110_Fort_William_Kolkata_WBPCB_15Min.csv,https://airquality.cpcb.gov.in/dataRepository/download_file?file_name=Raw_data/15Min/2017/site_5110_Fort_William_Kolkata_WBPCB_15Min.csv
site_5111,"Jadavpur, Kolkata - WBPCB",Kolkata,West Bengal,https://airquality.cpcb.gov.in/dataRepository/download_file?file_name=Raw_data/15Min/2026/site_5111_Jadavpur_Kolkata_WBPCB_15Min.csv,https://airquality.cpcb.gov.in/dataRepository/download_file?file_name=Raw_data/15Min/2025/site_5111_Jadavpur_Kolkata_WBPCB_15Min.csv,https://airquality.cpcb.gov.in/dataRepository/download_file?file_name=Raw_data/15Min/2024/site_5111_Jadavpur_Kolkata_WBPCB_15Min.csv,https://airquality.cpcb.gov.in/dataRepository/download_file?file_name=Raw_data/15Min/2023/site_5111_Jadavpur_Kolkata_WBPCB_15Min.csv,https://airquality.cpcb.gov.in/dataRepository/download_file?file_name=Raw_data/15Min/2022/site_5111_Jadavpur_Kolkata_WBPCB_15Min.csv,https://airquality.cpcb.gov.in/dataRepository/download_file?file_name=Raw_data/15Min/2021/site_5111_Jadavpur_Kolkata_WBPCB_15Min.csv,https://airquality.cpcb.gov.in/dataRepository/download_file?file_name=Raw_data/15Min/2020/site_5111_Jadavpur_Kolkata_WBPCB_15Min.csv,https://airquality.cpcb.gov.in/dataRepository/download_file?file_name=Raw_data/15Min/2019/site_5111_Jadavpur_Kolkata_WBPCB_15Min.csv,https://airquality.cpcb.gov.in/dataRepository/download_file?file_name=Raw_data/15Min/2018/site_5111_Jadavpur_Kolkata_WBPCB_15Min.csv,https://airquality.cpcb.gov.in/dataRepository/download_file?file_name=Raw_data/15Min/2017/site_5111_Jadavpur_Kolkata_WBPCB_15Min.csv
site_5112,"Powai, Mumbai - MPCB",Mumbai,Maharashtra,https://airquality.cpcb.gov.in/dataRepository/download_file?file_name=Raw_data/15Min/2026/site_5112_Powai_Mumbai_MPCB_15Min.csv,https://airquality.cpcb.gov.in/dataRepository/download_file?file_name=Raw_data/15Min/2025/site_5112_Powai_Mumbai_MPCB_15Min.csv,https://airquality.cpcb.gov.in/dataRepository/download_file?file_name=Raw_data/15Min/2024/site_5112_Powai_Mumbai_MPCB_15Min.csv,https://airquality.cpcb.gov.in/dataRepository/download_file?file_name=Raw_data/15Min/2023/site_5112_Powai_Mumbai_MPCB_15Min.csv,https://airquality.cpcb.gov.in/dataRepository/download_file?file_name=Raw_data/15Min/2022/site_5112_Powai_Mumbai_MPCB_15Min.csv,https://airquality.cpcb.gov.in/dataRepository/download_file?file_name=Raw_data/15Min/2021/site_5112_Powai_Mumbai_MPCB_15Min.csv,https://airquality.cpcb.gov.in/dataRepository/download_file?file_name=Raw_data/15Min/2020/site_5112_Powai_Mumbai_MPCB_15Min.csv,https://airquality.cpcb.gov.in/dataRepository/download_file?file_name=Raw_data/15Min/2019/site_5112_Powai_Mumbai_MPCB_15Min.csv,https://airquality.cpcb.gov.in/dataRepository/download_file?file_name=Raw_data/15Min/2018/site_5112_Powai_Mumbai_MPCB_15Min.csv,https://airquality.cpcb.gov.in/dataRepository/download_file?file_name=Raw_data/15Min/2017/site_5112_Powai_Mumbai_MPCB_15Min.csv
site_5113,"Borivali East, Mumbai - MPCB",Mumbai,Maharashtra,https://airquality.cpcb.gov.in/dataRepository/download_file?file_name=Raw_data/15Min/2026/site_5113_Borivali_East_Mumbai_MPCB_15Min.csv,https://airquality.cpcb.gov.in/dataRepository/download_file?file_name=Raw_data/15Min/2025/site_5113_Borivali_East_Mumbai_MPCB_15Min.csv,https://airquality.cpcb.gov.in/dataRepository/download_file?file_name=Raw_data/15Min/2024/site_5113_Borivali_East_Mumbai_MPCB_15Min.csv,https://airquality.cpcb.gov.in/dataRepository/download_file?file_name=Raw_data/15Min/2023/site_5113_Borivali_East_Mumbai_MPCB_15Min.csv,https://airquality.cpcb.gov.in/dataRepository/download_file?file_name=Raw_data/15Min/2022/site_5113_Borivali_East_Mumbai_MPCB_15Min.csv,https://airquality.cpcb.gov.in/dataRepository/download_file?file_name=Raw_data/15Min/2021/site_5113_Borivali_East_Mumbai_MPCB_15Min.csv,https://airquality.cpcb.gov.in/dataRepository/download_file?file_name=Raw_data/15Min/2020/site_5113_Borivali_East_Mumbai_MPCB_15Min.csv,https://airquality.cpcb.gov.in/dataRepository/download_file?file_name=Raw_data/15Min/2019/site_5113_Borivali_East_Mumbai_MPCB_15Min.csv,https://airquality.cpcb.gov.in/dataRepository/download_file?file_name=Raw_data/15Min/2018/site_5113_Borivali_East_Mumbai_MPCB_15Min.csv,https://airquality.cpcb.gov.in/dataRepository/download_file?file_name=Raw_data/15Min/2017/site_5113_Borivali_East_Mumbai_MPCB_15Min.csv
site_5114,"Mahape, Navi Mumbai - MPCB",Navi Mumbai,Maharashtra,https://airquality.cpcb.gov.in/dataRepository/download_file?file_name=Raw_data/15Min/2026/site_5114_Mahape_Navi_Mumbai_MPCB_15Min.csv,https://airquality.cpcb.gov.in/dataRepository/download_file?file_name=Raw_data/15Min/2025/site_5114_Mahape_Navi_Mumbai_MPCB_15Min.csv,https://airquality.cpcb.gov.in/dataRepository/download_file?file_name=Raw_data/15Min/2024/site_5114_Mahape_Navi_Mumbai_MPCB_15Min.csv,https://airquality.cpcb.gov.in/dataRepository/download_file?file_name=Raw_data/15Min/2023/site_5114_Mahape_Navi_Mumbai_MPCB_15Min.csv,https://airquality.cpcb.gov.in/dataRepository/download_file?file_name=Raw_data/15Min/2022/site_5114_Mahape_Navi_Mumbai_MPCB_15Min.csv,https://airquality.cpcb.gov.in/dataRepository/download_file?file_name=Raw_data/15Min/2021/site_5114_Mahape_Navi_Mumbai_MPCB_15Min.csv,https://airquality.cpcb.gov.in/dataRepository/download_file?file_name=Raw_data/15Min/2020/site_5114_Mahape_Navi_Mumbai_MPCB_15Min.csv,https://airquality.cpcb.gov.in/dataRepository/download_file?file_name=Raw_data/15Min/2019/site_5114_Mahape_Navi_Mumbai_MPCB_15Min.csv,https://airquality.cpcb.gov.in/dataRepository/download_file?file_name=Raw_data/15Min/2018/site_5114_Mahape_Navi_Mumbai_MPCB_15Min.csv,https://airquality.cpcb.gov.in/dataRepository/download_file?file_name=Raw_data/15Min/2017/site_5114_Mahape_Navi_Mumbai_MPCB_15Min.csv
site_5115,"Worli, Mumbai - MPCB",Mumbai,Maharashtra,https://airquality.cpcb.gov.in/dataRepository/download_file?file_name=Raw_data/15Min/2026/site_5115_Worli_Mumbai_MPCB_15Min.csv,https://airquality.cpcb.gov.in/dataRepository/download_file?file_name=Raw_data/15Min/2025/site_5115_Worli_Mumbai_MPCB_15Min.csv,https://airquality.cpcb.gov.in/dataRepository/download_file?file_name=Raw_data/15Min/2024/site_5115_Worli_Mumbai_MPCB_15Min.csv,https://airquality.cpcb.gov.in/dataRepository/download_file?file_name=Raw_data/15Min/2023/site_5115_Worli_Mumbai_MPCB_15Min.csv,https://airquality.cpcb.gov.in/dataRepository/download_file?file_name=Raw_data/15Min/2022/site_5115_Worli_Mumbai_MPCB_15Min.csv,https://airquality.cpcb.gov.in/dataRepository/download_file?file_name=Raw_data/15Min/2021/site_5115_Worli_Mumbai_MPCB_15Min.csv,https://airquality.cpcb.gov.in/dataRepository/download_file?file_name=Raw_data/15Min/2020/site_5115_Worli_Mumbai_MPCB_15Min.csv,https://airquality.cpcb.gov.in/dataRepository/download_file?file_name=Raw_data/15Min/2019/site_5115_Worli_Mumbai_MPCB_15Min.csv,https://airquality.cpcb.gov.in/dataRepository/download_file?file_name=Raw_data/15Min/2018/site_5115_Worli_Mumbai_MPCB_15Min.csv,https://airquality.cpcb.gov.in/dataRepository/download_file?file_name=Raw_data/15Min/2017/site_5115_Worli_Mumbai_MPCB_15Min.csv
site_5118,"Khadakpada, Kalyan - MPCB",Kalyan,Maharashtra,https://airquality.cpcb.gov.in/dataRepository/download_file?file_name=Raw_data/15Min/2026/site_5118_Khadakpada_Kalyan_MPCB_15Min.csv,https://airquality.cpcb.gov.in/dataRepository/download_file?file_name=Raw_data/15Min/2025/site_5118_Khadakpada_Kalyan_MPCB_15Min.csv,https://airquality.cpcb.gov.in/dataRepository/download_file?file_name=Raw_data/15Min/2024/site_5118_Khadakpada_Kalyan_MPCB_15Min.csv,https://airquality.cpcb.gov.in/dataRepository/download_file?file_name=Raw_data/15Min/2023/site_5118_Khadakpada_Kalyan_MPCB_15Min.csv,https://airquality.cpcb.gov.in/dataRepository/download_file?file_name=Raw_data/15Min/2022/site_5118_Khadakpada_Kalyan_MPCB_15Min.csv,https://airquality.cpcb.gov.in/dataRepository/download_file?file_name=Raw_data/15Min/2021/site_5118_Khadakpada_Kalyan_MPCB_15Min.csv,https://airquality.cpcb.gov.in/dataRepository/download_file?file_name=Raw_data/15Min/2020/site_5118_Khadakpada_Kalyan_MPCB_15Min.csv,https://airquality.cpcb.gov.in/dataRepository/download_file?file_name=Raw_data/15Min/2019/site_5118_Khadakpada_Kalyan_MPCB_15Min.csv,https://airquality.cpcb.gov.in/dataRepository/download_file?file_name=Raw_data/15Min/2018/site_5118_Khadakpada_Kalyan_MPCB_15Min.csv,https://airquality.cpcb.gov.in/dataRepository/download_file?file_name=Raw_data/15Min/2017/site_5118_Khadakpada_Kalyan_MPCB_15Min.csv
site_5119,"Sion, Mumbai - MPCB",Mumbai,Maharashtra,https://airquality.cpcb.gov.in/dataRepository/download_file?file_name=Raw_data/15Min/2026/site_5119_Sion_Mumbai_MPCB_15Min.csv,https://airquality.cpcb.gov.in/dataRepository/download_file?file_name=Raw_data/15Min/2025/site_5119_Sion_Mumbai_MPCB_15Min.csv,https://airquality.cpcb.gov.in/dataRepository/download_file?file_name=Raw_data/15Min/2024/site_5119_Sion_Mumbai_MPCB_15Min.csv,https://airquality.cpcb.gov.in/dataRepository/download_file?file_name=Raw_data/15Min/2023/site_5119_Sion_Mumbai_MPCB_15Min.csv,https://airquality.cpcb.gov.in/dataRepository/download_file?file_name=Raw_data/15Min/2022/site_5119_Sion_Mumbai_MPCB_15Min.csv,https://airquality.cpcb.gov.in/dataRepository/download_file?file_name=Raw_data/15Min/2021/site_5119_Sion_Mumbai_MPCB_15Min.csv,https://airquality.cpcb.gov.in/dataRepository/download_file?file_name=Raw_data/15Min/2020/site_5119_Sion_Mumbai_MPCB_15Min.csv,https://airquality.cpcb.gov.in/dataRepository/download_file?file_name=Raw_data/15Min/2019/site_5119_Sion_Mumbai_MPCB_15Min.csv,https://airquality.cpcb.gov.in/dataRepository/download_file?file_name=Raw_data/15Min/2018/site_5119_Sion_Mumbai_MPCB_15Min.csv,https://airquality.cpcb.gov.in/dataRepository/download_file?file_name=Raw_data/15Min/2017/site_5119_Sion_Mumbai_MPCB_15Min.csv
site_5120,"Colaba, Mumbai - MPCB",Mumbai,Maharashtra,https://airquality.cpcb.gov.in/dataRepository/download_file?file_name=Raw_data/15Min/2026/site_5120_Colaba_Mumbai_MPCB_15Min.csv,https://airquality.cpcb.gov.in/dataRepository/download_file?file_name=Raw_data/15Min/2025/site_5120_Colaba_Mumbai_MPCB_15Min.csv,https://airquality.cpcb.gov.in/dataRepository/download_file?file_name=Raw_data/15Min/2024/site_5120_Colaba_Mumbai_MPCB_15Min.csv,https://airquality.cpcb.gov.in/dataRepository/download_file?file_name=Raw_data/15Min/2023/site_5120_Colaba_Mumbai_MPCB_15Min.csv,https://airquality.cpcb.gov.in/dataRepository/download_file?file_name=Raw_data/15Min/2022/site_5120_Colaba_Mumbai_MPCB_15Min.csv,https://airquality.cpcb.gov.in/dataRepository/download_file?file_name=Raw_data/15Min/2021/site_5120_Colaba_Mumbai_MPCB_15Min.csv,https://airquality.cpcb.gov.in/dataRepository/download_file?file_name=Raw_data/15Min/2020/site_5120_Colaba_Mumbai_MPCB_15Min.csv,https://airquality.cpcb.gov.in/dataRepository/download_file?file_name=Raw_data/15Min/2019/site_5120_Colaba_Mumbai_MPCB_15Min.csv,https://airquality.cpcb.gov.in/dataRepository/download_file?file_name=Raw_data/15Min/2018/site_5120_Colaba_Mumbai_MPCB_15Min.csv,https://airquality.cpcb.gov.in/dataRepository/download_file?file_name=Raw_data/15Min/2017/site_5120_Colaba_Mumbai_MPCB_15Min.csv
site_5121,"Knowledge Park - V, Greater Noida - UPPCB",Greater Noida,Uttar Pradesh,https://airquality.cpcb.gov.in/dataRepository/download_file?file_name=Raw_data/15Min/2026/site_5121_Knowledge_Park_V_Greater_Noida_UPPCB_15Min.csv,https://airquality.cpcb.gov.in/dataRepository/download_file?file_name=Raw_data/15Min/2025/site_5121_Knowledge_Park_V_Greater_Noida_UPPCB_15Min.csv,https://airquality.cpcb.gov.in/dataRepository/download_file?file_name=Raw_data/15Min/2024/site_5121_Knowledge_Park_V_Greater_Noida_UPPCB_15Min.csv,https://airquality.cpcb.gov.in/dataRepository/download_file?file_name=Raw_data/15Min/2023/site_5121_Knowledge_Park_V_Greater_Noida_UPPCB_15Min.csv,https://airquality.cpcb.gov.in/dataRepository/download_file?file_name=Raw_data/15Min/2022/site_5121_Knowledge_Park_V_Greater_Noida_UPPCB_15Min.csv,https://airquality.cpcb.gov.in/dataRepository/download_file?file_name=Raw_data/15Min/2021/site_5121_Knowledge_Park_V_Greater_Noida_UPPCB_15Min.csv,https://airquality.cpcb.gov.in/dataRepository/download_file?file_name=Raw_data/15Min/2020/site_5121_Knowledge_Park_V_Greater_Noida_UPPCB_15Min.csv,https://airquality.cpcb.gov.in/dataRepository/download_file?file_name=Raw_data/15Min/2019/site_5121_Knowledge_Park_V_Greater_Noida_UPPCB_15Min.csv,https://airquality.cpcb.gov.in/dataRepository/download_file?file_name=Raw_data/15Min/2018/site_5121_Knowledge_Park_V_Greater_Noida_UPPCB_15Min.csv,https://airquality.cpcb.gov.in/dataRepository/download_file?file_name=Raw_data/15Min/2017/site_5121_Knowledge_Park_V_Greater_Noida_UPPCB_15Min.csv
site_5122,"Sector-116, Noida - UPPCB",Noida,Uttar Pradesh,,https://airquality.cpcb.gov.in/dataRepository/download_file?file_name=Raw_data/15Min/2025/site_5122_Sector-116_Noida_UPPCB_15Min.csv,https://airquality.cpcb.gov.in/dataRepository/download_file?file_name=Raw_data/15Min/2024/site_5122_Sector-116_Noida_UPPCB_15Min.csv,https://airquality.cpcb.gov.in/dataRepository/download_file?file_name=Raw_data/15Min/2023/site_5122_Sector-116_Noida_UPPCB_15Min.csv,https://airquality.cpcb.gov.in/dataRepository/download_file?file_name=Raw_data/15Min/2022/site_5122_Sector-116_Noida_UPPCB_15Min.csv,https://airquality.cpcb.gov.in/dataRepository/download_file?file_name=Raw_data/15Min/2021/site_5122_Sector-116_Noida_UPPCB_15Min.csv,https://airquality.cpcb.gov.in/dataRepository/download_file?file_name=Raw_data/15Min/2020/site_5122_Sector-116_Noida_UPPCB_15Min.csv,https://airquality.cpcb.gov.in/dataRepository/download_file?file_name=Raw_data/15Min/2019/site_5122_Sector-116_Noida_UPPCB_15Min.csv,https://airquality.cpcb.gov.in/dataRepository/download_file?file_name=Raw_data/15Min/2018/site_5122_Sector-116_Noida_UPPCB_15Min.csv,https://airquality.cpcb.gov.in/dataRepository/download_file?file_name=Raw_data/15Min/2017/site_5122_Sector-116_Noida_UPPCB_15Min.csv
site_5123,"Sector-1, Noida - UPPCB",Noida,Uttar Pradesh,,https://airquality.cpcb.gov.in/dataRepository/download_file?file_name=Raw_data/15Min/2025/site_5123_Sector-1_Noida_UPPCB_15Min.csv,https://airquality.cpcb.gov.in/dataRepository/download_file?file_name=Raw_data/15Min/2024/site_5123_Sector-1_Noida_UPPCB_15Min.csv,https://airquality.cpcb.gov.in/dataRepository/download_file?file_name=Raw_data/15Min/2023/site_5123_Sector-1_Noida_UPPCB_15Min.csv,https://airquality.cpcb.gov.in/dataRepository/download_file?file_name=Raw_data/15Min/2022/site_5123_Sector-1_Noida_UPPCB_15Min.csv,https://airquality.cpcb.gov.in/dataRepository/download_file?file_name=Raw_data/15Min/2021/site_5123_Sector-1_Noida_UPPCB_15Min.csv,https://airquality.cpcb.gov.in/dataRepository/download_file?file_name=Raw_data/15Min/2020/site_5123_Sector-1_Noida_UPPCB_15Min.csv,https://airquality.cpcb.gov.in/dataRepository/download_file?file_name=Raw_data/15Min/2019/site_5123_Sector-1_Noida_UPPCB_15Min.csv,https://airquality.cpcb.gov.in/dataRepository/download_file?file_name=Raw_data/15Min/2018/site_5123_Sector-1_Noida_UPPCB_15Min.csv,https://airquality.cpcb.gov.in/dataRepository/download_file?file_name=Raw_data/15Min/2017/site_5123_Sector-1_Noida_UPPCB_15Min.csv
site_5124,"Urban, Chamarajanagar - KSPCB",Chamarajanagar,Karnataka,https://airquality.cpcb.gov.in/dataRepository/download_file?file_name=Raw_data/15Min/2026/site_5124_Urban_Chamarajanagar_KSPCB_15Min.csv,https://airquality.cpcb.gov.in/dataRepository/download_file?file_name=Raw_data/15Min/2025/site_5124_Urban_Chamarajanagar_KSPCB_15Min.csv,https://airquality.cpcb.gov.in/dataRepository/download_file?file_name=Raw_data/15Min/2024/site_5124_Urban_Chamarajanagar_KSPCB_15Min.csv,https://airquality.cpcb.gov.in/dataRepository/download_file?file_name=Raw_data/15Min/2023/site_5124_Urban_Chamarajanagar_KSPCB_15Min.csv,https://airquality.cpcb.gov.in/dataRepository/download_file?file_name=Raw_data/15Min/2022/site_5124_Urban_Chamarajanagar_KSPCB_15Min.csv,https://airquality.cpcb.gov.in/dataRepository/download_file?file_name=Raw_data/15Min/2021/site_5124_Urban_Chamarajanagar_KSPCB_15Min.csv,https://airquality.cpcb.gov.in/dataRepository/download_file?file_name=Raw_data/15Min/2020/site_5124_Urban_Chamarajanagar_KSPCB_15Min.csv,https://airquality.cpcb.gov.in/dataRepository/download_file?file_name=Raw_data/15Min/2019/site_5124_Urban_Chamarajanagar_KSPCB_15Min.csv,https://airquality.cpcb.gov.in/dataRepository/download_file?file_name=Raw_data/15Min/2018/site_5124_Urban_Chamarajanagar_KSPCB_15Min.csv,https://airquality.cpcb.gov.in/dataRepository/download_file?file_name=Raw_data/15Min/2017/site_5124_Urban_Chamarajanagar_KSPCB_15Min.csv
site_5125,"Hebbal 1st Stage, Mysuru - KSPCB",Mysuru,Karnataka,https://airquality.cpcb.gov.in/dataRepository/download_file?file_name=Raw_data/15Min/2026/site_5125_Hebbal_1st_Stage_Mysuru_KSPCB_15Min.csv,https://airquality.cpcb.gov.in/dataRepository/download_file?file_name=Raw_data/15Min/2025/site_5125_Hebbal_1st_Stage_Mysuru_KSPCB_15Min.csv,https://airquality.cpcb.gov.in/dataRepository/download_file?file_name=Raw_data/15Min/2024/site_5125_Hebbal_1st_Stage_Mysuru_KSPCB_15Min.csv,https://airquality.cpcb.gov.in/dataRepository/download_file?file_name=Raw_data/15Min/2023/site_5125_Hebbal_1st_Stage_Mysuru_KSPCB_15Min.csv,https://airquality.cpcb.gov.in/dataRepository/download_file?file_name=Raw_data/15Min/2022/site_5125_Hebbal_1st_Stage_Mysuru_KSPCB_15Min.csv,https://airquality.cpcb.gov.in/dataRepository/download_file?file_name=Raw_data/15Min/2021/site_5125_Hebbal_1st_Stage_Mysuru_KSPCB_15Min.csv,https://airquality.cpcb.gov.in/dataRepository/download_file?file_name=Raw_data/15Min/2020/site_5125_Hebbal_1st_Stage_Mysuru_KSPCB_15Min.csv,https://airquality.cpcb.gov.in/dataRepository/download_file?file_name=Raw_data/15Min/2019/site_5125_Hebbal_1st_Stage_Mysuru_KSPCB_15Min.csv,https://airquality.cpcb.gov.in/dataRepository/download_file?file_name=Raw_data/15Min/2018/site_5125_Hebbal_1st_Stage_Mysuru_KSPCB_15Min.csv,https://airquality.cpcb.gov.in/dataRepository/download_file?file_name=Raw_data/15Min/2017/site_5125_Hebbal_1st_Stage_Mysuru_KSPCB_15Min.csv
site_5126,"Rabindra Sarobar, Kolkata - WBPCB",Kolkata,West Bengal,https://airquality.cpcb.gov.in/dataRepository/download_file?file_name=Raw_data/15Min/2026/site_5126_Rabindra_Sarobar_Kolkata_WBPCB_15Min.csv,https://airquality.cpcb.gov.in/dataRepository/download_file?file_name=Raw_data/15Min/2025/site_5126_Rabindra_Sarobar_Kolkata_WBPCB_15Min.csv,https://airquality.cpcb.gov.in/dataRepository/download_file?file_name=Raw_data/15Min/2024/site_5126_Rabindra_Sarobar_Kolkata_WBPCB_15Min.csv,https://airquality.cpcb.gov.in/dataRepository/download_file?file_name=Raw_data/15Min/2023/site_5126_Rabindra_Sarobar_Kolkata_WBPCB_15Min.csv,https://airquality.cpcb.gov.in/dataRepository/download_file?file_name=Raw_data/15Min/2022/site_5126_Rabindra_Sarobar_Kolkata_WBPCB_15Min.csv,https://airquality.cpcb.gov.in/dataRepository/download_file?file_name=Raw_data/15Min/2021/site_5126_Rabindra_Sarobar_Kolkata_WBPCB_15Min.csv,https://airquality.cpcb.gov.in/dataRepository/download_file?file_name=Raw_data/15Min/2020/site_5126_Rabindra_Sarobar_Kolkata_WBPCB_15Min.csv,https://airquality.cpcb.gov.in/dataRepository/download_file?file_name=Raw_data/15Min/2019/site_5126_Rabindra_Sarobar_Kolkata_WBPCB_15Min.csv,https://airquality.cpcb.gov.in/dataRepository/download_file?file_name=Raw_data/15Min/2018/site_5126_Rabindra_Sarobar_Kolkata_WBPCB_15Min.csv,https://airquality.cpcb.gov.in/dataRepository/download_file?file_name=Raw_data/15Min/2017/site_5126_Rabindra_Sarobar_Kolkata_WBPCB_15Min.csv
site_5127,"Sector-25, Chandigarh - CPCC",Chandigarh,Chandigarh,,https://airquality.cpcb.gov.in/dataRepository/download_file?file_name=Raw_data/15Min/2025/site_5127_Sector-25_Chandigarh_CPCC_15Min.csv,https://airquality.cpcb.gov.in/dataRepository/download_file?file_name=Raw_data/15Min/2024/site_5127_Sector-25_Chandigarh_CPCC_15Min.csv,https://airquality.cpcb.gov.in/dataRepository/download_file?file_name=Raw_data/15Min/2023/site_5127_Sector-25_Chandigarh_CPCC_15Min.csv,https://airquality.cpcb.gov.in/dataRepository/download_file?file_name=Raw_data/15Min/2022/site_5127_Sector-25_Chandigarh_CPCC_15Min.csv,https://airquality.cpcb.gov.in/dataRepository/download_file?file_name=Raw_data/15Min/2021/site_5127_Sector-25_Chandigarh_CPCC_15Min.csv,https://airquality.cpcb.gov.in/dataRepository/download_file?file_name=Raw_data/15Min/2020/site_5127_Sector-25_Chandigarh_CPCC_15Min.csv,https://airquality.cpcb.gov.in/dataRepository/download_file?file_name=Raw_data/15Min/2019/site_5127_Sector-25_Chandigarh_CPCC_15Min.csv,https://airquality.cpcb.gov.in/dataRepository/download_file?file_name=Raw_data/15Min/2018/site_5127_Sector-25_Chandigarh_CPCC_15Min.csv,https://airquality.cpcb.gov.in/dataRepository/download_file?file_name=Raw_data/15Min/2017/site_5127_Sector-25_Chandigarh_CPCC_15Min.csv
site_5128,"Gomti Nagar, Lucknow - UPPCB",Lucknow,Uttar Pradesh,https://airquality.cpcb.gov.in/dataRepository/download_file?file_name=Raw_data/15Min/2026/site_5128_Gomti_Nagar_Lucknow_UPPCB_15Min.csv,https://airquality.cpcb.gov.in/dataRepository/download_file?file_name=Raw_data/15Min/2025/site_5128_Gomti_Nagar_Lucknow_UPPCB_15Min.csv,https://airquality.cpcb.gov.in/dataRepository/download_file?file_name=Raw_data/15Min/2024/site_5128_Gomti_Nagar_Lucknow_UPPCB_15Min.csv,https://airquality.cpcb.gov.in/dataRepository/download_file?file_name=Raw_data/15Min/2023/site_5128_Gomti_Nagar_Lucknow_UPPCB_15Min.csv,https://airquality.cpcb.gov.in/dataRepository/download_file?file_name=Raw_data/15Min/2022/site_5128_Gomti_Nagar_Lucknow_UPPCB_15Min.csv,https://airquality.cpcb.gov.in/dataRepository/download_file?file_name=Raw_data/15Min/2021/site_5128_Gomti_Nagar_Lucknow_UPPCB_15Min.csv,https://airquality.cpcb.gov.in/dataRepository/download_file?file_name=Raw_data/15Min/2020/site_5128_Gomti_Nagar_Lucknow_UPPCB_15Min.csv,https://airquality.cpcb.gov.in/dataRepository/download_file?file_name=Raw_data/15Min/2019/site_5128_Gomti_Nagar_Lucknow_UPPCB_15Min.csv,https://airquality.cpcb.gov.in/dataRepository/download_file?file_name=Raw_data/15Min/2018/site_5128_Gomti_Nagar_Lucknow_UPPCB_15Min.csv,https://airquality.cpcb.gov.in/dataRepository/download_file?file_name=Raw_data/15Min/2017/site_5128_Gomti_Nagar_Lucknow_UPPCB_15Min.csv
site_5129,"Bidhannagar, Kolkata - WBPCB",Kolkata,West Bengal,https://airquality.cpcb.gov.in/dataRepository/download_file?file_name=Raw_data/15Min/2026/site_5129_Bidhannagar_Kolkata_WBPCB_15Min.csv,https://airquality.cpcb.gov.in/dataRepository/download_file?file_name=Raw_data/15Min/2025/site_5129_Bidhannagar_Kolkata_WBPCB_15Min.csv,https://airquality.cpcb.gov.in/dataRepository/download_file?file_name=Raw_data/15Min/2024/site_5129_Bidhannagar_Kolkata_WBPCB_15Min.csv,https://airquality.cpcb.gov.in/dataRepository/download_file?file_name=Raw_data/15Min/2023/site_5129_Bidhannagar_Kolkata_WBPCB_15Min.csv,https://airquality.cpcb.gov.in/dataRepository/download_file?file_name=Raw_data/15Min/2022/site_5129_Bidhannagar_Kolkata_WBPCB_15Min.csv,https://airquality.cpcb.gov.in/dataRepository/download_file?file_name=Raw_data/15Min/2021/site_5129_Bidhannagar_Kolkata_WBPCB_15Min.csv,https://airquality.cpcb.gov.in/dataRepository/download_file?file_name=Raw_data/15Min/2020/site_5129_Bidhannagar_Kolkata_WBPCB_15Min.csv,https://airquality.cpcb.gov.in/dataRepository/download_file?file_name=Raw_data/15Min/2019/site_5129_Bidhannagar_Kolkata_WBPCB_15Min.csv,https://airquality.cpcb.gov.in/dataRepository/download_file?file_name=Raw_data/15Min/2018/site_5129_Bidhannagar_Kolkata_WBPCB_15Min.csv,https://airquality.cpcb.gov.in/dataRepository/download_file?file_name=Raw_data/15Min/2017/site_5129_Bidhannagar_Kolkata_WBPCB_15Min.csv
site_5131,"Lumpyngngad, Shillong - Meghalaya PCB",Shillong,Meghalaya,https://airquality.cpcb.gov.in/dataRepository/download_file?file_name=Raw_data/15Min/2026/site_5131_Lumpyngngad_Shillong_Meghalaya_PCB_15Min.csv,https://airquality.cpcb.gov.in/dataRepository/download_file?file_name=Raw_data/15Min/2025/site_5131_Lumpyngngad_Shillong_Meghalaya_PCB_15Min.csv,https://airquality.cpcb.gov.in/dataRepository/download_file?file_name=Raw_data/15Min/2024/site_5131_Lumpyngngad_Shillong_Meghalaya_PCB_15Min.csv,https://airquality.cpcb.gov.in/dataRepository/download_file?file_name=Raw_data/15Min/2023/site_5131_Lumpyngngad_Shillong_Meghalaya_PCB_15Min.csv,https://airquality.cpcb.gov.in/dataRepository/download_file?file_name=Raw_data/15Min/2022/site_5131_Lumpyngngad_Shillong_Meghalaya_PCB_15Min.csv,https://airquality.cpcb.gov.in/dataRepository/download_file?file_name=Raw_data/15Min/2021/site_5131_Lumpyngngad_Shillong_Meghalaya_PCB_15Min.csv,https://airquality.cpcb.gov.in/dataRepository/download_file?file_name=Raw_data/15Min/2020/site_5131_Lumpyngngad_Shillong_Meghalaya_PCB_15Min.csv,https://airquality.cpcb.gov.in/dataRepository/download_file?file_name=Raw_data/15Min/2019/site_5131_Lumpyngngad_Shillong_Meghalaya_PCB_15Min.csv,https://airquality.cpcb.gov.in/dataRepository/download_file?file_name=Raw_data/15Min/2018/site_5131_Lumpyngngad_Shillong_Meghalaya_PCB_15Min.csv,https://airquality.cpcb.gov.in/dataRepository/download_file?file_name=Raw_data/15Min/2017/site_5131_Lumpyngngad_Shillong_Meghalaya_PCB_15Min.csv
site_5238,"Ballygunge, Kolkata - WBPCB",Kolkata,West Bengal,https://airquality.cpcb.gov.in/dataRepository/download_file?file_name=Raw_data/15Min/2026/site_5238_Ballygunge_Kolkata_WBPCB_15Min.csv,https://airquality.cpcb.gov.in/dataRepository/download_file?file_name=Raw_data/15Min/2025/site_5238_Ballygunge_Kolkata_WBPCB_15Min.csv,,https://airquality.cpcb.gov.in/dataRepository/download_file?file_name=Raw_data/15Min/2023/site_5238_Ballygunge_Kolkata_WBPCB_15Min.csv,https://airquality.cpcb.gov.in/dataRepository/download_file?file_name=Raw_data/15Min/2022/site_5238_Ballygunge_Kolkata_WBPCB_15Min.csv,https://airquality.cpcb.gov.in/dataRepository/download_file?file_name=Raw_data/15Min/2021/site_5238_Ballygunge_Kolkata_WBPCB_15Min.csv,https://airquality.cpcb.gov.in/dataRepository/download_file?file_name=Raw_data/15Min/2020/site_5238_Ballygunge_Kolkata_WBPCB_15Min.csv,https://airquality.cpcb.gov.in/dataRepository/download_file?file_name=Raw_data/15Min/2019/site_5238_Ballygunge_Kolkata_WBPCB_15Min.csv,https://airquality.cpcb.gov.in/dataRepository/download_file?file_name=Raw_data/15Min/2018/site_5238_Ballygunge_Kolkata_WBPCB_15Min.csv,https://airquality.cpcb.gov.in/dataRepository/download_file?file_name=Raw_data/15Min/2017/site_5238_Ballygunge_Kolkata_WBPCB_15Min.csv
site_5247,"T T Nagar, Bhopal - MPPCB",Bhopal,Madhya Pradesh,https://airquality.cpcb.gov.in/dataRepository/download_file?file_name=Raw_data/15Min/2026/site_5247_T_T_Nagar_Bhopal_MPPCB_15Min.csv,https://airquality.cpcb.gov.in/dataRepository/download_file?file_name=Raw_data/15Min/2025/site_5247_T_T_Nagar_Bhopal_MPPCB_15Min.csv,https://airquality.cpcb.gov.in/dataRepository/download_file?file_name=Raw_data/15Min/2024/site_5247_T_T_Nagar_Bhopal_MPPCB_15Min.csv,https://airquality.cpcb.gov.in/dataRepository/download_file?file_name=Raw_data/15Min/2023/site_5247_T_T_Nagar_Bhopal_MPPCB_15Min.csv,https://airquality.cpcb.gov.in/dataRepository/download_file?file_name=Raw_data/15Min/2022/site_5247_T_T_Nagar_Bhopal_MPPCB_15Min.csv,https://airquality.cpcb.gov.in/dataRepository/download_file?file_name=Raw_data/15Min/2021/site_5247_T_T_Nagar_Bhopal_MPPCB_15Min.csv,https://airquality.cpcb.gov.in/dataRepository/download_file?file_name=Raw_data/15Min/2020/site_5247_T_T_Nagar_Bhopal_MPPCB_15Min.csv,https://airquality.cpcb.gov.in/dataRepository/download_file?file_name=Raw_data/15Min/2019/site_5247_T_T_Nagar_Bhopal_MPPCB_15Min.csv,https://airquality.cpcb.gov.in/dataRepository/download_file?file_name=Raw_data/15Min/2018/site_5247_T_T_Nagar_Bhopal_MPPCB_15Min.csv,https://airquality.cpcb.gov.in/dataRepository/download_file?file_name=Raw_data/15Min/2017/site_5247_T_T_Nagar_Bhopal_MPPCB_15Min.csv
site_5248,"Chhoti Gwaltoli, Indore - MPPCB",Indore,Madhya Pradesh,https://airquality.cpcb.gov.in/dataRepository/download_file?file_name=Raw_data/15Min/2026/site_5248_Chhoti_Gwaltoli_Indore_MPPCB_15Min.csv,https://airquality.cpcb.gov.in/dataRepository/download_file?file_name=Raw_data/15Min/2025/site_5248_Chhoti_Gwaltoli_Indore_MPPCB_15Min.csv,https://airquality.cpcb.gov.in/dataRepository/download_file?file_name=Raw_data/15Min/2024/site_5248_Chhoti_Gwaltoli_Indore_MPPCB_15Min.csv,https://airquality.cpcb.gov.in/dataRepository/download_file?file_name=Raw_data/15Min/2023/site_5248_Chhoti_Gwaltoli_Indore_MPPCB_15Min.csv,https://airquality.cpcb.gov.in/dataRepository/download_file?file_name=Raw_data/15Min/2022/site_5248_Chhoti_Gwaltoli_Indore_MPPCB_15Min.csv,https://airquality.cpcb.gov.in/dataRepository/download_file?file_name=Raw_data/15Min/2021/site_5248_Chhoti_Gwaltoli_Indore_MPPCB_15Min.csv,https://airquality.cpcb.gov.in/dataRepository/download_file?file_name=Raw_data/15Min/2020/site_5248_Chhoti_Gwaltoli_Indore_MPPCB_15Min.csv,https://airquality.cpcb.gov.in/dataRepository/download_file?file_name=Raw_data/15Min/2019/site_5248_Chhoti_Gwaltoli_Indore_MPPCB_15Min.csv,https://airquality.cpcb.gov.in/dataRepository/download_file?file_name=Raw_data/15Min/2018/site_5248_Chhoti_Gwaltoli_Indore_MPPCB_15Min.csv,https://airquality.cpcb.gov.in/dataRepository/download_file?file_name=Raw_data/15Min/2017/site_5248_Chhoti_Gwaltoli_Indore_MPPCB_15Min.csv
site_5249,"Marhatal, Jabalpur - MPPCB",Jabalpur,Madhya Pradesh,https://airquality.cpcb.gov.in/dataRepository/download_file?file_name=Raw_data/15Min/2026/site_5249_Marhatal_Jabalpur_MPPCB_15Min.csv,https://airquality.cpcb.gov.in/dataRepository/download_file?file_name=Raw_data/15Min/2025/site_5249_Marhatal_Jabalpur_MPPCB_15Min.csv,https://airquality.cpcb.gov.in/dataRepository/download_file?file_name=Raw_data/15Min/2024/site_5249_Marhatal_Jabalpur_MPPCB_15Min.csv,https://airquality.cpcb.gov.in/dataRepository/download_file?file_name=Raw_data/15Min/2023/site_5249_Marhatal_Jabalpur_MPPCB_15Min.csv,https://airquality.cpcb.gov.in/dataRepository/download_file?file_name=Raw_data/15Min/2022/site_5249_Marhatal_Jabalpur_MPPCB_15Min.csv,https://airquality.cpcb.gov.in/dataRepository/download_file?file_name=Raw_data/15Min/2021/site_5249_Marhatal_Jabalpur_MPPCB_15Min.csv,https://airquality.cpcb.gov.in/dataRepository/download_file?file_name=Raw_data/15Min/2020/site_5249_Marhatal_Jabalpur_MPPCB_15Min.csv,https://airquality.cpcb.gov.in/dataRepository/download_file?file_name=Raw_data/15Min/2019/site_5249_Marhatal_Jabalpur_MPPCB_15Min.csv,https://airquality.cpcb.gov.in/dataRepository/download_file?file_name=Raw_data/15Min/2018/site_5249_Marhatal_Jabalpur_MPPCB_15Min.csv,https://airquality.cpcb.gov.in/dataRepository/download_file?file_name=Raw_data/15Min/2017/site_5249_Marhatal_Jabalpur_MPPCB_15Min.csv
site_5250,"Gole Bazar, Katni - MPPCB",Katni,Madhya Pradesh,https://airquality.cpcb.gov.in/dataRepository/download_file?file_name=Raw_data/15Min/2026/site_5250_Gole_Bazar_Katni_MPPCB_15Min.csv,https://airquality.cpcb.gov.in/dataRepository/download_file?file_name=Raw_data/15Min/2025/site_5250_Gole_Bazar_Katni_MPPCB_15Min.csv,https://airquality.cpcb.gov.in/dataRepository/download_file?file_name=Raw_data/15Min/2024/site_5250_Gole_Bazar_Katni_MPPCB_15Min.csv,https://airquality.cpcb.gov.in/dataRepository/download_file?file_name=Raw_data/15Min/2023/site_5250_Gole_Bazar_Katni_MPPCB_15Min.csv,https://airquality.cpcb.gov.in/dataRepository/download_file?file_name=Raw_data/15Min/2022/site_5250_Gole_Bazar_Katni_MPPCB_15Min.csv,https://airquality.cpcb.gov.in/dataRepository/download_file?file_name=Raw_data/15Min/2021/site_5250_Gole_Bazar_Katni_MPPCB_15Min.csv,https://airquality.cpcb.gov.in/dataRepository/download_file?file_name=Raw_data/15Min/2020/site_5250_Gole_Bazar_Katni_MPPCB_15Min.csv,https://airquality.cpcb.gov.in/dataRepository/download_file?file_name=Raw_data/15Min/2019/site_5250_Gole_Bazar_Katni_MPPCB_15Min.csv,https://airquality.cpcb.gov.in/dataRepository/download_file?file_name=Raw_data/15Min/2018/site_5250_Gole_Bazar_Katni_MPPCB_15Min.csv,https://airquality.cpcb.gov.in/dataRepository/download_file?file_name=Raw_data/15Min/2017/site_5250_Gole_Bazar_Katni_MPPCB_15Min.csv
site_5254,"Collector Office, Yadgir - KSPCB",Yadgir,Karnataka,https://airquality.cpcb.gov.in/dataRepository/download_file?file_name=Raw_data/15Min/2026/site_5254_Collector_Office_Yadgir_KSPCB_15Min.csv,https://airquality.cpcb.gov.in/dataRepository/download_file?file_name=Raw_data/15Min/2025/site_5254_Collector_Office_Yadgir_KSPCB_15Min.csv,https://airquality.cpcb.gov.in/dataRepository/download_file?file_name=Raw_data/15Min/2024/site_5254_Collector_Office_Yadgir_KSPCB_15Min.csv,https://airquality.cpcb.gov.in/dataRepository/download_file?file_name=Raw_data/15Min/2023/site_5254_Collector_Office_Yadgir_KSPCB_15Min.csv,https://airquality.cpcb.gov.in/dataRepository/download_file?file_name=Raw_data/15Min/2022/site_5254_Collector_Office_Yadgir_KSPCB_15Min.csv,https://airquality.cpcb.gov.in/dataRepository/download_file?file_name=Raw_data/15Min/2021/site_5254_Collector_Office_Yadgir_KSPCB_15Min.csv,https://airquality.cpcb.gov.in/dataRepository/download_file?file_name=Raw_data/15Min/2020/site_5254_Collector_Office_Yadgir_KSPCB_15Min.csv,https://airquality.cpcb.gov.in/dataRepository/download_file?file_name=Raw_data/15Min/2019/site_5254_Collector_Office_Yadgir_KSPCB_15Min.csv,https://airquality.cpcb.gov.in/dataRepository/download_file?file_name=Raw_data/15Min/2018/site_5254_Collector_Office_Yadgir_KSPCB_15Min.csv,https://airquality.cpcb.gov.in/dataRepository/download_file?file_name=Raw_data/15Min/2017/site_5254_Collector_Office_Yadgir_KSPCB_15Min.csv
site_5255,"Vijay Nagar, Ramanagara - KSPCB",Ramanagara,Karnataka,https://airquality.cpcb.gov.in/dataRepository/download_file?file_name=Raw_data/15Min/2026/site_5255_Vijay_Nagar_Ramanagara_KSPCB_15Min.csv,https://airquality.cpcb.gov.in/dataRepository/download_file?file_name=Raw_data/15Min/2025/site_5255_Vijay_Nagar_Ramanagara_KSPCB_15Min.csv,https://airquality.cpcb.gov.in/dataRepository/download_file?file_name=Raw_data/15Min/2024/site_5255_Vijay_Nagar_Ramanagara_KSPCB_15Min.csv,https://airquality.cpcb.gov.in/dataRepository/download_file?file_name=Raw_data/15Min/2023/site_5255_Vijay_Nagar_Ramanagara_KSPCB_15Min.csv,https://airquality.cpcb.gov.in/dataRepository/download_file?file_name=Raw_data/15Min/2022/site_5255_Vijay_Nagar_Ramanagara_KSPCB_15Min.csv,https://airquality.cpcb.gov.in/dataRepository/download_file?file_name=Raw_data/15Min/2021/site_5255_Vijay_Nagar_Ramanagara_KSPCB_15Min.csv,https://airquality.cpcb.gov.in/dataRepository/download_file?file_name=Raw_data/15Min/2020/site_5255_Vijay_Nagar_Ramanagara_KSPCB_15Min.csv,https://airquality.cpcb.gov.in/dataRepository/download_file?file_name=Raw_data/15Min/2019/site_5255_Vijay_Nagar_Ramanagara_KSPCB_15Min.csv,https://airquality.cpcb.gov.in/dataRepository/download_file?file_name=Raw_data/15Min/2018/site_5255_Vijay_Nagar_Ramanagara_KSPCB_15Min.csv,https://airquality.cpcb.gov.in/dataRepository/download_file?file_name=Raw_data/15Min/2017/site_5255_Vijay_Nagar_Ramanagara_KSPCB_15Min.csv
site_5257,"Pallavpuram Phase 2, Meerut - UPPCB",Meerut,Uttar Pradesh,https://airquality.cpcb.gov.in/dataRepository/download_file?file_name=Raw_data/15Min/2026/site_5257_Pallavpuram_Phase_2_Meerut_UPPCB_15Min.csv,https://airquality.cpcb.gov.in/dataRepository/download_file?file_name=Raw_data/15Min/2025/site_5257_Pallavpuram_Phase_2_Meerut_UPPCB_15Min.csv,https://airquality.cpcb.gov.in/dataRepository/download_file?file_name=Raw_data/15Min/2024/site_5257_Pallavpuram_Phase_2_Meerut_UPPCB_15Min.csv,https://airquality.cpcb.gov.in/dataRepository/download_file?file_name=Raw_data/15Min/2023/site_5257_Pallavpuram_Phase_2_Meerut_UPPCB_15Min.csv,https://airquality.cpcb.gov.in/dataRepository/download_file?file_name=Raw_data/15Min/2022/site_5257_Pallavpuram_Phase_2_Meerut_UPPCB_15Min.csv,https://airquality.cpcb.gov.in/dataRepository/download_file?file_name=Raw_data/15Min/2021/site_5257_Pallavpuram_Phase_2_Meerut_UPPCB_15Min.csv,https://airquality.cpcb.gov.in/dataRepository/download_file?file_name=Raw_data/15Min/2020/site_5257_Pallavpuram_Phase_2_Meerut_UPPCB_15Min.csv,https://airquality.cpcb.gov.in/dataRepository/download_file?file_name=Raw_data/15Min/2019/site_5257_Pallavpuram_Phase_2_Meerut_UPPCB_15Min.csv,https://airquality.cpcb.gov.in/dataRepository/download_file?file_name=Raw_data/15Min/2018/site_5257_Pallavpuram_Phase_2_Meerut_UPPCB_15Min.csv,https://airquality.cpcb.gov.in/dataRepository/download_file?file_name=Raw_data/15Min/2017/site_5257_Pallavpuram_Phase_2_Meerut_UPPCB_15Min.csv
site_5258,"Ganga Nagar, Meerut - UPPCB",Meerut,Uttar Pradesh,https://airquality.cpcb.gov.in/dataRepository/download_file?file_name=Raw_data/15Min/2026/site_5258_Ganga_Nagar_Meerut_UPPCB_15Min.csv,https://airquality.cpcb.gov.in/dataRepository/download_file?file_name=Raw_data/15Min/2025/site_5258_Ganga_Nagar_Meerut_UPPCB_15Min.csv,https://airquality.cpcb.gov.in/dataRepository/download_file?file_name=Raw_data/15Min/2024/site_5258_Ganga_Nagar_Meerut_UPPCB_15Min.csv,https://airquality.cpcb.gov.in/dataRepository/download_file?file_name=Raw_data/15Min/2023/site_5258_Ganga_Nagar_Meerut_UPPCB_15Min.csv,https://airquality.cpcb.gov.in/dataRepository/download_file?file_name=Raw_data/15Min/2022/site_5258_Ganga_Nagar_Meerut_UPPCB_15Min.csv,https://airquality.cpcb.gov.in/dataRepository/download_file?file_name=Raw_data/15Min/2021/site_5258_Ganga_Nagar_Meerut_UPPCB_15Min.csv,https://airquality.cpcb.gov.in/dataRepository/download_file?file_name=Raw_data/15Min/2020/site_5258_Ganga_Nagar_Meerut_UPPCB_15Min.csv,https://airquality.cpcb.gov.in/dataRepository/download_file?file_name=Raw_data/15Min/2019/site_5258_Ganga_Nagar_Meerut_UPPCB_15Min.csv,https://airquality.cpcb.gov.in/dataRepository/download_file?file_name=Raw_data/15Min/2018/site_5258_Ganga_Nagar_Meerut_UPPCB_15Min.csv,https://airquality.cpcb.gov.in/dataRepository/download_file?file_name=Raw_data/15Min/2017/site_5258_Ganga_Nagar_Meerut_UPPCB_15Min.csv
site_5261,"Muradpur, Patna - BSPCB",Patna,Bihar,https://airquality.cpcb.gov.in/dataRepository/download_file?file_name=Raw_data/15Min/2026/site_5261_Muradpur_Patna_BSPCB_15Min.csv,https://airquality.cpcb.gov.in/dataRepository/download_file?file_name=Raw_data/15Min/2025/site_5261_Muradpur_Patna_BSPCB_15Min.csv,https://airquality.cpcb.gov.in/dataRepository/download_file?file_name=Raw_data/15Min/2024/site_5261_Muradpur_Patna_BSPCB_15Min.csv,https://airquality.cpcb.gov.in/dataRepository/download_file?file_name=Raw_data/15Min/2023/site_5261_Muradpur_Patna_BSPCB_15Min.csv,https://airquality.cpcb.gov.in/dataRepository/download_file?file_name=Raw_data/15Min/2022/site_5261_Muradpur_Patna_BSPCB_15Min.csv,https://airquality.cpcb.gov.in/dataRepository/download_file?file_name=Raw_data/15Min/2021/site_5261_Muradpur_Patna_BSPCB_15Min.csv,https://airquality.cpcb.gov.in/dataRepository/download_file?file_name=Raw_data/15Min/2020/site_5261_Muradpur_Patna_BSPCB_15Min.csv,https://airquality.cpcb.gov.in/dataRepository/download_file?file_name=Raw_data/15Min/2019/site_5261_Muradpur_Patna_BSPCB_15Min.csv,https://airquality.cpcb.gov.in/dataRepository/download_file?file_name=Raw_data/15Min/2018/site_5261_Muradpur_Patna_BSPCB_15Min.csv,https://airquality.cpcb.gov.in/dataRepository/download_file?file_name=Raw_data/15Min/2017/site_5261_Muradpur_Patna_BSPCB_15Min.csv
site_5262,"Rajbansi Nagar, Patna - BSPCB",Patna,Bihar,https://airquality.cpcb.gov.in/dataRepository/download_file?file_name=Raw_data/15Min/2026/site_5262_Rajbansi_Nagar_Patna_BSPCB_15Min.csv,https://airquality.cpcb.gov.in/dataRepository/download_file?file_name=Raw_data/15Min/2025/site_5262_Rajbansi_Nagar_Patna_BSPCB_15Min.csv,https://airquality.cpcb.gov.in/dataRepository/download_file?file_name=Raw_data/15Min/2024/site_5262_Rajbansi_Nagar_Patna_BSPCB_15Min.csv,https://airquality.cpcb.gov.in/dataRepository/download_file?file_name=Raw_data/15Min/2023/site_5262_Rajbansi_Nagar_Patna_BSPCB_15Min.csv,https://airquality.cpcb.gov.in/dataRepository/download_file?file_name=Raw_data/15Min/2022/site_5262_Rajbansi_Nagar_Patna_BSPCB_15Min.csv,https://airquality.cpcb.gov.in/dataRepository/download_file?file_name=Raw_data/15Min/2021/site_5262_Rajbansi_Nagar_Patna_BSPCB_15Min.csv,https://airquality.cpcb.gov.in/dataRepository/download_file?file_name=Raw_data/15Min/2020/site_5262_Rajbansi_Nagar_Patna_BSPCB_15Min.csv,https://airquality.cpcb.gov.in/dataRepository/download_file?file_name=Raw_data/15Min/2019/site_5262_Rajbansi_Nagar_Patna_BSPCB_15Min.csv,https://airquality.cpcb.gov.in/dataRepository/download_file?file_name=Raw_data/15Min/2018/site_5262_Rajbansi_Nagar_Patna_BSPCB_15Min.csv,https://airquality.cpcb.gov.in/dataRepository/download_file?file_name=Raw_data/15Min/2017/site_5262_Rajbansi_Nagar_Patna_BSPCB_15Min.csv
site_5263,"Samanpura, Patna - BSPCB",Patna,Bihar,https://airquality.cpcb.gov.in/dataRepository/download_file?file_name=Raw_data/15Min/2026/site_5263_Samanpura_Patna_BSPCB_15Min.csv,https://airquality.cpcb.gov.in/dataRepository/download_file?file_name=Raw_data/15Min/2025/site_5263_Samanpura_Patna_BSPCB_15Min.csv,https://airquality.cpcb.gov.in/dataRepository/download_file?file_name=Raw_data/15Min/2024/site_5263_Samanpura_Patna_BSPCB_15Min.csv,https://airquality.cpcb.gov.in/dataRepository/download_file?file_name=Raw_data/15Min/2023/site_5263_Samanpura_Patna_BSPCB_15Min.csv,https://airquality.cpcb.gov.in/dataRepository/download_file?file_name=Raw_data/15Min/2022/site_5263_Samanpura_Patna_BSPCB_15Min.csv,https://airquality.cpcb.gov.in/dataRepository/download_file?file_name=Raw_data/15Min/2021/site_5263_Samanpura_Patna_BSPCB_15Min.csv,https://airquality.cpcb.gov.in/dataRepository/download_file?file_name=Raw_data/15Min/2020/site_5263_Samanpura_Patna_BSPCB_15Min.csv,https://airquality.cpcb.gov.in/dataRepository/download_file?file_name=Raw_data/15Min/2019/site_5263_Samanpura_Patna_BSPCB_15Min.csv,https://airquality.cpcb.gov.in/dataRepository/download_file?file_name=Raw_data/15Min/2018/site_5263_Samanpura_Patna_BSPCB_15Min.csv,https://airquality.cpcb.gov.in/dataRepository/download_file?file_name=Raw_data/15Min/2017/site_5263_Samanpura_Patna_BSPCB_15Min.csv
site_5264,"Vidayagiri, Bagalkot - KSPCB",Bagalkot,Karnataka,https://airquality.cpcb.gov.in/dataRepository/download_file?file_name=Raw_data/15Min/2026/site_5264_Vidayagiri_Bagalkot_KSPCB_15Min.csv,https://airquality.cpcb.gov.in/dataRepository/download_file?file_name=Raw_data/15Min/2025/site_5264_Vidayagiri_Bagalkot_KSPCB_15Min.csv,https://airquality.cpcb.gov.in/dataRepository/download_file?file_name=Raw_data/15Min/2024/site_5264_Vidayagiri_Bagalkot_KSPCB_15Min.csv,https://airquality.cpcb.gov.in/dataRepository/download_file?file_name=Raw_data/15Min/2023/site_5264_Vidayagiri_Bagalkot_KSPCB_15Min.csv,https://airquality.cpcb.gov.in/dataRepository/download_file?file_name=Raw_data/15Min/2022/site_5264_Vidayagiri_Bagalkot_KSPCB_15Min.csv,https://airquality.cpcb.gov.in/dataRepository/download_file?file_name=Raw_data/15Min/2021/site_5264_Vidayagiri_Bagalkot_KSPCB_15Min.csv,https://airquality.cpcb.gov.in/dataRepository/download_file?file_name=Raw_data/15Min/2020/site_5264_Vidayagiri_Bagalkot_KSPCB_15Min.csv,https://airquality.cpcb.gov.in/dataRepository/download_file?file_name=Raw_data/15Min/2019/site_5264_Vidayagiri_Bagalkot_KSPCB_15Min.csv,https://airquality.cpcb.gov.in/dataRepository/download_file?file_name=Raw_data/15Min/2018/site_5264_Vidayagiri_Bagalkot_KSPCB_15Min.csv,https://airquality.cpcb.gov.in/dataRepository/download_file?file_name=Raw_data/15Min/2017/site_5264_Vidayagiri_Bagalkot_KSPCB_15Min.csv
site_5265,"Kalyana Nagara, Chikkamagaluru - KSPCB",Chikkamagaluru,Karnataka,https://airquality.cpcb.gov.in/dataRepository/download_file?file_name=Raw_data/15Min/2026/site_5265_Kalyana_Nagara_Chikkamagaluru_KSPCB_15Min.csv,https://airquality.cpcb.gov.in/dataRepository/download_file?file_name=Raw_data/15Min/2025/site_5265_Kalyana_Nagara_Chikkamagaluru_KSPCB_15Min.csv,https://airquality.cpcb.gov.in/dataRepository/download_file?file_name=Raw_data/15Min/2024/site_5265_Kalyana_Nagara_Chikkamagaluru_KSPCB_15Min.csv,https://airquality.cpcb.gov.in/dataRepository/download_file?file_name=Raw_data/15Min/2023/site_5265_Kalyana_Nagara_Chikkamagaluru_KSPCB_15Min.csv,https://airquality.cpcb.gov.in/dataRepository/download_file?file_name=Raw_data/15Min/2022/site_5265_Kalyana_Nagara_Chikkamagaluru_KSPCB_15Min.csv,https://airquality.cpcb.gov.in/dataRepository/download_file?file_name=Raw_data/15Min/2021/site_5265_Kalyana_Nagara_Chikkamagaluru_KSPCB_15Min.csv,https://airquality.cpcb.gov.in/dataRepository/download_file?file_name=Raw_data/15Min/2020/site_5265_Kalyana_Nagara_Chikkamagaluru_KSPCB_15Min.csv,https://airquality.cpcb.gov.in/dataRepository/download_file?file_name=Raw_data/15Min/2019/site_5265_Kalyana_Nagara_Chikkamagaluru_KSPCB_15Min.csv,https://airquality.cpcb.gov.in/dataRepository/download_file?file_name=Raw_data/15Min/2018/site_5265_Kalyana_Nagara_Chikkamagaluru_KSPCB_15Min.csv,https://airquality.cpcb.gov.in/dataRepository/download_file?file_name=Raw_data/15Min/2017/site_5265_Kalyana_Nagara_Chikkamagaluru_KSPCB_15Min.csv
site_5266,"Vinoba Nagara, Shivamogga - KSPCB",Shivamogga,Karnataka,https://airquality.cpcb.gov.in/dataRepository/download_file?file_name=Raw_data/15Min/2026/site_5266_Vinoba_Nagara_Shivamogga_KSPCB_15Min.csv,https://airquality.cpcb.gov.in/dataRepository/download_file?file_name=Raw_data/15Min/2025/site_5266_Vinoba_Nagara_Shivamogga_KSPCB_15Min.csv,https://airquality.cpcb.gov.in/dataRepository/download_file?file_name=Raw_data/15Min/2024/site_5266_Vinoba_Nagara_Shivamogga_KSPCB_15Min.csv,https://airquality.cpcb.gov.in/dataRepository/download_file?file_name=Raw_data/15Min/2023/site_5266_Vinoba_Nagara_Shivamogga_KSPCB_15Min.csv,https://airquality.cpcb.gov.in/dataRepository/download_file?file_name=Raw_data/15Min/2022/site_5266_Vinoba_Nagara_Shivamogga_KSPCB_15Min.csv,https://airquality.cpcb.gov.in/dataRepository/download_file?file_name=Raw_data/15Min/2021/site_5266_Vinoba_Nagara_Shivamogga_KSPCB_15Min.csv,https://airquality.cpcb.gov.in/dataRepository/download_file?file_name=Raw_data/15Min/2020/site_5266_Vinoba_Nagara_Shivamogga_KSPCB_15Min.csv,https://airquality.cpcb.gov.in/dataRepository/download_file?file_name=Raw_data/15Min/2019/site_5266_Vinoba_Nagara_Shivamogga_KSPCB_15Min.csv,https://airquality.cpcb.gov.in/dataRepository/download_file?file_name=Raw_data/15Min/2018/site_5266_Vinoba_Nagara_Shivamogga_KSPCB_15Min.csv,https://airquality.cpcb.gov.in/dataRepository/download_file?file_name=Raw_data/15Min/2017/site_5266_Vinoba_Nagara_Shivamogga_KSPCB_15Min.csv
site_5267,"Ibrahimpur, Vijayapura - KSPCB",Vijayapura,Karnataka,https://airquality.cpcb.gov.in/dataRepository/download_file?file_name=Raw_data/15Min/2026/site_5267_Ibrahimpur_Vijayapura_KSPCB_15Min.csv,https://airquality.cpcb.gov.in/dataRepository/download_file?file_name=Raw_data/15Min/2025/site_5267_Ibrahimpur_Vijayapura_KSPCB_15Min.csv,https://airquality.cpcb.gov.in/dataRepository/download_file?file_name=Raw_data/15Min/2024/site_5267_Ibrahimpur_Vijayapura_KSPCB_15Min.csv,https://airquality.cpcb.gov.in/dataRepository/download_file?file_name=Raw_data/15Min/2023/site_5267_Ibrahimpur_Vijayapura_KSPCB_15Min.csv,https://airquality.cpcb.gov.in/dataRepository/download_file?file_name=Raw_data/15Min/2022/site_5267_Ibrahimpur_Vijayapura_KSPCB_15Min.csv,https://airquality.cpcb.gov.in/dataRepository/download_file?file_name=Raw_data/15Min/2021/site_5267_Ibrahimpur_Vijayapura_KSPCB_15Min.csv,https://airquality.cpcb.gov.in/dataRepository/download_file?file_name=Raw_data/15Min/2020/site_5267_Ibrahimpur_Vijayapura_KSPCB_15Min.csv,https://airquality.cpcb.gov.in/dataRepository/download_file?file_name=Raw_data/15Min/2019/site_5267_Ibrahimpur_Vijayapura_KSPCB_15Min.csv,https://airquality.cpcb.gov.in/dataRepository/download_file?file_name=Raw_data/15Min/2018/site_5267_Ibrahimpur_Vijayapura_KSPCB_15Min.csv,https://airquality.cpcb.gov.in/dataRepository/download_file?file_name=Raw_data/15Min/2017/site_5267_Ibrahimpur_Vijayapura_KSPCB_15Min.csv
site_5269,"Deen Dayal Nagar, Sagar - MPPCB",Sagar,Madhya Pradesh,https://airquality.cpcb.gov.in/dataRepository/download_file?file_name=Raw_data/15Min/2026/site_5269_Deen_Dayal_Nagar_Sagar_MPPCB_15Min.csv,https://airquality.cpcb.gov.in/dataRepository/download_file?file_name=Raw_data/15Min/2025/site_5269_Deen_Dayal_Nagar_Sagar_MPPCB_15Min.csv,https://airquality.cpcb.gov.in/dataRepository/download_file?file_name=Raw_data/15Min/2024/site_5269_Deen_Dayal_Nagar_Sagar_MPPCB_15Min.csv,https://airquality.cpcb.gov.in/dataRepository/download_file?file_name=Raw_data/15Min/2023/site_5269_Deen_Dayal_Nagar_Sagar_MPPCB_15Min.csv,https://airquality.cpcb.gov.in/dataRepository/download_file?file_name=Raw_data/15Min/2022/site_5269_Deen_Dayal_Nagar_Sagar_MPPCB_15Min.csv,https://airquality.cpcb.gov.in/dataRepository/download_file?file_name=Raw_data/15Min/2021/site_5269_Deen_Dayal_Nagar_Sagar_MPPCB_15Min.csv,https://airquality.cpcb.gov.in/dataRepository/download_file?file_name=Raw_data/15Min/2020/site_5269_Deen_Dayal_Nagar_Sagar_MPPCB_15Min.csv,https://airquality.cpcb.gov.in/dataRepository/download_file?file_name=Raw_data/15Min/2019/site_5269_Deen_Dayal_Nagar_Sagar_MPPCB_15Min.csv,https://airquality.cpcb.gov.in/dataRepository/download_file?file_name=Raw_data/15Min/2018/site_5269_Deen_Dayal_Nagar_Sagar_MPPCB_15Min.csv,https://airquality.cpcb.gov.in/dataRepository/download_file?file_name=Raw_data/15Min/2017/site_5269_Deen_Dayal_Nagar_Sagar_MPPCB_15Min.csv
site_5270,"Vyttila, Kochi - Kerala PCB",Kochi,Kerala,https://airquality.cpcb.gov.in/dataRepository/download_file?file_name=Raw_data/15Min/2026/site_5270_Vyttila_Kochi_Kerala_PCB_15Min.csv,https://airquality.cpcb.gov.in/dataRepository/download_file?file_name=Raw_data/15Min/2025/site_5270_Vyttila_Kochi_Kerala_PCB_15Min.csv,https://airquality.cpcb.gov.in/dataRepository/download_file?file_name=Raw_data/15Min/2024/site_5270_Vyttila_Kochi_Kerala_PCB_15Min.csv,https://airquality.cpcb.gov.in/dataRepository/download_file?file_name=Raw_data/15Min/2023/site_5270_Vyttila_Kochi_Kerala_PCB_15Min.csv,https://airquality.cpcb.gov.in/dataRepository/download_file?file_name=Raw_data/15Min/2022/site_5270_Vyttila_Kochi_Kerala_PCB_15Min.csv,https://airquality.cpcb.gov.in/dataRepository/download_file?file_name=Raw_data/15Min/2021/site_5270_Vyttila_Kochi_Kerala_PCB_15Min.csv,https://airquality.cpcb.gov.in/dataRepository/download_file?file_name=Raw_data/15Min/2020/site_5270_Vyttila_Kochi_Kerala_PCB_15Min.csv,https://airquality.cpcb.gov.in/dataRepository/download_file?file_name=Raw_data/15Min/2019/site_5270_Vyttila_Kochi_Kerala_PCB_15Min.csv,https://airquality.cpcb.gov.in/dataRepository/download_file?file_name=Raw_data/15Min/2018/site_5270_Vyttila_Kochi_Kerala_PCB_15Min.csv,https://airquality.cpcb.gov.in/dataRepository/download_file?file_name=Raw_data/15Min/2017/site_5270_Vyttila_Kochi_Kerala_PCB_15Min.csv
site_5271,"Palayam, Kozhikode - Kerala PCB",Kozhikode,Kerala,https://airquality.cpcb.gov.in/dataRepository/download_file?file_name=Raw_data/15Min/2026/site_5271_Palayam_Kozhikode_Kerala_PCB_15Min.csv,https://airquality.cpcb.gov.in/dataRepository/download_file?file_name=Raw_data/15Min/2025/site_5271_Palayam_Kozhikode_Kerala_PCB_15Min.csv,https://airquality.cpcb.gov.in/dataRepository/download_file?file_name=Raw_data/15Min/2024/site_5271_Palayam_Kozhikode_Kerala_PCB_15Min.csv,https://airquality.cpcb.gov.in/dataRepository/download_file?file_name=Raw_data/15Min/2023/site_5271_Palayam_Kozhikode_Kerala_PCB_15Min.csv,https://airquality.cpcb.gov.in/dataRepository/download_file?file_name=Raw_data/15Min/2022/site_5271_Palayam_Kozhikode_Kerala_PCB_15Min.csv,https://airquality.cpcb.gov.in/dataRepository/download_file?file_name=Raw_data/15Min/2021/site_5271_Palayam_Kozhikode_Kerala_PCB_15Min.csv,https://airquality.cpcb.gov.in/dataRepository/download_file?file_name=Raw_data/15Min/2020/site_5271_Palayam_Kozhikode_Kerala_PCB_15Min.csv,https://airquality.cpcb.gov.in/dataRepository/download_file?file_name=Raw_data/15Min/2019/site_5271_Palayam_Kozhikode_Kerala_PCB_15Min.csv,https://airquality.cpcb.gov.in/dataRepository/download_file?file_name=Raw_data/15Min/2018/site_5271_Palayam_Kozhikode_Kerala_PCB_15Min.csv,https://airquality.cpcb.gov.in/dataRepository/download_file?file_name=Raw_data/15Min/2017/site_5271_Palayam_Kozhikode_Kerala_PCB_15Min.csv
site_5272,"Kacheripady, Ernakulam - Kerala PCB",Ernakulam,Kerala,https://airquality.cpcb.gov.in/dataRepository/download_file?file_name=Raw_data/15Min/2026/site_5272_Kacheripady_Ernakulam_Kerala_PCB_15Min.csv,https://airquality.cpcb.gov.in/dataRepository/download_file?file_name=Raw_data/15Min/2025/site_5272_Kacheripady_Ernakulam_Kerala_PCB_15Min.csv,,https://airquality.cpcb.gov.in/dataRepository/download_file?file_name=Raw_data/15Min/2023/site_5272_Kacheripady_Ernakulam_Kerala_PCB_15Min.csv,https://airquality.cpcb.gov.in/dataRepository/download_file?file_name=Raw_data/15Min/2022/site_5272_Kacheripady_Ernakulam_Kerala_PCB_15Min.csv,https://airquality.cpcb.gov.in/dataRepository/download_file?file_name=Raw_data/15Min/2021/site_5272_Kacheripady_Ernakulam_Kerala_PCB_15Min.csv,https://airquality.cpcb.gov.in/dataRepository/download_file?file_name=Raw_data/15Min/2020/site_5272_Kacheripady_Ernakulam_Kerala_PCB_15Min.csv,https://airquality.cpcb.gov.in/dataRepository/download_file?file_name=Raw_data/15Min/2019/site_5272_Kacheripady_Ernakulam_Kerala_PCB_15Min.csv,https://airquality.cpcb.gov.in/dataRepository/download_file?file_name=Raw_data/15Min/2018/site_5272_Kacheripady_Ernakulam_Kerala_PCB_15Min.csv,https://airquality.cpcb.gov.in/dataRepository/download_file?file_name=Raw_data/15Min/2017/site_5272_Kacheripady_Ernakulam_Kerala_PCB_15Min.csv
site_5273,"City Center, Gwalior - MPPCB",Gwalior,Madhya Pradesh,https://airquality.cpcb.gov.in/dataRepository/download_file?file_name=Raw_data/15Min/2026/site_5273_City_Center_Gwalior_MPPCB_15Min.csv,https://airquality.cpcb.gov.in/dataRepository/download_file?file_name=Raw_data/15Min/2025/site_5273_City_Center_Gwalior_MPPCB_15Min.csv,https://airquality.cpcb.gov.in/dataRepository/download_file?file_name=Raw_data/15Min/2024/site_5273_City_Center_Gwalior_MPPCB_15Min.csv,https://airquality.cpcb.gov.in/dataRepository/download_file?file_name=Raw_data/15Min/2023/site_5273_City_Center_Gwalior_MPPCB_15Min.csv,https://airquality.cpcb.gov.in/dataRepository/download_file?file_name=Raw_data/15Min/2022/site_5273_City_Center_Gwalior_MPPCB_15Min.csv,https://airquality.cpcb.gov.in/dataRepository/download_file?file_name=Raw_data/15Min/2021/site_5273_City_Center_Gwalior_MPPCB_15Min.csv,https://airquality.cpcb.gov.in/dataRepository/download_file?file_name=Raw_data/15Min/2020/site_5273_City_Center_Gwalior_MPPCB_15Min.csv,https://airquality.cpcb.gov.in/dataRepository/download_file?file_name=Raw_data/15Min/2019/site_5273_City_Center_Gwalior_MPPCB_15Min.csv,https://airquality.cpcb.gov.in/dataRepository/download_file?file_name=Raw_data/15Min/2018/site_5273_City_Center_Gwalior_MPPCB_15Min.csv,https://airquality.cpcb.gov.in/dataRepository/download_file?file_name=Raw_data/15Min/2017/site_5273_City_Center_Gwalior_MPPCB_15Min.csv
site_5274,"GIDC, Nandesari - Nandesari Ind. Association",Nandesari,Gujarat,https://airquality.cpcb.gov.in/dataRepository/download_file?file_name=Raw_data/15Min/2026/site_5274_GIDC_Nandesari_Nandesari_Ind._Association_15Min.csv,https://airquality.cpcb.gov.in/dataRepository/download_file?file_name=Raw_data/15Min/2025/site_5274_GIDC_Nandesari_Nandesari_Ind._Association_15Min.csv,https://airquality.cpcb.gov.in/dataRepository/download_file?file_name=Raw_data/15Min/2024/site_5274_GIDC_Nandesari_Nandesari_Ind._Association_15Min.csv,https://airquality.cpcb.gov.in/dataRepository/download_file?file_name=Raw_data/15Min/2023/site_5274_GIDC_Nandesari_Nandesari_Ind._Association_15Min.csv,https://airquality.cpcb.gov.in/dataRepository/download_file?file_name=Raw_data/15Min/2022/site_5274_GIDC_Nandesari_Nandesari_Ind._Association_15Min.csv,https://airquality.cpcb.gov.in/dataRepository/download_file?file_name=Raw_data/15Min/2021/site_5274_GIDC_Nandesari_Nandesari_Ind._Association_15Min.csv,https://airquality.cpcb.gov.in/dataRepository/download_file?file_name=Raw_data/15Min/2020/site_5274_GIDC_Nandesari_Nandesari_Ind._Association_15Min.csv,https://airquality.cpcb.gov.in/dataRepository/download_file?file_name=Raw_data/15Min/2019/site_5274_GIDC_Nandesari_Nandesari_Ind._Association_15Min.csv,https://airquality.cpcb.gov.in/dataRepository/download_file?file_name=Raw_data/15Min/2018/site_5274_GIDC_Nandesari_Nandesari_Ind._Association_15Min.csv,https://airquality.cpcb.gov.in/dataRepository/download_file?file_name=Raw_data/15Min/2017/site_5274_GIDC_Nandesari_Nandesari_Ind._Association_15Min.csv
site_5275,"Phool Bagh, Gwalior - Mondelez Ind. Food",Gwalior,Madhya Pradesh,https://airquality.cpcb.gov.in/dataRepository/download_file?file_name=Raw_data/15Min/2026/site_5275_Phool_Bagh_Gwalior_Mondelez_Ind._Food_15Min.csv,https://airquality.cpcb.gov.in/dataRepository/download_file?file_name=Raw_data/15Min/2025/site_5275_Phool_Bagh_Gwalior_Mondelez_Ind._Food_15Min.csv,https://airquality.cpcb.gov.in/dataRepository/download_file?file_name=Raw_data/15Min/2024/site_5275_Phool_Bagh_Gwalior_Mondelez_Ind._Food_15Min.csv,https://airquality.cpcb.gov.in/dataRepository/download_file?file_name=Raw_data/15Min/2023/site_5275_Phool_Bagh_Gwalior_Mondelez_Ind._Food_15Min.csv,https://airquality.cpcb.gov.in/dataRepository/download_file?file_name=Raw_data/15Min/2022/site_5275_Phool_Bagh_Gwalior_Mondelez_Ind._Food_15Min.csv,https://airquality.cpcb.gov.in/dataRepository/download_file?file_name=Raw_data/15Min/2021/site_5275_Phool_Bagh_Gwalior_Mondelez_Ind._Food_15Min.csv,https://airquality.cpcb.gov.in/dataRepository/download_file?file_name=Raw_data/15Min/2020/site_5275_Phool_Bagh_Gwalior_Mondelez_Ind._Food_15Min.csv,https://airquality.cpcb.gov.in/dataRepository/download_file?file_name=Raw_data/15Min/2019/site_5275_Phool_Bagh_Gwalior_Mondelez_Ind._Food_15Min.csv,https://airquality.cpcb.gov.in/dataRepository/download_file?file_name=Raw_data/15Min/2018/site_5275_Phool_Bagh_Gwalior_Mondelez_Ind._Food_15Min.csv,https://airquality.cpcb.gov.in/dataRepository/download_file?file_name=Raw_data/15Min/2017/site_5275_Phool_Bagh_Gwalior_Mondelez_Ind._Food_15Min.csv
site_5276,"Thavakkara, Kannur - Kerala PCB",Kannur,Kerala,https://airquality.cpcb.gov.in/dataRepository/download_file?file_name=Raw_data/15Min/2026/site_5276_Thavakkara_Kannur_Kerala_PCB_15Min.csv,https://airquality.cpcb.gov.in/dataRepository/download_file?file_name=Raw_data/15Min/2025/site_5276_Thavakkara_Kannur_Kerala_PCB_15Min.csv,https://airquality.cpcb.gov.in/dataRepository/download_file?file_name=Raw_data/15Min/2024/site_5276_Thavakkara_Kannur_Kerala_PCB_15Min.csv,https://airquality.cpcb.gov.in/dataRepository/download_file?file_name=Raw_data/15Min/2023/site_5276_Thavakkara_Kannur_Kerala_PCB_15Min.csv,https://airquality.cpcb.gov.in/dataRepository/download_file?file_name=Raw_data/15Min/2022/site_5276_Thavakkara_Kannur_Kerala_PCB_15Min.csv,https://airquality.cpcb.gov.in/dataRepository/download_file?file_name=Raw_data/15Min/2021/site_5276_Thavakkara_Kannur_Kerala_PCB_15Min.csv,https://airquality.cpcb.gov.in/dataRepository/download_file?file_name=Raw_data/15Min/2020/site_5276_Thavakkara_Kannur_Kerala_PCB_15Min.csv,https://airquality.cpcb.gov.in/dataRepository/download_file?file_name=Raw_data/15Min/2019/site_5276_Thavakkara_Kannur_Kerala_PCB_15Min.csv,https://airquality.cpcb.gov.in/dataRepository/download_file?file_name=Raw_data/15Min/2018/site_5276_Thavakkara_Kannur_Kerala_PCB_15Min.csv,https://airquality.cpcb.gov.in/dataRepository/download_file?file_name=Raw_data/15Min/2017/site_5276_Thavakkara_Kannur_Kerala_PCB_15Min.csv
site_5331,"Kariavattom, Thiruvananthapuram - Kerala PCB",Thiruvananthapuram,Kerala,https://airquality.cpcb.gov.in/dataRepository/download_file?file_name=Raw_data/15Min/2026/site_5331_Kariavattom_Thiruvananthapuram_Kerala_PCB_15Min.csv,https://airquality.cpcb.gov.in/dataRepository/download_file?file_name=Raw_data/15Min/2025/site_5331_Kariavattom_Thiruvananthapuram_Kerala_PCB_15Min.csv,https://airquality.cpcb.gov.in/dataRepository/download_file?file_name=Raw_data/15Min/2024/site_5331_Kariavattom_Thiruvananthapuram_Kerala_PCB_15Min.csv,https://airquality.cpcb.gov.in/dataRepository/download_file?file_name=Raw_data/15Min/2023/site_5331_Kariavattom_Thiruvananthapuram_Kerala_PCB_15Min.csv,https://airquality.cpcb.gov.in/dataRepository/download_file?file_name=Raw_data/15Min/2022/site_5331_Kariavattom_Thiruvananthapuram_Kerala_PCB_15Min.csv,https://airquality.cpcb.gov.in/dataRepository/download_file?file_name=Raw_data/15Min/2021/site_5331_Kariavattom_Thiruvananthapuram_Kerala_PCB_15Min.csv,https://airquality.cpcb.gov.in/dataRepository/download_file?file_name=Raw_data/15Min/2020/site_5331_Kariavattom_Thiruvananthapuram_Kerala_PCB_15Min.csv,https://airquality.cpcb.gov.in/dataRepository/download_file?file_name=Raw_data/15Min/2019/site_5331_Kariavattom_Thiruvananthapuram_Kerala_PCB_15Min.csv,https://airquality.cpcb.gov.in/dataRepository/download_file?file_name=Raw_data/15Min/2018/site_5331_Kariavattom_Thiruvananthapuram_Kerala_PCB_15Min.csv,https://airquality.cpcb.gov.in/dataRepository/download_file?file_name=Raw_data/15Min/2017/site_5331_Kariavattom_Thiruvananthapuram_Kerala_PCB_15Min.csv
site_5334,"Polayathode, Kollam - Kerala PCB",Kollam,Kerala,https://airquality.cpcb.gov.in/dataRepository/download_file?file_name=Raw_data/15Min/2026/site_5334_Polayathode_Kollam_Kerala_PCB_15Min.csv,https://airquality.cpcb.gov.in/dataRepository/download_file?file_name=Raw_data/15Min/2025/site_5334_Polayathode_Kollam_Kerala_PCB_15Min.csv,https://airquality.cpcb.gov.in/dataRepository/download_file?file_name=Raw_data/15Min/2024/site_5334_Polayathode_Kollam_Kerala_PCB_15Min.csv,https://airquality.cpcb.gov.in/dataRepository/download_file?file_name=Raw_data/15Min/2023/site_5334_Polayathode_Kollam_Kerala_PCB_15Min.csv,https://airquality.cpcb.gov.in/dataRepository/download_file?file_name=Raw_data/15Min/2022/site_5334_Polayathode_Kollam_Kerala_PCB_15Min.csv,https://airquality.cpcb.gov.in/dataRepository/download_file?file_name=Raw_data/15Min/2021/site_5334_Polayathode_Kollam_Kerala_PCB_15Min.csv,https://airquality.cpcb.gov.in/dataRepository/download_file?file_name=Raw_data/15Min/2020/site_5334_Polayathode_Kollam_Kerala_PCB_15Min.csv,https://airquality.cpcb.gov.in/dataRepository/download_file?file_name=Raw_data/15Min/2019/site_5334_Polayathode_Kollam_Kerala_PCB_15Min.csv,https://airquality.cpcb.gov.in/dataRepository/download_file?file_name=Raw_data/15Min/2018/site_5334_Polayathode_Kollam_Kerala_PCB_15Min.csv,https://airquality.cpcb.gov.in/dataRepository/download_file?file_name=Raw_data/15Min/2017/site_5334_Polayathode_Kollam_Kerala_PCB_15Min.csv
site_5335,"Govt. High School Shikarpur, Patna - BSPCB",Patna,Bihar,https://airquality.cpcb.gov.in/dataRepository/download_file?file_name=Raw_data/15Min/2026/site_5335_Govt._High_School_Shikarpur_Patna_BSPCB_15Min.csv,https://airquality.cpcb.gov.in/dataRepository/download_file?file_name=Raw_data/15Min/2025/site_5335_Govt._High_School_Shikarpur_Patna_BSPCB_15Min.csv,https://airquality.cpcb.gov.in/dataRepository/download_file?file_name=Raw_data/15Min/2024/site_5335_Govt._High_School_Shikarpur_Patna_BSPCB_15Min.csv,https://airquality.cpcb.gov.in/dataRepository/download_file?file_name=Raw_data/15Min/2023/site_5335_Govt._High_School_Shikarpur_Patna_BSPCB_15Min.csv,https://airquality.cpcb.gov.in/dataRepository/download_file?file_name=Raw_data/15Min/2022/site_5335_Govt._High_School_Shikarpur_Patna_BSPCB_15Min.csv,https://airquality.cpcb.gov.in/dataRepository/download_file?file_name=Raw_data/15Min/2021/site_5335_Govt._High_School_Shikarpur_Patna_BSPCB_15Min.csv,https://airquality.cpcb.gov.in/dataRepository/download_file?file_name=Raw_data/15Min/2020/site_5335_Govt._High_School_Shikarpur_Patna_BSPCB_15Min.csv,https://airquality.cpcb.gov.in/dataRepository/download_file?file_name=Raw_data/15Min/2019/site_5335_Govt._High_School_Shikarpur_Patna_BSPCB_15Min.csv,https://airquality.cpcb.gov.in/dataRepository/download_file?file_name=Raw_data/15Min/2018/site_5335_Govt._High_School_Shikarpur_Patna_BSPCB_15Min.csv,https://airquality.cpcb.gov.in/dataRepository/download_file?file_name=Raw_data/15Min/2017/site_5335_Govt._High_School_Shikarpur_Patna_BSPCB_15Min.csv
site_5336,"DRM Office Danapur, Patna - BSPCB",Patna,Bihar,https://airquality.cpcb.gov.in/dataRepository/download_file?file_name=Raw_data/15Min/2026/site_5336_DRM_Office_Danapur_Patna_BSPCB_15Min.csv,https://airquality.cpcb.gov.in/dataRepository/download_file?file_name=Raw_data/15Min/2025/site_5336_DRM_Office_Danapur_Patna_BSPCB_15Min.csv,https://airquality.cpcb.gov.in/dataRepository/download_file?file_name=Raw_data/15Min/2024/site_5336_DRM_Office_Danapur_Patna_BSPCB_15Min.csv,https://airquality.cpcb.gov.in/dataRepository/download_file?file_name=Raw_data/15Min/2023/site_5336_DRM_Office_Danapur_Patna_BSPCB_15Min.csv,https://airquality.cpcb.gov.in/dataRepository/download_file?file_name=Raw_data/15Min/2022/site_5336_DRM_Office_Danapur_Patna_BSPCB_15Min.csv,https://airquality.cpcb.gov.in/dataRepository/download_file?file_name=Raw_data/15Min/2021/site_5336_DRM_Office_Danapur_Patna_BSPCB_15Min.csv,https://airquality.cpcb.gov.in/dataRepository/download_file?file_name=Raw_data/15Min/2020/site_5336_DRM_Office_Danapur_Patna_BSPCB_15Min.csv,https://airquality.cpcb.gov.in/dataRepository/download_file?file_name=Raw_data/15Min/2019/site_5336_DRM_Office_Danapur_Patna_BSPCB_15Min.csv,https://airquality.cpcb.gov.in/dataRepository/download_file?file_name=Raw_data/15Min/2018/site_5336_DRM_Office_Danapur_Patna_BSPCB_15Min.csv,https://airquality.cpcb.gov.in/dataRepository/download_file?file_name=Raw_data/15Min/2017/site_5336_DRM_Office_Danapur_Patna_BSPCB_15Min.csv
site_5337,"Industrial Area, Hajipur - BSPCB",Hajipur,Bihar,https://airquality.cpcb.gov.in/dataRepository/download_file?file_name=Raw_data/15Min/2026/site_5337_Industrial_Area_Hajipur_BSPCB_15Min.csv,https://airquality.cpcb.gov.in/dataRepository/download_file?file_name=Raw_data/15Min/2025/site_5337_Industrial_Area_Hajipur_BSPCB_15Min.csv,https://airquality.cpcb.gov.in/dataRepository/download_file?file_name=Raw_data/15Min/2024/site_5337_Industrial_Area_Hajipur_BSPCB_15Min.csv,https://airquality.cpcb.gov.in/dataRepository/download_file?file_name=Raw_data/15Min/2023/site_5337_Industrial_Area_Hajipur_BSPCB_15Min.csv,https://airquality.cpcb.gov.in/dataRepository/download_file?file_name=Raw_data/15Min/2022/site_5337_Industrial_Area_Hajipur_BSPCB_15Min.csv,https://airquality.cpcb.gov.in/dataRepository/download_file?file_name=Raw_data/15Min/2021/site_5337_Industrial_Area_Hajipur_BSPCB_15Min.csv,https://airquality.cpcb.gov.in/dataRepository/download_file?file_name=Raw_data/15Min/2020/site_5337_Industrial_Area_Hajipur_BSPCB_15Min.csv,https://airquality.cpcb.gov.in/dataRepository/download_file?file_name=Raw_data/15Min/2019/site_5337_Industrial_Area_Hajipur_BSPCB_15Min.csv,https://airquality.cpcb.gov.in/dataRepository/download_file?file_name=Raw_data/15Min/2018/site_5337_Industrial_Area_Hajipur_BSPCB_15Min.csv,https://airquality.cpcb.gov.in/dataRepository/download_file?file_name=Raw_data/15Min/2017/site_5337_Industrial_Area_Hajipur_BSPCB_15Min.csv
site_5338,"SFTI Kusdihra, Gaya - BSPCB",Gaya,Bihar,https://airquality.cpcb.gov.in/dataRepository/download_file?file_name=Raw_data/15Min/2026/site_5338_SFTI_Kusdihra_Gaya_BSPCB_15Min.csv,https://airquality.cpcb.gov.in/dataRepository/download_file?file_name=Raw_data/15Min/2025/site_5338_SFTI_Kusdihra_Gaya_BSPCB_15Min.csv,https://airquality.cpcb.gov.in/dataRepository/download_file?file_name=Raw_data/15Min/2024/site_5338_SFTI_Kusdihra_Gaya_BSPCB_15Min.csv,https://airquality.cpcb.gov.in/dataRepository/download_file?file_name=Raw_data/15Min/2023/site_5338_SFTI_Kusdihra_Gaya_BSPCB_15Min.csv,https://airquality.cpcb.gov.in/dataRepository/download_file?file_name=Raw_data/15Min/2022/site_5338_SFTI_Kusdihra_Gaya_BSPCB_15Min.csv,https://airquality.cpcb.gov.in/dataRepository/download_file?file_name=Raw_data/15Min/2021/site_5338_SFTI_Kusdihra_Gaya_BSPCB_15Min.csv,https://airquality.cpcb.gov.in/dataRepository/download_file?file_name=Raw_data/15Min/2020/site_5338_SFTI_Kusdihra_Gaya_BSPCB_15Min.csv,https://airquality.cpcb.gov.in/dataRepository/download_file?file_name=Raw_data/15Min/2019/site_5338_SFTI_Kusdihra_Gaya_BSPCB_15Min.csv,https://airquality.cpcb.gov.in/dataRepository/download_file?file_name=Raw_data/15Min/2018/site_5338_SFTI_Kusdihra_Gaya_BSPCB_15Min.csv,https://airquality.cpcb.gov.in/dataRepository/download_file?file_name=Raw_data/15Min/2017/site_5338_SFTI_Kusdihra_Gaya_BSPCB_15Min.csv
site_5339,"Mini Secretariat, Charkhi Dadri - HSPCB",Charkhi Dadri,Haryana,https://airquality.cpcb.gov.in/dataRepository/download_file?file_name=Raw_data/15Min/2026/site_5339_Mini_Secretariat_Charkhi_Dadri_HSPCB_15Min.csv,https://airquality.cpcb.gov.in/dataRepository/download_file?file_name=Raw_data/15Min/2025/site_5339_Mini_Secretariat_Charkhi_Dadri_HSPCB_15Min.csv,https://airquality.cpcb.gov.in/dataRepository/download_file?file_name=Raw_data/15Min/2024/site_5339_Mini_Secretariat_Charkhi_Dadri_HSPCB_15Min.csv,https://airquality.cpcb.gov.in/dataRepository/download_file?file_name=Raw_data/15Min/2023/site_5339_Mini_Secretariat_Charkhi_Dadri_HSPCB_15Min.csv,https://airquality.cpcb.gov.in/dataRepository/download_file?file_name=Raw_data/15Min/2022/site_5339_Mini_Secretariat_Charkhi_Dadri_HSPCB_15Min.csv,https://airquality.cpcb.gov.in/dataRepository/download_file?file_name=Raw_data/15Min/2021/site_5339_Mini_Secretariat_Charkhi_Dadri_HSPCB_15Min.csv,https://airquality.cpcb.gov.in/dataRepository/download_file?file_name=Raw_data/15Min/2020/site_5339_Mini_Secretariat_Charkhi_Dadri_HSPCB_15Min.csv,https://airquality.cpcb.gov.in/dataRepository/download_file?file_name=Raw_data/15Min/2019/site_5339_Mini_Secretariat_Charkhi_Dadri_HSPCB_15Min.csv,https://airquality.cpcb.gov.in/dataRepository/download_file?file_name=Raw_data/15Min/2018/site_5339_Mini_Secretariat_Charkhi_Dadri_HSPCB_15Min.csv,https://airquality.cpcb.gov.in/dataRepository/download_file?file_name=Raw_data/15Min/2017/site_5339_Mini_Secretariat_Charkhi_Dadri_HSPCB_15Min.csv
site_5340,"New Industrial Town, Faridabad - HSPCB",Faridabad,Haryana,https://airquality.cpcb.gov.in/dataRepository/download_file?file_name=Raw_data/15Min/2026/site_5340_New_Industrial_Town_Faridabad_HSPCB_15Min.csv,https://airquality.cpcb.gov.in/dataRepository/download_file?file_name=Raw_data/15Min/2025/site_5340_New_Industrial_Town_Faridabad_HSPCB_15Min.csv,https://airquality.cpcb.gov.in/dataRepository/download_file?file_name=Raw_data/15Min/2024/site_5340_New_Industrial_Town_Faridabad_HSPCB_15Min.csv,https://airquality.cpcb.gov.in/dataRepository/download_file?file_name=Raw_data/15Min/2023/site_5340_New_Industrial_Town_Faridabad_HSPCB_15Min.csv,https://airquality.cpcb.gov.in/dataRepository/download_file?file_name=Raw_data/15Min/2022/site_5340_New_Industrial_Town_Faridabad_HSPCB_15Min.csv,https://airquality.cpcb.gov.in/dataRepository/download_file?file_name=Raw_data/15Min/2021/site_5340_New_Industrial_Town_Faridabad_HSPCB_15Min.csv,https://airquality.cpcb.gov.in/dataRepository/download_file?file_name=Raw_data/15Min/2020/site_5340_New_Industrial_Town_Faridabad_HSPCB_15Min.csv,https://airquality.cpcb.gov.in/dataRepository/download_file?file_name=Raw_data/15Min/2019/site_5340_New_Industrial_Town_Faridabad_HSPCB_15Min.csv,https://airquality.cpcb.gov.in/dataRepository/download_file?file_name=Raw_data/15Min/2018/site_5340_New_Industrial_Town_Faridabad_HSPCB_15Min.csv,https://airquality.cpcb.gov.in/dataRepository/download_file?file_name=Raw_data/15Min/2017/site_5340_New_Industrial_Town_Faridabad_HSPCB_15Min.csv
site_5341,"Sector 30, Faridabad - HSPCB",Faridabad,Haryana,https://airquality.cpcb.gov.in/dataRepository/download_file?file_name=Raw_data/15Min/2026/site_5341_Sector_30_Faridabad_HSPCB_15Min.csv,https://airquality.cpcb.gov.in/dataRepository/download_file?file_name=Raw_data/15Min/2025/site_5341_Sector_30_Faridabad_HSPCB_15Min.csv,https://airquality.cpcb.gov.in/dataRepository/download_file?file_name=Raw_data/15Min/2024/site_5341_Sector_30_Faridabad_HSPCB_15Min.csv,https://airquality.cpcb.gov.in/dataRepository/download_file?file_name=Raw_data/15Min/2023/site_5341_Sector_30_Faridabad_HSPCB_15Min.csv,https://airquality.cpcb.gov.in/dataRepository/download_file?file_name=Raw_data/15Min/2022/site_5341_Sector_30_Faridabad_HSPCB_15Min.csv,https://airquality.cpcb.gov.in/dataRepository/download_file?file_name=Raw_data/15Min/2021/site_5341_Sector_30_Faridabad_HSPCB_15Min.csv,https://airquality.cpcb.gov.in/dataRepository/download_file?file_name=Raw_data/15Min/2020/site_5341_Sector_30_Faridabad_HSPCB_15Min.csv,https://airquality.cpcb.gov.in/dataRepository/download_file?file_name=Raw_data/15Min/2019/site_5341_Sector_30_Faridabad_HSPCB_15Min.csv,https://airquality.cpcb.gov.in/dataRepository/download_file?file_name=Raw_data/15Min/2018/site_5341_Sector_30_Faridabad_HSPCB_15Min.csv,https://airquality.cpcb.gov.in/dataRepository/download_file?file_name=Raw_data/15Min/2017/site_5341_Sector_30_Faridabad_HSPCB_15Min.csv
site_5342,"Sector 11, Faridabad - HSPCB",Faridabad,Haryana,https://airquality.cpcb.gov.in/dataRepository/download_file?file_name=Raw_data/15Min/2026/site_5342_Sector_11_Faridabad_HSPCB_15Min.csv,https://airquality.cpcb.gov.in/dataRepository/download_file?file_name=Raw_data/15Min/2025/site_5342_Sector_11_Faridabad_HSPCB_15Min.csv,https://airquality.cpcb.gov.in/dataRepository/download_file?file_name=Raw_data/15Min/2024/site_5342_Sector_11_Faridabad_HSPCB_15Min.csv,https://airquality.cpcb.gov.in/dataRepository/download_file?file_name=Raw_data/15Min/2023/site_5342_Sector_11_Faridabad_HSPCB_15Min.csv,https://airquality.cpcb.gov.in/dataRepository/download_file?file_name=Raw_data/15Min/2022/site_5342_Sector_11_Faridabad_HSPCB_15Min.csv,https://airquality.cpcb.gov.in/dataRepository/download_file?file_name=Raw_data/15Min/2021/site_5342_Sector_11_Faridabad_HSPCB_15Min.csv,https://airquality.cpcb.gov.in/dataRepository/download_file?file_name=Raw_data/15Min/2020/site_5342_Sector_11_Faridabad_HSPCB_15Min.csv,https://airquality.cpcb.gov.in/dataRepository/download_file?file_name=Raw_data/15Min/2019/site_5342_Sector_11_Faridabad_HSPCB_15Min.csv,https://airquality.cpcb.gov.in/dataRepository/download_file?file_name=Raw_data/15Min/2018/site_5342_Sector_11_Faridabad_HSPCB_15Min.csv,https://airquality.cpcb.gov.in/dataRepository/download_file?file_name=Raw_data/15Min/2017/site_5342_Sector_11_Faridabad_HSPCB_15Min.csv
site_5344,"Teri Gram, Gurugram - HSPCB",Gurugram,Haryana,https://airquality.cpcb.gov.in/dataRepository/download_file?file_name=Raw_data/15Min/2026/site_5344_Teri_Gram_Gurugram_HSPCB_15Min.csv,https://airquality.cpcb.gov.in/dataRepository/download_file?file_name=Raw_data/15Min/2025/site_5344_Teri_Gram_Gurugram_HSPCB_15Min.csv,https://airquality.cpcb.gov.in/dataRepository/download_file?file_name=Raw_data/15Min/2024/site_5344_Teri_Gram_Gurugram_HSPCB_15Min.csv,https://airquality.cpcb.gov.in/dataRepository/download_file?file_name=Raw_data/15Min/2023/site_5344_Teri_Gram_Gurugram_HSPCB_15Min.csv,https://airquality.cpcb.gov.in/dataRepository/download_file?file_name=Raw_data/15Min/2022/site_5344_Teri_Gram_Gurugram_HSPCB_15Min.csv,https://airquality.cpcb.gov.in/dataRepository/download_file?file_name=Raw_data/15Min/2021/site_5344_Teri_Gram_Gurugram_HSPCB_15Min.csv,https://airquality.cpcb.gov.in/dataRepository/download_file?file_name=Raw_data/15Min/2020/site_5344_Teri_Gram_Gurugram_HSPCB_15Min.csv,https://airquality.cpcb.gov.in/dataRepository/download_file?file_name=Raw_data/15Min/2019/site_5344_Teri_Gram_Gurugram_HSPCB_15Min.csv,https://airquality.cpcb.gov.in/dataRepository/download_file?file_name=Raw_data/15Min/2018/site_5344_Teri_Gram_Gurugram_HSPCB_15Min.csv,https://airquality.cpcb.gov.in/dataRepository/download_file?file_name=Raw_data/15Min/2017/site_5344_Teri_Gram_Gurugram_HSPCB_15Min.csv
site_5345,"Sector-51, Gurugram - HSPCB",Gurugram,Haryana,,https://airquality.cpcb.gov.in/dataRepository/download_file?file_name=Raw_data/15Min/2025/site_5345_Sector-51_Gurugram_HSPCB_15Min.csv,https://airquality.cpcb.gov.in/dataRepository/download_file?file_name=Raw_data/15Min/2024/site_5345_Sector-51_Gurugram_HSPCB_15Min.csv,https://airquality.cpcb.gov.in/dataRepository/download_file?file_name=Raw_data/15Min/2023/site_5345_Sector-51_Gurugram_HSPCB_15Min.csv,https://airquality.cpcb.gov.in/dataRepository/download_file?file_name=Raw_data/15Min/2022/site_5345_Sector-51_Gurugram_HSPCB_15Min.csv,https://airquality.cpcb.gov.in/dataRepository/download_file?file_name=Raw_data/15Min/2021/site_5345_Sector-51_Gurugram_HSPCB_15Min.csv,https://airquality.cpcb.gov.in/dataRepository/download_file?file_name=Raw_data/15Min/2020/site_5345_Sector-51_Gurugram_HSPCB_15Min.csv,https://airquality.cpcb.gov.in/dataRepository/download_file?file_name=Raw_data/15Min/2019/site_5345_Sector-51_Gurugram_HSPCB_15Min.csv,https://airquality.cpcb.gov.in/dataRepository/download_file?file_name=Raw_data/15Min/2018/site_5345_Sector-51_Gurugram_HSPCB_15Min.csv,https://airquality.cpcb.gov.in/dataRepository/download_file?file_name=Raw_data/15Min/2017/site_5345_Sector-51_Gurugram_HSPCB_15Min.csv
site_5346,"Sikulpuikawn, Aizawl - Mizoram PCB",Aizawl,Mizoram,https://airquality.cpcb.gov.in/dataRepository/download_file?file_name=Raw_data/15Min/2026/site_5346_Sikulpuikawn_Aizawl_Mizoram_PCB_15Min.csv,https://airquality.cpcb.gov.in/dataRepository/download_file?file_name=Raw_data/15Min/2025/site_5346_Sikulpuikawn_Aizawl_Mizoram_PCB_15Min.csv,https://airquality.cpcb.gov.in/dataRepository/download_file?file_name=Raw_data/15Min/2024/site_5346_Sikulpuikawn_Aizawl_Mizoram_PCB_15Min.csv,https://airquality.cpcb.gov.in/dataRepository/download_file?file_name=Raw_data/15Min/2023/site_5346_Sikulpuikawn_Aizawl_Mizoram_PCB_15Min.csv,https://airquality.cpcb.gov.in/dataRepository/download_file?file_name=Raw_data/15Min/2022/site_5346_Sikulpuikawn_Aizawl_Mizoram_PCB_15Min.csv,https://airquality.cpcb.gov.in/dataRepository/download_file?file_name=Raw_data/15Min/2021/site_5346_Sikulpuikawn_Aizawl_Mizoram_PCB_15Min.csv,https://airquality.cpcb.gov.in/dataRepository/download_file?file_name=Raw_data/15Min/2020/site_5346_Sikulpuikawn_Aizawl_Mizoram_PCB_15Min.csv,https://airquality.cpcb.gov.in/dataRepository/download_file?file_name=Raw_data/15Min/2019/site_5346_Sikulpuikawn_Aizawl_Mizoram_PCB_15Min.csv,https://airquality.cpcb.gov.in/dataRepository/download_file?file_name=Raw_data/15Min/2018/site_5346_Sikulpuikawn_Aizawl_Mizoram_PCB_15Min.csv,https://airquality.cpcb.gov.in/dataRepository/download_file?file_name=Raw_data/15Min/2017/site_5346_Sikulpuikawn_Aizawl_Mizoram_PCB_15Min.csv
site_5361,"Arumbakkam, Chennai - TNPCB",Chennai,Tamil Nadu,https://airquality.cpcb.gov.in/dataRepository/download_file?file_name=Raw_data/15Min/2026/site_5361_Arumbakkam_Chennai_TNPCB_15Min.csv,https://airquality.cpcb.gov.in/dataRepository/download_file?file_name=Raw_data/15Min/2025/site_5361_Arumbakkam_Chennai_TNPCB_15Min.csv,https://airquality.cpcb.gov.in/dataRepository/download_file?file_name=Raw_data/15Min/2024/site_5361_Arumbakkam_Chennai_TNPCB_15Min.csv,https://airquality.cpcb.gov.in/dataRepository/download_file?file_name=Raw_data/15Min/2023/site_5361_Arumbakkam_Chennai_TNPCB_15Min.csv,https://airquality.cpcb.gov.in/dataRepository/download_file?file_name=Raw_data/15Min/2022/site_5361_Arumbakkam_Chennai_TNPCB_15Min.csv,https://airquality.cpcb.gov.in/dataRepository/download_file?file_name=Raw_data/15Min/2021/site_5361_Arumbakkam_Chennai_TNPCB_15Min.csv,https://airquality.cpcb.gov.in/dataRepository/download_file?file_name=Raw_data/15Min/2020/site_5361_Arumbakkam_Chennai_TNPCB_15Min.csv,https://airquality.cpcb.gov.in/dataRepository/download_file?file_name=Raw_data/15Min/2019/site_5361_Arumbakkam_Chennai_TNPCB_15Min.csv,https://airquality.cpcb.gov.in/dataRepository/download_file?file_name=Raw_data/15Min/2018/site_5361_Arumbakkam_Chennai_TNPCB_15Min.csv,https://airquality.cpcb.gov.in/dataRepository/download_file?file_name=Raw_data/15Min/2017/site_5361_Arumbakkam_Chennai_TNPCB_15Min.csv
site_5362,"Anthoni Pillai Nagar, Gummidipoondi - TNPCB",Gummidipoondi,Tamil Nadu,https://airquality.cpcb.gov.in/dataRepository/download_file?file_name=Raw_data/15Min/2026/site_5362_Anthoni_Pillai_Nagar_Gummidipoondi_TNPCB_15Min.csv,https://airquality.cpcb.gov.in/dataRepository/download_file?file_name=Raw_data/15Min/2025/site_5362_Anthoni_Pillai_Nagar_Gummidipoondi_TNPCB_15Min.csv,https://airquality.cpcb.gov.in/dataRepository/download_file?file_name=Raw_data/15Min/2024/site_5362_Anthoni_Pillai_Nagar_Gummidipoondi_TNPCB_15Min.csv,https://airquality.cpcb.gov.in/dataRepository/download_file?file_name=Raw_data/15Min/2023/site_5362_Anthoni_Pillai_Nagar_Gummidipoondi_TNPCB_15Min.csv,https://airquality.cpcb.gov.in/dataRepository/download_file?file_name=Raw_data/15Min/2022/site_5362_Anthoni_Pillai_Nagar_Gummidipoondi_TNPCB_15Min.csv,https://airquality.cpcb.gov.in/dataRepository/download_file?file_name=Raw_data/15Min/2021/site_5362_Anthoni_Pillai_Nagar_Gummidipoondi_TNPCB_15Min.csv,https://airquality.cpcb.gov.in/dataRepository/download_file?file_name=Raw_data/15Min/2020/site_5362_Anthoni_Pillai_Nagar_Gummidipoondi_TNPCB_15Min.csv,https://airquality.cpcb.gov.in/dataRepository/download_file?file_name=Raw_data/15Min/2019/site_5362_Anthoni_Pillai_Nagar_Gummidipoondi_TNPCB_15Min.csv,https://airquality.cpcb.gov.in/dataRepository/download_file?file_name=Raw_data/15Min/2018/site_5362_Anthoni_Pillai_Nagar_Gummidipoondi_TNPCB_15Min.csv,https://airquality.cpcb.gov.in/dataRepository/download_file?file_name=Raw_data/15Min/2017/site_5362_Anthoni_Pillai_Nagar_Gummidipoondi_TNPCB_15Min.csv
site_5363,"Perungudi, Chennai - TNPCB",Chennai,Tamil Nadu,https://airquality.cpcb.gov.in/dataRepository/download_file?file_name=Raw_data/15Min/2026/site_5363_Perungudi_Chennai_TNPCB_15Min.csv,https://airquality.cpcb.gov.in/dataRepository/download_file?file_name=Raw_data/15Min/2025/site_5363_Perungudi_Chennai_TNPCB_15Min.csv,https://airquality.cpcb.gov.in/dataRepository/download_file?file_name=Raw_data/15Min/2024/site_5363_Perungudi_Chennai_TNPCB_15Min.csv,https://airquality.cpcb.gov.in/dataRepository/download_file?file_name=Raw_data/15Min/2023/site_5363_Perungudi_Chennai_TNPCB_15Min.csv,https://airquality.cpcb.gov.in/dataRepository/download_file?file_name=Raw_data/15Min/2022/site_5363_Perungudi_Chennai_TNPCB_15Min.csv,https://airquality.cpcb.gov.in/dataRepository/download_file?file_name=Raw_data/15Min/2021/site_5363_Perungudi_Chennai_TNPCB_15Min.csv,https://airquality.cpcb.gov.in/dataRepository/download_file?file_name=Raw_data/15Min/2020/site_5363_Perungudi_Chennai_TNPCB_15Min.csv,https://airquality.cpcb.gov.in/dataRepository/download_file?file_name=Raw_data/15Min/2019/site_5363_Perungudi_Chennai_TNPCB_15Min.csv,https://airquality.cpcb.gov.in/dataRepository/download_file?file_name=Raw_data/15Min/2018/site_5363_Perungudi_Chennai_TNPCB_15Min.csv,https://airquality.cpcb.gov.in/dataRepository/download_file?file_name=Raw_data/15Min/2017/site_5363_Perungudi_Chennai_TNPCB_15Min.csv
site_5364,"Royapuram, Chennai - TNPCB",Chennai,Tamil Nadu,https://airquality.cpcb.gov.in/dataRepository/download_file?file_name=Raw_data/15Min/2026/site_5364_Royapuram_Chennai_TNPCB_15Min.csv,https://airquality.cpcb.gov.in/dataRepository/download_file?file_name=Raw_data/15Min/2025/site_5364_Royapuram_Chennai_TNPCB_15Min.csv,https://airquality.cpcb.gov.in/dataRepository/download_file?file_name=Raw_data/15Min/2024/site_5364_Royapuram_Chennai_TNPCB_15Min.csv,https://airquality.cpcb.gov.in/dataRepository/download_file?file_name=Raw_data/15Min/2023/site_5364_Royapuram_Chennai_TNPCB_15Min.csv,https://airquality.cpcb.gov.in/dataRepository/download_file?file_name=Raw_data/15Min/2022/site_5364_Royapuram_Chennai_TNPCB_15Min.csv,https://airquality.cpcb.gov.in/dataRepository/download_file?file_name=Raw_data/15Min/2021/site_5364_Royapuram_Chennai_TNPCB_15Min.csv,https://airquality.cpcb.gov.in/dataRepository/download_file?file_name=Raw_data/15Min/2020/site_5364_Royapuram_Chennai_TNPCB_15Min.csv,https://airquality.cpcb.gov.in/dataRepository/download_file?file_name=Raw_data/15Min/2019/site_5364_Royapuram_Chennai_TNPCB_15Min.csv,https://airquality.cpcb.gov.in/dataRepository/download_file?file_name=Raw_data/15Min/2018/site_5364_Royapuram_Chennai_TNPCB_15Min.csv,https://airquality.cpcb.gov.in/dataRepository/download_file?file_name=Raw_data/15Min/2017/site_5364_Royapuram_Chennai_TNPCB_15Min.csv
site_5365,"Kodungaiyur, Chennai - TNPCB",Chennai,Tamil Nadu,https://airquality.cpcb.gov.in/dataRepository/download_file?file_name=Raw_data/15Min/2026/site_5365_Kodungaiyur_Chennai_TNPCB_15Min.csv,https://airquality.cpcb.gov.in/dataRepository/download_file?file_name=Raw_data/15Min/2025/site_5365_Kodungaiyur_Chennai_TNPCB_15Min.csv,https://airquality.cpcb.gov.in/dataRepository/download_file?file_name=Raw_data/15Min/2024/site_5365_Kodungaiyur_Chennai_TNPCB_15Min.csv,https://airquality.cpcb.gov.in/dataRepository/download_file?file_name=Raw_data/15Min/2023/site_5365_Kodungaiyur_Chennai_TNPCB_15Min.csv,https://airquality.cpcb.gov.in/dataRepository/download_file?file_name=Raw_data/15Min/2022/site_5365_Kodungaiyur_Chennai_TNPCB_15Min.csv,https://airquality.cpcb.gov.in/dataRepository/download_file?file_name=Raw_data/15Min/2021/site_5365_Kodungaiyur_Chennai_TNPCB_15Min.csv,https://airquality.cpcb.gov.in/dataRepository/download_file?file_name=Raw_data/15Min/2020/site_5365_Kodungaiyur_Chennai_TNPCB_15Min.csv,https://airquality.cpcb.gov.in/dataRepository/download_file?file_name=Raw_data/15Min/2019/site_5365_Kodungaiyur_Chennai_TNPCB_15Min.csv,https://airquality.cpcb.gov.in/dataRepository/download_file?file_name=Raw_data/15Min/2018/site_5365_Kodungaiyur_Chennai_TNPCB_15Min.csv,https://airquality.cpcb.gov.in/dataRepository/download_file?file_name=Raw_data/15Min/2017/site_5365_Kodungaiyur_Chennai_TNPCB_15Min.csv
site_5367,"Meelavittan, Thoothukudi - TNPCB",Thoothukudi,Tamil Nadu,https://airquality.cpcb.gov.in/dataRepository/download_file?file_name=Raw_data/15Min/2026/site_5367_Meelavittan_Thoothukudi_TNPCB_15Min.csv,https://airquality.cpcb.gov.in/dataRepository/download_file?file_name=Raw_data/15Min/2025/site_5367_Meelavittan_Thoothukudi_TNPCB_15Min.csv,https://airquality.cpcb.gov.in/dataRepository/download_file?file_name=Raw_data/15Min/2024/site_5367_Meelavittan_Thoothukudi_TNPCB_15Min.csv,https://airquality.cpcb.gov.in/dataRepository/download_file?file_name=Raw_data/15Min/2023/site_5367_Meelavittan_Thoothukudi_TNPCB_15Min.csv,https://airquality.cpcb.gov.in/dataRepository/download_file?file_name=Raw_data/15Min/2022/site_5367_Meelavittan_Thoothukudi_TNPCB_15Min.csv,https://airquality.cpcb.gov.in/dataRepository/download_file?file_name=Raw_data/15Min/2021/site_5367_Meelavittan_Thoothukudi_TNPCB_15Min.csv,https://airquality.cpcb.gov.in/dataRepository/download_file?file_name=Raw_data/15Min/2020/site_5367_Meelavittan_Thoothukudi_TNPCB_15Min.csv,https://airquality.cpcb.gov.in/dataRepository/download_file?file_name=Raw_data/15Min/2019/site_5367_Meelavittan_Thoothukudi_TNPCB_15Min.csv,https://airquality.cpcb.gov.in/dataRepository/download_file?file_name=Raw_data/15Min/2018/site_5367_Meelavittan_Thoothukudi_TNPCB_15Min.csv,https://airquality.cpcb.gov.in/dataRepository/download_file?file_name=Raw_data/15Min/2017/site_5367_Meelavittan_Thoothukudi_TNPCB_15Min.csv
site_5370,"Buddha Colony, Muzaffarpur - BSPCB",Muzaffarpur,Bihar,https://airquality.cpcb.gov.in/dataRepository/download_file?file_name=Raw_data/15Min/2026/site_5370_Buddha_Colony_Muzaffarpur_BSPCB_15Min.csv,https://airquality.cpcb.gov.in/dataRepository/download_file?file_name=Raw_data/15Min/2025/site_5370_Buddha_Colony_Muzaffarpur_BSPCB_15Min.csv,https://airquality.cpcb.gov.in/dataRepository/download_file?file_name=Raw_data/15Min/2024/site_5370_Buddha_Colony_Muzaffarpur_BSPCB_15Min.csv,https://airquality.cpcb.gov.in/dataRepository/download_file?file_name=Raw_data/15Min/2023/site_5370_Buddha_Colony_Muzaffarpur_BSPCB_15Min.csv,https://airquality.cpcb.gov.in/dataRepository/download_file?file_name=Raw_data/15Min/2022/site_5370_Buddha_Colony_Muzaffarpur_BSPCB_15Min.csv,https://airquality.cpcb.gov.in/dataRepository/download_file?file_name=Raw_data/15Min/2021/site_5370_Buddha_Colony_Muzaffarpur_BSPCB_15Min.csv,https://airquality.cpcb.gov.in/dataRepository/download_file?file_name=Raw_data/15Min/2020/site_5370_Buddha_Colony_Muzaffarpur_BSPCB_15Min.csv,https://airquality.cpcb.gov.in/dataRepository/download_file?file_name=Raw_data/15Min/2019/site_5370_Buddha_Colony_Muzaffarpur_BSPCB_15Min.csv,https://airquality.cpcb.gov.in/dataRepository/download_file?file_name=Raw_data/15Min/2018/site_5370_Buddha_Colony_Muzaffarpur_BSPCB_15Min.csv,https://airquality.cpcb.gov.in/dataRepository/download_file?file_name=Raw_data/15Min/2017/site_5370_Buddha_Colony_Muzaffarpur_BSPCB_15Min.csv
site_5375,"PWD Juction, Kohima - NPCB",Kohima,Nagaland,,,https://airquality.cpcb.gov.in/dataRepository/download_file?file_name=Raw_data/15Min/2024/site_5375_PWD_Juction_Kohima_NPCB_15Min.csv,https://airquality.cpcb.gov.in/dataRepository/download_file?file_name=Raw_data/15Min/2023/site_5375_PWD_Juction_Kohima_NPCB_15Min.csv,https://airquality.cpcb.gov.in/dataRepository/download_file?file_name=Raw_data/15Min/2022/site_5375_PWD_Juction_Kohima_NPCB_15Min.csv,https://airquality.cpcb.gov.in/dataRepository/download_file?file_name=Raw_data/15Min/2021/site_5375_PWD_Juction_Kohima_NPCB_15Min.csv,https://airquality.cpcb.gov.in/dataRepository/download_file?file_name=Raw_data/15Min/2020/site_5375_PWD_Juction_Kohima_NPCB_15Min.csv,https://airquality.cpcb.gov.in/dataRepository/download_file?file_name=Raw_data/15Min/2019/site_5375_PWD_Juction_Kohima_NPCB_15Min.csv,https://airquality.cpcb.gov.in/dataRepository/download_file?file_name=Raw_data/15Min/2018/site_5375_PWD_Juction_Kohima_NPCB_15Min.csv,https://airquality.cpcb.gov.in/dataRepository/download_file?file_name=Raw_data/15Min/2017/site_5375_PWD_Juction_Kohima_NPCB_15Min.csv
site_5377,"Kunjaban, Agartala - Tripura SPCB",Agartala,Tripura,https://airquality.cpcb.gov.in/dataRepository/download_file?file_name=Raw_data/15Min/2026/site_5377_Kunjaban_Agartala_Tripura_SPCB_15Min.csv,https://airquality.cpcb.gov.in/dataRepository/download_file?file_name=Raw_data/15Min/2025/site_5377_Kunjaban_Agartala_Tripura_SPCB_15Min.csv,https://airquality.cpcb.gov.in/dataRepository/download_file?file_name=Raw_data/15Min/2024/site_5377_Kunjaban_Agartala_Tripura_SPCB_15Min.csv,https://airquality.cpcb.gov.in/dataRepository/download_file?file_name=Raw_data/15Min/2023/site_5377_Kunjaban_Agartala_Tripura_SPCB_15Min.csv,https://airquality.cpcb.gov.in/dataRepository/download_file?file_name=Raw_data/15Min/2022/site_5377_Kunjaban_Agartala_Tripura_SPCB_15Min.csv,https://airquality.cpcb.gov.in/dataRepository/download_file?file_name=Raw_data/15Min/2021/site_5377_Kunjaban_Agartala_Tripura_SPCB_15Min.csv,https://airquality.cpcb.gov.in/dataRepository/download_file?file_name=Raw_data/15Min/2020/site_5377_Kunjaban_Agartala_Tripura_SPCB_15Min.csv,https://airquality.cpcb.gov.in/dataRepository/download_file?file_name=Raw_data/15Min/2019/site_5377_Kunjaban_Agartala_Tripura_SPCB_15Min.csv,https://airquality.cpcb.gov.in/dataRepository/download_file?file_name=Raw_data/15Min/2018/site_5377_Kunjaban_Agartala_Tripura_SPCB_15Min.csv,https://airquality.cpcb.gov.in/dataRepository/download_file?file_name=Raw_data/15Min/2017/site_5377_Kunjaban_Agartala_Tripura_SPCB_15Min.csv
site_5390,"Corporation Ground, Thrissur - Kerala PCB",Thrissur,Kerala,https://airquality.cpcb.gov.in/dataRepository/download_file?file_name=Raw_data/15Min/2026/site_5390_Corporation_Ground_Thrissur_Kerala_PCB_15Min.csv,https://airquality.cpcb.gov.in/dataRepository/download_file?file_name=Raw_data/15Min/2025/site_5390_Corporation_Ground_Thrissur_Kerala_PCB_15Min.csv,https://airquality.cpcb.gov.in/dataRepository/download_file?file_name=Raw_data/15Min/2024/site_5390_Corporation_Ground_Thrissur_Kerala_PCB_15Min.csv,https://airquality.cpcb.gov.in/dataRepository/download_file?file_name=Raw_data/15Min/2023/site_5390_Corporation_Ground_Thrissur_Kerala_PCB_15Min.csv,https://airquality.cpcb.gov.in/dataRepository/download_file?file_name=Raw_data/15Min/2022/site_5390_Corporation_Ground_Thrissur_Kerala_PCB_15Min.csv,https://airquality.cpcb.gov.in/dataRepository/download_file?file_name=Raw_data/15Min/2021/site_5390_Corporation_Ground_Thrissur_Kerala_PCB_15Min.csv,https://airquality.cpcb.gov.in/dataRepository/download_file?file_name=Raw_data/15Min/2020/site_5390_Corporation_Ground_Thrissur_Kerala_PCB_15Min.csv,https://airquality.cpcb.gov.in/dataRepository/download_file?file_name=Raw_data/15Min/2019/site_5390_Corporation_Ground_Thrissur_Kerala_PCB_15Min.csv,https://airquality.cpcb.gov.in/dataRepository/download_file?file_name=Raw_data/15Min/2018/site_5390_Corporation_Ground_Thrissur_Kerala_PCB_15Min.csv,https://airquality.cpcb.gov.in/dataRepository/download_file?file_name=Raw_data/15Min/2017/site_5390_Corporation_Ground_Thrissur_Kerala_PCB_15Min.csv
site_5391,"Stuart Hill, Madikeri - KSPCB",Madikeri,Karnataka,https://airquality.cpcb.gov.in/dataRepository/download_file?file_name=Raw_data/15Min/2026/site_5391_Stuart_Hill_Madikeri_KSPCB_15Min.csv,https://airquality.cpcb.gov.in/dataRepository/download_file?file_name=Raw_data/15Min/2025/site_5391_Stuart_Hill_Madikeri_KSPCB_15Min.csv,https://airquality.cpcb.gov.in/dataRepository/download_file?file_name=Raw_data/15Min/2024/site_5391_Stuart_Hill_Madikeri_KSPCB_15Min.csv,https://airquality.cpcb.gov.in/dataRepository/download_file?file_name=Raw_data/15Min/2023/site_5391_Stuart_Hill_Madikeri_KSPCB_15Min.csv,https://airquality.cpcb.gov.in/dataRepository/download_file?file_name=Raw_data/15Min/2022/site_5391_Stuart_Hill_Madikeri_KSPCB_15Min.csv,https://airquality.cpcb.gov.in/dataRepository/download_file?file_name=Raw_data/15Min/2021/site_5391_Stuart_Hill_Madikeri_KSPCB_15Min.csv,https://airquality.cpcb.gov.in/dataRepository/download_file?file_name=Raw_data/15Min/2020/site_5391_Stuart_Hill_Madikeri_KSPCB_15Min.csv,https://airquality.cpcb.gov.in/dataRepository/download_file?file_name=Raw_data/15Min/2019/site_5391_Stuart_Hill_Madikeri_KSPCB_15Min.csv,https://airquality.cpcb.gov.in/dataRepository/download_file?file_name=Raw_data/15Min/2018/site_5391_Stuart_Hill_Madikeri_KSPCB_15Min.csv,https://airquality.cpcb.gov.in/dataRepository/download_file?file_name=Raw_data/15Min/2017/site_5391_Stuart_Hill_Madikeri_KSPCB_15Min.csv
site_5392,"Bandra Kurla Complex, Mumbai - IITM",Mumbai,Maharashtra,https://airquality.cpcb.gov.in/dataRepository/download_file?file_name=Raw_data/15Min/2026/site_5392_Bandra_Kurla_Complex_Mumbai_IITM_15Min.csv,https://airquality.cpcb.gov.in/dataRepository/download_file?file_name=Raw_data/15Min/2025/site_5392_Bandra_Kurla_Complex_Mumbai_IITM_15Min.csv,https://airquality.cpcb.gov.in/dataRepository/download_file?file_name=Raw_data/15Min/2024/site_5392_Bandra_Kurla_Complex_Mumbai_IITM_15Min.csv,https://airquality.cpcb.gov.in/dataRepository/download_file?file_name=Raw_data/15Min/2023/site_5392_Bandra_Kurla_Complex_Mumbai_IITM_15Min.csv,https://airquality.cpcb.gov.in/dataRepository/download_file?file_name=Raw_data/15Min/2022/site_5392_Bandra_Kurla_Complex_Mumbai_IITM_15Min.csv,https://airquality.cpcb.gov.in/dataRepository/download_file?file_name=Raw_data/15Min/2021/site_5392_Bandra_Kurla_Complex_Mumbai_IITM_15Min.csv,https://airquality.cpcb.gov.in/dataRepository/download_file?file_name=Raw_data/15Min/2020/site_5392_Bandra_Kurla_Complex_Mumbai_IITM_15Min.csv,https://airquality.cpcb.gov.in/dataRepository/download_file?file_name=Raw_data/15Min/2019/site_5392_Bandra_Kurla_Complex_Mumbai_IITM_15Min.csv,https://airquality.cpcb.gov.in/dataRepository/download_file?file_name=Raw_data/15Min/2018/site_5392_Bandra_Kurla_Complex_Mumbai_IITM_15Min.csv,https://airquality.cpcb.gov.in/dataRepository/download_file?file_name=Raw_data/15Min/2017/site_5392_Bandra_Kurla_Complex_Mumbai_IITM_15Min.csv
site_5393,"Chandni Chowk, Delhi - IITM",Delhi,Delhi,https://airquality.cpcb.gov.in/dataRepository/download_file?file_name=Raw_data/15Min/2026/site_5393_Chandni_Chowk_Delhi_IITM_15Min.csv,https://airquality.cpcb.gov.in/dataRepository/download_file?file_name=Raw_data/15Min/2025/site_5393_Chandni_Chowk_Delhi_IITM_15Min.csv,https://airquality.cpcb.gov.in/dataRepository/download_file?file_name=Raw_data/15Min/2024/site_5393_Chandni_Chowk_Delhi_IITM_15Min.csv,https://airquality.cpcb.gov.in/dataRepository/download_file?file_name=Raw_data/15Min/2023/site_5393_Chandni_Chowk_Delhi_IITM_15Min.csv,https://airquality.cpcb.gov.in/dataRepository/download_file?file_name=Raw_data/15Min/2022/site_5393_Chandni_Chowk_Delhi_IITM_15Min.csv,https://airquality.cpcb.gov.in/dataRepository/download_file?file_name=Raw_data/15Min/2021/site_5393_Chandni_Chowk_Delhi_IITM_15Min.csv,https://airquality.cpcb.gov.in/dataRepository/download_file?file_name=Raw_data/15Min/2020/site_5393_Chandni_Chowk_Delhi_IITM_15Min.csv,https://airquality.cpcb.gov.in/dataRepository/download_file?file_name=Raw_data/15Min/2019/site_5393_Chandni_Chowk_Delhi_IITM_15Min.csv,https://airquality.cpcb.gov.in/dataRepository/download_file?file_name=Raw_data/15Min/2018/site_5393_Chandni_Chowk_Delhi_IITM_15Min.csv,https://airquality.cpcb.gov.in/dataRepository/download_file?file_name=Raw_data/15Min/2017/site_5393_Chandni_Chowk_Delhi_IITM_15Min.csv
site_5394,"Mazgaon, Mumbai - IITM",Mumbai,Maharashtra,https://airquality.cpcb.gov.in/dataRepository/download_file?file_name=Raw_data/15Min/2026/site_5394_Mazgaon_Mumbai_IITM_15Min.csv,https://airquality.cpcb.gov.in/dataRepository/download_file?file_name=Raw_data/15Min/2025/site_5394_Mazgaon_Mumbai_IITM_15Min.csv,https://airquality.cpcb.gov.in/dataRepository/download_file?file_name=Raw_data/15Min/2024/site_5394_Mazgaon_Mumbai_IITM_15Min.csv,https://airquality.cpcb.gov.in/dataRepository/download_file?file_name=Raw_data/15Min/2023/site_5394_Mazgaon_Mumbai_IITM_15Min.csv,https://airquality.cpcb.gov.in/dataRepository/download_file?file_name=Raw_data/15Min/2022/site_5394_Mazgaon_Mumbai_IITM_15Min.csv,https://airquality.cpcb.gov.in/dataRepository/download_file?file_name=Raw_data/15Min/2021/site_5394_Mazgaon_Mumbai_IITM_15Min.csv,https://airquality.cpcb.gov.in/dataRepository/download_file?file_name=Raw_data/15Min/2020/site_5394_Mazgaon_Mumbai_IITM_15Min.csv,https://airquality.cpcb.gov.in/dataRepository/download_file?file_name=Raw_data/15Min/2019/site_5394_Mazgaon_Mumbai_IITM_15Min.csv,https://airquality.cpcb.gov.in/dataRepository/download_file?file_name=Raw_data/15Min/2018/site_5394_Mazgaon_Mumbai_IITM_15Min.csv,https://airquality.cpcb.gov.in/dataRepository/download_file?file_name=Raw_data/15Min/2017/site_5394_Mazgaon_Mumbai_IITM_15Min.csv
site_5395,"Lodhi Road, Delhi - IITM",Delhi,Delhi,https://airquality.cpcb.gov.in/dataRepository/download_file?file_name=Raw_data/15Min/2026/site_5395_Lodhi_Road_Delhi_IITM_15Min.csv,https://airquality.cpcb.gov.in/dataRepository/download_file?file_name=Raw_data/15Min/2025/site_5395_Lodhi_Road_Delhi_IITM_15Min.csv,https://airquality.cpcb.gov.in/dataRepository/download_file?file_name=Raw_data/15Min/2024/site_5395_Lodhi_Road_Delhi_IITM_15Min.csv,https://airquality.cpcb.gov.in/dataRepository/download_file?file_name=Raw_data/15Min/2023/site_5395_Lodhi_Road_Delhi_IITM_15Min.csv,https://airquality.cpcb.gov.in/dataRepository/download_file?file_name=Raw_data/15Min/2022/site_5395_Lodhi_Road_Delhi_IITM_15Min.csv,https://airquality.cpcb.gov.in/dataRepository/download_file?file_name=Raw_data/15Min/2021/site_5395_Lodhi_Road_Delhi_IITM_15Min.csv,https://airquality.cpcb.gov.in/dataRepository/download_file?file_name=Raw_data/15Min/2020/site_5395_Lodhi_Road_Delhi_IITM_15Min.csv,https://airquality.cpcb.gov.in/dataRepository/download_file?file_name=Raw_data/15Min/2019/site_5395_Lodhi_Road_Delhi_IITM_15Min.csv,https://airquality.cpcb.gov.in/dataRepository/download_file?file_name=Raw_data/15Min/2018/site_5395_Lodhi_Road_Delhi_IITM_15Min.csv,https://airquality.cpcb.gov.in/dataRepository/download_file?file_name=Raw_data/15Min/2017/site_5395_Lodhi_Road_Delhi_IITM_15Min.csv
site_5396,"Deonar, Mumbai - IITM",Mumbai,Maharashtra,https://airquality.cpcb.gov.in/dataRepository/download_file?file_name=Raw_data/15Min/2026/site_5396_Deonar_Mumbai_IITM_15Min.csv,https://airquality.cpcb.gov.in/dataRepository/download_file?file_name=Raw_data/15Min/2025/site_5396_Deonar_Mumbai_IITM_15Min.csv,https://airquality.cpcb.gov.in/dataRepository/download_file?file_name=Raw_data/15Min/2024/site_5396_Deonar_Mumbai_IITM_15Min.csv,https://airquality.cpcb.gov.in/dataRepository/download_file?file_name=Raw_data/15Min/2023/site_5396_Deonar_Mumbai_IITM_15Min.csv,https://airquality.cpcb.gov.in/dataRepository/download_file?file_name=Raw_data/15Min/2022/site_5396_Deonar_Mumbai_IITM_15Min.csv,https://airquality.cpcb.gov.in/dataRepository/download_file?file_name=Raw_data/15Min/2021/site_5396_Deonar_Mumbai_IITM_15Min.csv,https://airquality.cpcb.gov.in/dataRepository/download_file?file_name=Raw_data/15Min/2020/site_5396_Deonar_Mumbai_IITM_15Min.csv,https://airquality.cpcb.gov.in/dataRepository/download_file?file_name=Raw_data/15Min/2019/site_5396_Deonar_Mumbai_IITM_15Min.csv,https://airquality.cpcb.gov.in/dataRepository/download_file?file_name=Raw_data/15Min/2018/site_5396_Deonar_Mumbai_IITM_15Min.csv,https://airquality.cpcb.gov.in/dataRepository/download_file?file_name=Raw_data/15Min/2017/site_5396_Deonar_Mumbai_IITM_15Min.csv
site_5397,"Khindipada-Bhandup West, Mumbai - IITM",Mumbai,Maharashtra,,https://airquality.cpcb.gov.in/dataRepository/download_file?file_name=Raw_data/15Min/2025/site_5397_Khindipada-Bhandup_West_Mumbai_IITM_15Min.csv,https://airquality.cpcb.gov.in/dataRepository/download_file?file_name=Raw_data/15Min/2024/site_5397_Khindipada-Bhandup_West_Mumbai_IITM_15Min.csv,https://airquality.cpcb.gov.in/dataRepository/download_file?file_name=Raw_data/15Min/2023/site_5397_Khindipada-Bhandup_West_Mumbai_IITM_15Min.csv,https://airquality.cpcb.gov.in/dataRepository/download_file?file_name=Raw_data/15Min/2022/site_5397_Khindipada-Bhandup_West_Mumbai_IITM_15Min.csv,https://airquality.cpcb.gov.in/dataRepository/download_file?file_name=Raw_data/15Min/2021/site_5397_Khindipada-Bhandup_West_Mumbai_IITM_15Min.csv,https://airquality.cpcb.gov.in/dataRepository/download_file?file_name=Raw_data/15Min/2020/site_5397_Khindipada-Bhandup_West_Mumbai_IITM_15Min.csv,https://airquality.cpcb.gov.in/dataRepository/download_file?file_name=Raw_data/15Min/2019/site_5397_Khindipada-Bhandup_West_Mumbai_IITM_15Min.csv,https://airquality.cpcb.gov.in/dataRepository/download_file?file_name=Raw_data/15Min/2018/site_5397_Khindipada-Bhandup_West_Mumbai_IITM_15Min.csv,https://airquality.cpcb.gov.in/dataRepository/download_file?file_name=Raw_data/15Min/2017/site_5397_Khindipada-Bhandup_West_Mumbai_IITM_15Min.csv
site_5398,"Navy Nagar-Colaba, Mumbai - IITM",Mumbai,Maharashtra,,https://airquality.cpcb.gov.in/dataRepository/download_file?file_name=Raw_data/15Min/2025/site_5398_Navy_Nagar-Colaba_Mumbai_IITM_15Min.csv,https://airquality.cpcb.gov.in/dataRepository/download_file?file_name=Raw_data/15Min/2024/site_5398_Navy_Nagar-Colaba_Mumbai_IITM_15Min.csv,https://airquality.cpcb.gov.in/dataRepository/download_file?file_name=Raw_data/15Min/2023/site_5398_Navy_Nagar-Colaba_Mumbai_IITM_15Min.csv,https://airquality.cpcb.gov.in/dataRepository/download_file?file_name=Raw_data/15Min/2022/site_5398_Navy_Nagar-Colaba_Mumbai_IITM_15Min.csv,https://airquality.cpcb.gov.in/dataRepository/download_file?file_name=Raw_data/15Min/2021/site_5398_Navy_Nagar-Colaba_Mumbai_IITM_15Min.csv,https://airquality.cpcb.gov.in/dataRepository/download_file?file_name=Raw_data/15Min/2020/site_5398_Navy_Nagar-Colaba_Mumbai_IITM_15Min.csv,https://airquality.cpcb.gov.in/dataRepository/download_file?file_name=Raw_data/15Min/2019/site_5398_Navy_Nagar-Colaba_Mumbai_IITM_15Min.csv,https://airquality.cpcb.gov.in/dataRepository/download_file?file_name=Raw_data/15Min/2018/site_5398_Navy_Nagar-Colaba_Mumbai_IITM_15Min.csv,https://airquality.cpcb.gov.in/dataRepository/download_file?file_name=Raw_data/15Min/2017/site_5398_Navy_Nagar-Colaba_Mumbai_IITM_15Min.csv
site_5399,"Chakala-Andheri East, Mumbai - IITM",Mumbai,Maharashtra,,https://airquality.cpcb.gov.in/dataRepository/download_file?file_name=Raw_data/15Min/2025/site_5399_Chakala-Andheri_East_Mumbai_IITM_15Min.csv,https://airquality.cpcb.gov.in/dataRepository/download_file?file_name=Raw_data/15Min/2024/site_5399_Chakala-Andheri_East_Mumbai_IITM_15Min.csv,https://airquality.cpcb.gov.in/dataRepository/download_file?file_name=Raw_data/15Min/2023/site_5399_Chakala-Andheri_East_Mumbai_IITM_15Min.csv,https://airquality.cpcb.gov.in/dataRepository/download_file?file_name=Raw_data/15Min/2022/site_5399_Chakala-Andheri_East_Mumbai_IITM_15Min.csv,https://airquality.cpcb.gov.in/dataRepository/download_file?file_name=Raw_data/15Min/2021/site_5399_Chakala-Andheri_East_Mumbai_IITM_15Min.csv,https://airquality.cpcb.gov.in/dataRepository/download_file?file_name=Raw_data/15Min/2020/site_5399_Chakala-Andheri_East_Mumbai_IITM_15Min.csv,https://airquality.cpcb.gov.in/dataRepository/download_file?file_name=Raw_data/15Min/2019/site_5399_Chakala-Andheri_East_Mumbai_IITM_15Min.csv,https://airquality.cpcb.gov.in/dataRepository/download_file?file_name=Raw_data/15Min/2018/site_5399_Chakala-Andheri_East_Mumbai_IITM_15Min.csv,https://airquality.cpcb.gov.in/dataRepository/download_file?file_name=Raw_data/15Min/2017/site_5399_Chakala-Andheri_East_Mumbai_IITM_15Min.csv
site_5400,"Borivali East, Mumbai - IITM",Mumbai,Maharashtra,https://airquality.cpcb.gov.in/dataRepository/download_file?file_name=Raw_data/15Min/2026/site_5400_Borivali_East_Mumbai_IITM_15Min.csv,https://airquality.cpcb.gov.in/dataRepository/download_file?file_name=Raw_data/15Min/2025/site_5400_Borivali_East_Mumbai_IITM_15Min.csv,https://airquality.cpcb.gov.in/dataRepository/download_file?file_name=Raw_data/15Min/2024/site_5400_Borivali_East_Mumbai_IITM_15Min.csv,https://airquality.cpcb.gov.in/dataRepository/download_file?file_name=Raw_data/15Min/2023/site_5400_Borivali_East_Mumbai_IITM_15Min.csv,https://airquality.cpcb.gov.in/dataRepository/download_file?file_name=Raw_data/15Min/2022/site_5400_Borivali_East_Mumbai_IITM_15Min.csv,https://airquality.cpcb.gov.in/dataRepository/download_file?file_name=Raw_data/15Min/2021/site_5400_Borivali_East_Mumbai_IITM_15Min.csv,https://airquality.cpcb.gov.in/dataRepository/download_file?file_name=Raw_data/15Min/2020/site_5400_Borivali_East_Mumbai_IITM_15Min.csv,https://airquality.cpcb.gov.in/dataRepository/download_file?file_name=Raw_data/15Min/2019/site_5400_Borivali_East_Mumbai_IITM_15Min.csv,https://airquality.cpcb.gov.in/dataRepository/download_file?file_name=Raw_data/15Min/2018/site_5400_Borivali_East_Mumbai_IITM_15Min.csv,https://airquality.cpcb.gov.in/dataRepository/download_file?file_name=Raw_data/15Min/2017/site_5400_Borivali_East_Mumbai_IITM_15Min.csv
site_5401,"Sector-19A Nerul, Navi Mumbai - IITM",Navi Mumbai,Maharashtra,,https://airquality.cpcb.gov.in/dataRepository/download_file?file_name=Raw_data/15Min/2025/site_5401_Sector-19A_Nerul_Navi_Mumbai_IITM_15Min.csv,https://airquality.cpcb.gov.in/dataRepository/download_file?file_name=Raw_data/15Min/2024/site_5401_Sector-19A_Nerul_Navi_Mumbai_IITM_15Min.csv,https://airquality.cpcb.gov.in/dataRepository/download_file?file_name=Raw_data/15Min/2023/site_5401_Sector-19A_Nerul_Navi_Mumbai_IITM_15Min.csv,https://airquality.cpcb.gov.in/dataRepository/download_file?file_name=Raw_data/15Min/2022/site_5401_Sector-19A_Nerul_Navi_Mumbai_IITM_15Min.csv,https://airquality.cpcb.gov.in/dataRepository/download_file?file_name=Raw_data/15Min/2021/site_5401_Sector-19A_Nerul_Navi_Mumbai_IITM_15Min.csv,https://airquality.cpcb.gov.in/dataRepository/download_file?file_name=Raw_data/15Min/2020/site_5401_Sector-19A_Nerul_Navi_Mumbai_IITM_15Min.csv,https://airquality.cpcb.gov.in/dataRepository/download_file?file_name=Raw_data/15Min/2019/site_5401_Sector-19A_Nerul_Navi_Mumbai_IITM_15Min.csv,https://airquality.cpcb.gov.in/dataRepository/download_file?file_name=Raw_data/15Min/2018/site_5401_Sector-19A_Nerul_Navi_Mumbai_IITM_15Min.csv,https://airquality.cpcb.gov.in/dataRepository/download_file?file_name=Raw_data/15Min/2017/site_5401_Sector-19A_Nerul_Navi_Mumbai_IITM_15Min.csv
site_5402,"Malad West, Mumbai - IITM",Mumbai,Maharashtra,https://airquality.cpcb.gov.in/dataRepository/download_file?file_name=Raw_data/15Min/2026/site_5402_Malad_West_Mumbai_IITM_15Min.csv,https://airquality.cpcb.gov.in/dataRepository/download_file?file_name=Raw_data/15Min/2025/site_5402_Malad_West_Mumbai_IITM_15Min.csv,https://airquality.cpcb.gov.in/dataRepository/download_file?file_name=Raw_data/15Min/2024/site_5402_Malad_West_Mumbai_IITM_15Min.csv,https://airquality.cpcb.gov.in/dataRepository/download_file?file_name=Raw_data/15Min/2023/site_5402_Malad_West_Mumbai_IITM_15Min.csv,https://airquality.cpcb.gov.in/dataRepository/download_file?file_name=Raw_data/15Min/2022/site_5402_Malad_West_Mumbai_IITM_15Min.csv,https://airquality.cpcb.gov.in/dataRepository/download_file?file_name=Raw_data/15Min/2021/site_5402_Malad_West_Mumbai_IITM_15Min.csv,https://airquality.cpcb.gov.in/dataRepository/download_file?file_name=Raw_data/15Min/2020/site_5402_Malad_West_Mumbai_IITM_15Min.csv,https://airquality.cpcb.gov.in/dataRepository/download_file?file_name=Raw_data/15Min/2019/site_5402_Malad_West_Mumbai_IITM_15Min.csv,https://airquality.cpcb.gov.in/dataRepository/download_file?file_name=Raw_data/15Min/2018/site_5402_Malad_West_Mumbai_IITM_15Min.csv,https://airquality.cpcb.gov.in/dataRepository/download_file?file_name=Raw_data/15Min/2017/site_5402_Malad_West_Mumbai_IITM_15Min.csv
site_5403,"Siddharth Nagar-Worli, Mumbai - IITM",Mumbai,Maharashtra,,https://airquality.cpcb.gov.in/dataRepository/download_file?file_name=Raw_data/15Min/2025/site_5403_Siddharth_Nagar-Worli_Mumbai_IITM_15Min.csv,https://airquality.cpcb.gov.in/dataRepository/download_file?file_name=Raw_data/15Min/2024/site_5403_Siddharth_Nagar-Worli_Mumbai_IITM_15Min.csv,https://airquality.cpcb.gov.in/dataRepository/download_file?file_name=Raw_data/15Min/2023/site_5403_Siddharth_Nagar-Worli_Mumbai_IITM_15Min.csv,https://airquality.cpcb.gov.in/dataRepository/download_file?file_name=Raw_data/15Min/2022/site_5403_Siddharth_Nagar-Worli_Mumbai_IITM_15Min.csv,https://airquality.cpcb.gov.in/dataRepository/download_file?file_name=Raw_data/15Min/2021/site_5403_Siddharth_Nagar-Worli_Mumbai_IITM_15Min.csv,https://airquality.cpcb.gov.in/dataRepository/download_file?file_name=Raw_data/15Min/2020/site_5403_Siddharth_Nagar-Worli_Mumbai_IITM_15Min.csv,https://airquality.cpcb.gov.in/dataRepository/download_file?file_name=Raw_data/15Min/2019/site_5403_Siddharth_Nagar-Worli_Mumbai_IITM_15Min.csv,https://airquality.cpcb.gov.in/dataRepository/download_file?file_name=Raw_data/15Min/2018/site_5403_Siddharth_Nagar-Worli_Mumbai_IITM_15Min.csv,https://airquality.cpcb.gov.in/dataRepository/download_file?file_name=Raw_data/15Min/2017/site_5403_Siddharth_Nagar-Worli_Mumbai_IITM_15Min.csv
site_5404,"Mhada Colony, Pune - IITM",Pune,Maharashtra,https://airquality.cpcb.gov.in/dataRepository/download_file?file_name=Raw_data/15Min/2026/site_5404_Mhada_Colony_Pune_IITM_15Min.csv,https://airquality.cpcb.gov.in/dataRepository/download_file?file_name=Raw_data/15Min/2025/site_5404_Mhada_Colony_Pune_IITM_15Min.csv,https://airquality.cpcb.gov.in/dataRepository/download_file?file_name=Raw_data/15Min/2024/site_5404_Mhada_Colony_Pune_IITM_15Min.csv,https://airquality.cpcb.gov.in/dataRepository/download_file?file_name=Raw_data/15Min/2023/site_5404_Mhada_Colony_Pune_IITM_15Min.csv,https://airquality.cpcb.gov.in/dataRepository/download_file?file_name=Raw_data/15Min/2022/site_5404_Mhada_Colony_Pune_IITM_15Min.csv,https://airquality.cpcb.gov.in/dataRepository/download_file?file_name=Raw_data/15Min/2021/site_5404_Mhada_Colony_Pune_IITM_15Min.csv,https://airquality.cpcb.gov.in/dataRepository/download_file?file_name=Raw_data/15Min/2020/site_5404_Mhada_Colony_Pune_IITM_15Min.csv,https://airquality.cpcb.gov.in/dataRepository/download_file?file_name=Raw_data/15Min/2019/site_5404_Mhada_Colony_Pune_IITM_15Min.csv,https://airquality.cpcb.gov.in/dataRepository/download_file?file_name=Raw_data/15Min/2018/site_5404_Mhada_Colony_Pune_IITM_15Min.csv,https://airquality.cpcb.gov.in/dataRepository/download_file?file_name=Raw_data/15Min/2017/site_5404_Mhada_Colony_Pune_IITM_15Min.csv
site_5405,"Alandi, Pune - IITM",Pune,Maharashtra,https://airquality.cpcb.gov.in/dataRepository/download_file?file_name=Raw_data/15Min/2026/site_5405_Alandi_Pune_IITM_15Min.csv,https://airquality.cpcb.gov.in/dataRepository/download_file?file_name=Raw_data/15Min/2025/site_5405_Alandi_Pune_IITM_15Min.csv,https://airquality.cpcb.gov.in/dataRepository/download_file?file_name=Raw_data/15Min/2024/site_5405_Alandi_Pune_IITM_15Min.csv,https://airquality.cpcb.gov.in/dataRepository/download_file?file_name=Raw_data/15Min/2023/site_5405_Alandi_Pune_IITM_15Min.csv,https://airquality.cpcb.gov.in/dataRepository/download_file?file_name=Raw_data/15Min/2022/site_5405_Alandi_Pune_IITM_15Min.csv,https://airquality.cpcb.gov.in/dataRepository/download_file?file_name=Raw_data/15Min/2021/site_5405_Alandi_Pune_IITM_15Min.csv,https://airquality.cpcb.gov.in/dataRepository/download_file?file_name=Raw_data/15Min/2020/site_5405_Alandi_Pune_IITM_15Min.csv,https://airquality.cpcb.gov.in/dataRepository/download_file?file_name=Raw_data/15Min/2019/site_5405_Alandi_Pune_IITM_15Min.csv,https://airquality.cpcb.gov.in/dataRepository/download_file?file_name=Raw_data/15Min/2018/site_5405_Alandi_Pune_IITM_15Min.csv,https://airquality.cpcb.gov.in/dataRepository/download_file?file_name=Raw_data/15Min/2017/site_5405_Alandi_Pune_IITM_15Min.csv
site_5406,"Bhosari, Pune - IITM",Pune,Maharashtra,https://airquality.cpcb.gov.in/dataRepository/download_file?file_name=Raw_data/15Min/2026/site_5406_Bhosari_Pune_IITM_15Min.csv,https://airquality.cpcb.gov.in/dataRepository/download_file?file_name=Raw_data/15Min/2025/site_5406_Bhosari_Pune_IITM_15Min.csv,https://airquality.cpcb.gov.in/dataRepository/download_file?file_name=Raw_data/15Min/2024/site_5406_Bhosari_Pune_IITM_15Min.csv,https://airquality.cpcb.gov.in/dataRepository/download_file?file_name=Raw_data/15Min/2023/site_5406_Bhosari_Pune_IITM_15Min.csv,https://airquality.cpcb.gov.in/dataRepository/download_file?file_name=Raw_data/15Min/2022/site_5406_Bhosari_Pune_IITM_15Min.csv,https://airquality.cpcb.gov.in/dataRepository/download_file?file_name=Raw_data/15Min/2021/site_5406_Bhosari_Pune_IITM_15Min.csv,https://airquality.cpcb.gov.in/dataRepository/download_file?file_name=Raw_data/15Min/2020/site_5406_Bhosari_Pune_IITM_15Min.csv,https://airquality.cpcb.gov.in/dataRepository/download_file?file_name=Raw_data/15Min/2019/site_5406_Bhosari_Pune_IITM_15Min.csv,https://airquality.cpcb.gov.in/dataRepository/download_file?file_name=Raw_data/15Min/2018/site_5406_Bhosari_Pune_IITM_15Min.csv,https://airquality.cpcb.gov.in/dataRepository/download_file?file_name=Raw_data/15Min/2017/site_5406_Bhosari_Pune_IITM_15Min.csv
site_5407,"Hadapsar, Pune - IITM",Pune,Maharashtra,https://airquality.cpcb.gov.in/dataRepository/download_file?file_name=Raw_data/15Min/2026/site_5407_Hadapsar_Pune_IITM_15Min.csv,https://airquality.cpcb.gov.in/dataRepository/download_file?file_name=Raw_data/15Min/2025/site_5407_Hadapsar_Pune_IITM_15Min.csv,https://airquality.cpcb.gov.in/dataRepository/download_file?file_name=Raw_data/15Min/2024/site_5407_Hadapsar_Pune_IITM_15Min.csv,https://airquality.cpcb.gov.in/dataRepository/download_file?file_name=Raw_data/15Min/2023/site_5407_Hadapsar_Pune_IITM_15Min.csv,https://airquality.cpcb.gov.in/dataRepository/download_file?file_name=Raw_data/15Min/2022/site_5407_Hadapsar_Pune_IITM_15Min.csv,https://airquality.cpcb.gov.in/dataRepository/download_file?file_name=Raw_data/15Min/2021/site_5407_Hadapsar_Pune_IITM_15Min.csv,https://airquality.cpcb.gov.in/dataRepository/download_file?file_name=Raw_data/15Min/2020/site_5407_Hadapsar_Pune_IITM_15Min.csv,https://airquality.cpcb.gov.in/dataRepository/download_file?file_name=Raw_data/15Min/2019/site_5407_Hadapsar_Pune_IITM_15Min.csv,https://airquality.cpcb.gov.in/dataRepository/download_file?file_name=Raw_data/15Min/2018/site_5407_Hadapsar_Pune_IITM_15Min.csv,https://airquality.cpcb.gov.in/dataRepository/download_file?file_name=Raw_data/15Min/2017/site_5407_Hadapsar_Pune_IITM_15Min.csv
site_5408,"Transport Nagar-Nigdi, Pune - IITM",Pune,Maharashtra,,https://airquality.cpcb.gov.in/dataRepository/download_file?file_name=Raw_data/15Min/2025/site_5408_Transport_Nagar-Nigdi_Pune_IITM_15Min.csv,https://airquality.cpcb.gov.in/dataRepository/download_file?file_name=Raw_data/15Min/2024/site_5408_Transport_Nagar-Nigdi_Pune_IITM_15Min.csv,https://airquality.cpcb.gov.in/dataRepository/download_file?file_name=Raw_data/15Min/2023/site_5408_Transport_Nagar-Nigdi_Pune_IITM_15Min.csv,https://airquality.cpcb.gov.in/dataRepository/download_file?file_name=Raw_data/15Min/2022/site_5408_Transport_Nagar-Nigdi_Pune_IITM_15Min.csv,https://airquality.cpcb.gov.in/dataRepository/download_file?file_name=Raw_data/15Min/2021/site_5408_Transport_Nagar-Nigdi_Pune_IITM_15Min.csv,https://airquality.cpcb.gov.in/dataRepository/download_file?file_name=Raw_data/15Min/2020/site_5408_Transport_Nagar-Nigdi_Pune_IITM_15Min.csv,https://airquality.cpcb.gov.in/dataRepository/download_file?file_name=Raw_data/15Min/2019/site_5408_Transport_Nagar-Nigdi_Pune_IITM_15Min.csv,https://airquality.cpcb.gov.in/dataRepository/download_file?file_name=Raw_data/15Min/2018/site_5408_Transport_Nagar-Nigdi_Pune_IITM_15Min.csv,https://airquality.cpcb.gov.in/dataRepository/download_file?file_name=Raw_data/15Min/2017/site_5408_Transport_Nagar-Nigdi_Pune_IITM_15Min.csv
site_5409,"Revenue Colony-Shivajinagar, Pune - IITM",Pune,Maharashtra,,https://airquality.cpcb.gov.in/dataRepository/download_file?file_name=Raw_data/15Min/2025/site_5409_Revenue_Colony-Shivajinagar_Pune_IITM_15Min.csv,https://airquality.cpcb.gov.in/dataRepository/download_file?file_name=Raw_data/15Min/2024/site_5409_Revenue_Colony-Shivajinagar_Pune_IITM_15Min.csv,https://airquality.cpcb.gov.in/dataRepository/download_file?file_name=Raw_data/15Min/2023/site_5409_Revenue_Colony-Shivajinagar_Pune_IITM_15Min.csv,https://airquality.cpcb.gov.in/dataRepository/download_file?file_name=Raw_data/15Min/2022/site_5409_Revenue_Colony-Shivajinagar_Pune_IITM_15Min.csv,https://airquality.cpcb.gov.in/dataRepository/download_file?file_name=Raw_data/15Min/2021/site_5409_Revenue_Colony-Shivajinagar_Pune_IITM_15Min.csv,https://airquality.cpcb.gov.in/dataRepository/download_file?file_name=Raw_data/15Min/2020/site_5409_Revenue_Colony-Shivajinagar_Pune_IITM_15Min.csv,https://airquality.cpcb.gov.in/dataRepository/download_file?file_name=Raw_data/15Min/2019/site_5409_Revenue_Colony-Shivajinagar_Pune_IITM_15Min.csv,https://airquality.cpcb.gov.in/dataRepository/download_file?file_name=Raw_data/15Min/2018/site_5409_Revenue_Colony-Shivajinagar_Pune_IITM_15Min.csv,https://airquality.cpcb.gov.in/dataRepository/download_file?file_name=Raw_data/15Min/2017/site_5409_Revenue_Colony-Shivajinagar_Pune_IITM_15Min.csv
site_5410,"MIT-Kothrud, Pune - IITM",Pune,Maharashtra,,https://airquality.cpcb.gov.in/dataRepository/download_file?file_name=Raw_data/15Min/2025/site_5410_MIT-Kothrud_Pune_IITM_15Min.csv,https://airquality.cpcb.gov.in/dataRepository/download_file?file_name=Raw_data/15Min/2024/site_5410_MIT-Kothrud_Pune_IITM_15Min.csv,https://airquality.cpcb.gov.in/dataRepository/download_file?file_name=Raw_data/15Min/2023/site_5410_MIT-Kothrud_Pune_IITM_15Min.csv,https://airquality.cpcb.gov.in/dataRepository/download_file?file_name=Raw_data/15Min/2022/site_5410_MIT-Kothrud_Pune_IITM_15Min.csv,https://airquality.cpcb.gov.in/dataRepository/download_file?file_name=Raw_data/15Min/2021/site_5410_MIT-Kothrud_Pune_IITM_15Min.csv,https://airquality.cpcb.gov.in/dataRepository/download_file?file_name=Raw_data/15Min/2020/site_5410_MIT-Kothrud_Pune_IITM_15Min.csv,https://airquality.cpcb.gov.in/dataRepository/download_file?file_name=Raw_data/15Min/2019/site_5410_MIT-Kothrud_Pune_IITM_15Min.csv,https://airquality.cpcb.gov.in/dataRepository/download_file?file_name=Raw_data/15Min/2018/site_5410_MIT-Kothrud_Pune_IITM_15Min.csv,https://airquality.cpcb.gov.in/dataRepository/download_file?file_name=Raw_data/15Min/2017/site_5410_MIT-Kothrud_Pune_IITM_15Min.csv
site_5412,"Kandivali East, Mumbai - MPCB",Mumbai,Maharashtra,https://airquality.cpcb.gov.in/dataRepository/download_file?file_name=Raw_data/15Min/2026/site_5412_Kandivali_East_Mumbai_MPCB_15Min.csv,https://airquality.cpcb.gov.in/dataRepository/download_file?file_name=Raw_data/15Min/2025/site_5412_Kandivali_East_Mumbai_MPCB_15Min.csv,https://airquality.cpcb.gov.in/dataRepository/download_file?file_name=Raw_data/15Min/2024/site_5412_Kandivali_East_Mumbai_MPCB_15Min.csv,https://airquality.cpcb.gov.in/dataRepository/download_file?file_name=Raw_data/15Min/2023/site_5412_Kandivali_East_Mumbai_MPCB_15Min.csv,https://airquality.cpcb.gov.in/dataRepository/download_file?file_name=Raw_data/15Min/2022/site_5412_Kandivali_East_Mumbai_MPCB_15Min.csv,https://airquality.cpcb.gov.in/dataRepository/download_file?file_name=Raw_data/15Min/2021/site_5412_Kandivali_East_Mumbai_MPCB_15Min.csv,https://airquality.cpcb.gov.in/dataRepository/download_file?file_name=Raw_data/15Min/2020/site_5412_Kandivali_East_Mumbai_MPCB_15Min.csv,https://airquality.cpcb.gov.in/dataRepository/download_file?file_name=Raw_data/15Min/2019/site_5412_Kandivali_East_Mumbai_MPCB_15Min.csv,https://airquality.cpcb.gov.in/dataRepository/download_file?file_name=Raw_data/15Min/2018/site_5412_Kandivali_East_Mumbai_MPCB_15Min.csv,https://airquality.cpcb.gov.in/dataRepository/download_file?file_name=Raw_data/15Min/2017/site_5412_Kandivali_East_Mumbai_MPCB_15Min.csv
site_5413,"Mulund West, Mumbai - MPCB",Mumbai,Maharashtra,https://airquality.cpcb.gov.in/dataRepository/download_file?file_name=Raw_data/15Min/2026/site_5413_Mulund_West_Mumbai_MPCB_15Min.csv,https://airquality.cpcb.gov.in/dataRepository/download_file?file_name=Raw_data/15Min/2025/site_5413_Mulund_West_Mumbai_MPCB_15Min.csv,https://airquality.cpcb.gov.in/dataRepository/download_file?file_name=Raw_data/15Min/2024/site_5413_Mulund_West_Mumbai_MPCB_15Min.csv,https://airquality.cpcb.gov.in/dataRepository/download_file?file_name=Raw_data/15Min/2023/site_5413_Mulund_West_Mumbai_MPCB_15Min.csv,https://airquality.cpcb.gov.in/dataRepository/download_file?file_name=Raw_data/15Min/2022/site_5413_Mulund_West_Mumbai_MPCB_15Min.csv,https://airquality.cpcb.gov.in/dataRepository/download_file?file_name=Raw_data/15Min/2021/site_5413_Mulund_West_Mumbai_MPCB_15Min.csv,https://airquality.cpcb.gov.in/dataRepository/download_file?file_name=Raw_data/15Min/2020/site_5413_Mulund_West_Mumbai_MPCB_15Min.csv,https://airquality.cpcb.gov.in/dataRepository/download_file?file_name=Raw_data/15Min/2019/site_5413_Mulund_West_Mumbai_MPCB_15Min.csv,https://airquality.cpcb.gov.in/dataRepository/download_file?file_name=Raw_data/15Min/2018/site_5413_Mulund_West_Mumbai_MPCB_15Min.csv,https://airquality.cpcb.gov.in/dataRepository/download_file?file_name=Raw_data/15Min/2017/site_5413_Mulund_West_Mumbai_MPCB_15Min.csv
site_5414,"Haji Colony, Raichur - KSPCB",Raichur,Karnataka,https://airquality.cpcb.gov.in/dataRepository/download_file?file_name=Raw_data/15Min/2026/site_5414_Haji_Colony_Raichur_KSPCB_15Min.csv,https://airquality.cpcb.gov.in/dataRepository/download_file?file_name=Raw_data/15Min/2025/site_5414_Haji_Colony_Raichur_KSPCB_15Min.csv,https://airquality.cpcb.gov.in/dataRepository/download_file?file_name=Raw_data/15Min/2024/site_5414_Haji_Colony_Raichur_KSPCB_15Min.csv,https://airquality.cpcb.gov.in/dataRepository/download_file?file_name=Raw_data/15Min/2023/site_5414_Haji_Colony_Raichur_KSPCB_15Min.csv,https://airquality.cpcb.gov.in/dataRepository/download_file?file_name=Raw_data/15Min/2022/site_5414_Haji_Colony_Raichur_KSPCB_15Min.csv,https://airquality.cpcb.gov.in/dataRepository/download_file?file_name=Raw_data/15Min/2021/site_5414_Haji_Colony_Raichur_KSPCB_15Min.csv,https://airquality.cpcb.gov.in/dataRepository/download_file?file_name=Raw_data/15Min/2020/site_5414_Haji_Colony_Raichur_KSPCB_15Min.csv,https://airquality.cpcb.gov.in/dataRepository/download_file?file_name=Raw_data/15Min/2019/site_5414_Haji_Colony_Raichur_KSPCB_15Min.csv,https://airquality.cpcb.gov.in/dataRepository/download_file?file_name=Raw_data/15Min/2018/site_5414_Haji_Colony_Raichur_KSPCB_15Min.csv,https://airquality.cpcb.gov.in/dataRepository/download_file?file_name=Raw_data/15Min/2017/site_5414_Haji_Colony_Raichur_KSPCB_15Min.csv
site_5415,"Diwator Nagar, Koppal - KSPCB",Koppal,Karnataka,https://airquality.cpcb.gov.in/dataRepository/download_file?file_name=Raw_data/15Min/2026/site_5415_Diwator_Nagar_Koppal_KSPCB_15Min.csv,https://airquality.cpcb.gov.in/dataRepository/download_file?file_name=Raw_data/15Min/2025/site_5415_Diwator_Nagar_Koppal_KSPCB_15Min.csv,https://airquality.cpcb.gov.in/dataRepository/download_file?file_name=Raw_data/15Min/2024/site_5415_Diwator_Nagar_Koppal_KSPCB_15Min.csv,https://airquality.cpcb.gov.in/dataRepository/download_file?file_name=Raw_data/15Min/2023/site_5415_Diwator_Nagar_Koppal_KSPCB_15Min.csv,https://airquality.cpcb.gov.in/dataRepository/download_file?file_name=Raw_data/15Min/2022/site_5415_Diwator_Nagar_Koppal_KSPCB_15Min.csv,https://airquality.cpcb.gov.in/dataRepository/download_file?file_name=Raw_data/15Min/2021/site_5415_Diwator_Nagar_Koppal_KSPCB_15Min.csv,https://airquality.cpcb.gov.in/dataRepository/download_file?file_name=Raw_data/15Min/2020/site_5415_Diwator_Nagar_Koppal_KSPCB_15Min.csv,https://airquality.cpcb.gov.in/dataRepository/download_file?file_name=Raw_data/15Min/2019/site_5415_Diwator_Nagar_Koppal_KSPCB_15Min.csv,https://airquality.cpcb.gov.in/dataRepository/download_file?file_name=Raw_data/15Min/2018/site_5415_Diwator_Nagar_Koppal_KSPCB_15Min.csv,https://airquality.cpcb.gov.in/dataRepository/download_file?file_name=Raw_data/15Min/2017/site_5415_Diwator_Nagar_Koppal_KSPCB_15Min.csv
site_5416,"IITK, Kanpur - IITK",Kanpur,Uttar Pradesh,https://airquality.cpcb.gov.in/dataRepository/download_file?file_name=Raw_data/15Min/2026/site_5416_IITK_Kanpur_IITK_15Min.csv,https://airquality.cpcb.gov.in/dataRepository/download_file?file_name=Raw_data/15Min/2025/site_5416_IITK_Kanpur_IITK_15Min.csv,,https://airquality.cpcb.gov.in/dataRepository/download_file?file_name=Raw_data/15Min/2023/site_5416_IITK_Kanpur_IITK_15Min.csv,https://airquality.cpcb.gov.in/dataRepository/download_file?file_name=Raw_data/15Min/2022/site_5416_IITK_Kanpur_IITK_15Min.csv,https://airquality.cpcb.gov.in/dataRepository/download_file?file_name=Raw_data/15Min/2021/site_5416_IITK_Kanpur_IITK_15Min.csv,https://airquality.cpcb.gov.in/dataRepository/download_file?file_name=Raw_data/15Min/2020/site_5416_IITK_Kanpur_IITK_15Min.csv,https://airquality.cpcb.gov.in/dataRepository/download_file?file_name=Raw_data/15Min/2019/site_5416_IITK_Kanpur_IITK_15Min.csv,https://airquality.cpcb.gov.in/dataRepository/download_file?file_name=Raw_data/15Min/2018/site_5416_IITK_Kanpur_IITK_15Min.csv,https://airquality.cpcb.gov.in/dataRepository/download_file?file_name=Raw_data/15Min/2017/site_5416_IITK_Kanpur_IITK_15Min.csv
site_5417,"Pan Bazaar, Guwahati - PCBA",Guwahati,Assam,https://airquality.cpcb.gov.in/dataRepository/download_file?file_name=Raw_data/15Min/2026/site_5417_Pan_Bazaar_Guwahati_PCBA_15Min.csv,https://airquality.cpcb.gov.in/dataRepository/download_file?file_name=Raw_data/15Min/2025/site_5417_Pan_Bazaar_Guwahati_PCBA_15Min.csv,https://airquality.cpcb.gov.in/dataRepository/download_file?file_name=Raw_data/15Min/2024/site_5417_Pan_Bazaar_Guwahati_PCBA_15Min.csv,https://airquality.cpcb.gov.in/dataRepository/download_file?file_name=Raw_data/15Min/2023/site_5417_Pan_Bazaar_Guwahati_PCBA_15Min.csv,https://airquality.cpcb.gov.in/dataRepository/download_file?file_name=Raw_data/15Min/2022/site_5417_Pan_Bazaar_Guwahati_PCBA_15Min.csv,https://airquality.cpcb.gov.in/dataRepository/download_file?file_name=Raw_data/15Min/2021/site_5417_Pan_Bazaar_Guwahati_PCBA_15Min.csv,https://airquality.cpcb.gov.in/dataRepository/download_file?file_name=Raw_data/15Min/2020/site_5417_Pan_Bazaar_Guwahati_PCBA_15Min.csv,https://airquality.cpcb.gov.in/dataRepository/download_file?file_name=Raw_data/15Min/2019/site_5417_Pan_Bazaar_Guwahati_PCBA_15Min.csv,https://airquality.cpcb.gov.in/dataRepository/download_file?file_name=Raw_data/15Min/2018/site_5417_Pan_Bazaar_Guwahati_PCBA_15Min.csv,https://airquality.cpcb.gov.in/dataRepository/download_file?file_name=Raw_data/15Min/2017/site_5417_Pan_Bazaar_Guwahati_PCBA_15Min.csv
site_5418,"Naubad, Bidar - KSPCB",Bidar,Karnataka,https://airquality.cpcb.gov.in/dataRepository/download_file?file_name=Raw_data/15Min/2026/site_5418_Naubad_Bidar_KSPCB_15Min.csv,https://airquality.cpcb.gov.in/dataRepository/download_file?file_name=Raw_data/15Min/2025/site_5418_Naubad_Bidar_KSPCB_15Min.csv,https://airquality.cpcb.gov.in/dataRepository/download_file?file_name=Raw_data/15Min/2024/site_5418_Naubad_Bidar_KSPCB_15Min.csv,https://airquality.cpcb.gov.in/dataRepository/download_file?file_name=Raw_data/15Min/2023/site_5418_Naubad_Bidar_KSPCB_15Min.csv,https://airquality.cpcb.gov.in/dataRepository/download_file?file_name=Raw_data/15Min/2022/site_5418_Naubad_Bidar_KSPCB_15Min.csv,https://airquality.cpcb.gov.in/dataRepository/download_file?file_name=Raw_data/15Min/2021/site_5418_Naubad_Bidar_KSPCB_15Min.csv,https://airquality.cpcb.gov.in/dataRepository/download_file?file_name=Raw_data/15Min/2020/site_5418_Naubad_Bidar_KSPCB_15Min.csv,https://airquality.cpcb.gov.in/dataRepository/download_file?file_name=Raw_data/15Min/2019/site_5418_Naubad_Bidar_KSPCB_15Min.csv,https://airquality.cpcb.gov.in/dataRepository/download_file?file_name=Raw_data/15Min/2018/site_5418_Naubad_Bidar_KSPCB_15Min.csv,https://airquality.cpcb.gov.in/dataRepository/download_file?file_name=Raw_data/15Min/2017/site_5418_Naubad_Bidar_KSPCB_15Min.csv
site_5419,"Panchal Nagar, Gadag - KSPCB",Gadag,Karnataka,https://airquality.cpcb.gov.in/dataRepository/download_file?file_name=Raw_data/15Min/2026/site_5419_Panchal_Nagar_Gadag_KSPCB_15Min.csv,https://airquality.cpcb.gov.in/dataRepository/download_file?file_name=Raw_data/15Min/2025/site_5419_Panchal_Nagar_Gadag_KSPCB_15Min.csv,https://airquality.cpcb.gov.in/dataRepository/download_file?file_name=Raw_data/15Min/2024/site_5419_Panchal_Nagar_Gadag_KSPCB_15Min.csv,https://airquality.cpcb.gov.in/dataRepository/download_file?file_name=Raw_data/15Min/2023/site_5419_Panchal_Nagar_Gadag_KSPCB_15Min.csv,https://airquality.cpcb.gov.in/dataRepository/download_file?file_name=Raw_data/15Min/2022/site_5419_Panchal_Nagar_Gadag_KSPCB_15Min.csv,https://airquality.cpcb.gov.in/dataRepository/download_file?file_name=Raw_data/15Min/2021/site_5419_Panchal_Nagar_Gadag_KSPCB_15Min.csv,https://airquality.cpcb.gov.in/dataRepository/download_file?file_name=Raw_data/15Min/2020/site_5419_Panchal_Nagar_Gadag_KSPCB_15Min.csv,https://airquality.cpcb.gov.in/dataRepository/download_file?file_name=Raw_data/15Min/2019/site_5419_Panchal_Nagar_Gadag_KSPCB_15Min.csv,https://airquality.cpcb.gov.in/dataRepository/download_file?file_name=Raw_data/15Min/2018/site_5419_Panchal_Nagar_Gadag_KSPCB_15Min.csv,https://airquality.cpcb.gov.in/dataRepository/download_file?file_name=Raw_data/15Min/2017/site_5419_Panchal_Nagar_Gadag_KSPCB_15Min.csv
site_5420,"Ashwini Nagar, Haveri - KSPCB",Haveri,Karnataka,https://airquality.cpcb.gov.in/dataRepository/download_file?file_name=Raw_data/15Min/2026/site_5420_Ashwini_Nagar_Haveri_KSPCB_15Min.csv,https://airquality.cpcb.gov.in/dataRepository/download_file?file_name=Raw_data/15Min/2025/site_5420_Ashwini_Nagar_Haveri_KSPCB_15Min.csv,https://airquality.cpcb.gov.in/dataRepository/download_file?file_name=Raw_data/15Min/2024/site_5420_Ashwini_Nagar_Haveri_KSPCB_15Min.csv,https://airquality.cpcb.gov.in/dataRepository/download_file?file_name=Raw_data/15Min/2023/site_5420_Ashwini_Nagar_Haveri_KSPCB_15Min.csv,https://airquality.cpcb.gov.in/dataRepository/download_file?file_name=Raw_data/15Min/2022/site_5420_Ashwini_Nagar_Haveri_KSPCB_15Min.csv,https://airquality.cpcb.gov.in/dataRepository/download_file?file_name=Raw_data/15Min/2021/site_5420_Ashwini_Nagar_Haveri_KSPCB_15Min.csv,https://airquality.cpcb.gov.in/dataRepository/download_file?file_name=Raw_data/15Min/2020/site_5420_Ashwini_Nagar_Haveri_KSPCB_15Min.csv,https://airquality.cpcb.gov.in/dataRepository/download_file?file_name=Raw_data/15Min/2019/site_5420_Ashwini_Nagar_Haveri_KSPCB_15Min.csv,https://airquality.cpcb.gov.in/dataRepository/download_file?file_name=Raw_data/15Min/2018/site_5420_Ashwini_Nagar_Haveri_KSPCB_15Min.csv,https://airquality.cpcb.gov.in/dataRepository/download_file?file_name=Raw_data/15Min/2017/site_5420_Ashwini_Nagar_Haveri_KSPCB_15Min.csv
site_5421,"Kadri, Mangalore - KSPCB",Mangalore,Karnataka,https://airquality.cpcb.gov.in/dataRepository/download_file?file_name=Raw_data/15Min/2026/site_5421_Kadri_Mangalore_KSPCB_15Min.csv,https://airquality.cpcb.gov.in/dataRepository/download_file?file_name=Raw_data/15Min/2025/site_5421_Kadri_Mangalore_KSPCB_15Min.csv,https://airquality.cpcb.gov.in/dataRepository/download_file?file_name=Raw_data/15Min/2024/site_5421_Kadri_Mangalore_KSPCB_15Min.csv,https://airquality.cpcb.gov.in/dataRepository/download_file?file_name=Raw_data/15Min/2023/site_5421_Kadri_Mangalore_KSPCB_15Min.csv,https://airquality.cpcb.gov.in/dataRepository/download_file?file_name=Raw_data/15Min/2022/site_5421_Kadri_Mangalore_KSPCB_15Min.csv,https://airquality.cpcb.gov.in/dataRepository/download_file?file_name=Raw_data/15Min/2021/site_5421_Kadri_Mangalore_KSPCB_15Min.csv,https://airquality.cpcb.gov.in/dataRepository/download_file?file_name=Raw_data/15Min/2020/site_5421_Kadri_Mangalore_KSPCB_15Min.csv,https://airquality.cpcb.gov.in/dataRepository/download_file?file_name=Raw_data/15Min/2019/site_5421_Kadri_Mangalore_KSPCB_15Min.csv,https://airquality.cpcb.gov.in/dataRepository/download_file?file_name=Raw_data/15Min/2018/site_5421_Kadri_Mangalore_KSPCB_15Min.csv,https://airquality.cpcb.gov.in/dataRepository/download_file?file_name=Raw_data/15Min/2017/site_5421_Kadri_Mangalore_KSPCB_15Min.csv
site_5422,"Devaraj Urs Badavane, Davanagere - KSPCB",Davanagere,Karnataka,https://airquality.cpcb.gov.in/dataRepository/download_file?file_name=Raw_data/15Min/2026/site_5422_Devaraj_Urs_Badavane_Davanagere_KSPCB_15Min.csv,https://airquality.cpcb.gov.in/dataRepository/download_file?file_name=Raw_data/15Min/2025/site_5422_Devaraj_Urs_Badavane_Davanagere_KSPCB_15Min.csv,https://airquality.cpcb.gov.in/dataRepository/download_file?file_name=Raw_data/15Min/2024/site_5422_Devaraj_Urs_Badavane_Davanagere_KSPCB_15Min.csv,https://airquality.cpcb.gov.in/dataRepository/download_file?file_name=Raw_data/15Min/2023/site_5422_Devaraj_Urs_Badavane_Davanagere_KSPCB_15Min.csv,https://airquality.cpcb.gov.in/dataRepository/download_file?file_name=Raw_data/15Min/2022/site_5422_Devaraj_Urs_Badavane_Davanagere_KSPCB_15Min.csv,https://airquality.cpcb.gov.in/dataRepository/download_file?file_name=Raw_data/15Min/2021/site_5422_Devaraj_Urs_Badavane_Davanagere_KSPCB_15Min.csv,https://airquality.cpcb.gov.in/dataRepository/download_file?file_name=Raw_data/15Min/2020/site_5422_Devaraj_Urs_Badavane_Davanagere_KSPCB_15Min.csv,https://airquality.cpcb.gov.in/dataRepository/download_file?file_name=Raw_data/15Min/2019/site_5422_Devaraj_Urs_Badavane_Davanagere_KSPCB_15Min.csv,https://airquality.cpcb.gov.in/dataRepository/download_file?file_name=Raw_data/15Min/2018/site_5422_Devaraj_Urs_Badavane_Davanagere_KSPCB_15Min.csv,https://airquality.cpcb.gov.in/dataRepository/download_file?file_name=Raw_data/15Min/2017/site_5422_Devaraj_Urs_Badavane_Davanagere_KSPCB_15Min.csv
site_5423,"Jawahar Nagar, Puducherry - PPCC",Puducherry,Puducherry,https://airquality.cpcb.gov.in/dataRepository/download_file?file_name=Raw_data/15Min/2026/site_5423_Jawahar_Nagar_Puducherry_PPCC_15Min.csv,https://airquality.cpcb.gov.in/dataRepository/download_file?file_name=Raw_data/15Min/2025/site_5423_Jawahar_Nagar_Puducherry_PPCC_15Min.csv,https://airquality.cpcb.gov.in/dataRepository/download_file?file_name=Raw_data/15Min/2024/site_5423_Jawahar_Nagar_Puducherry_PPCC_15Min.csv,https://airquality.cpcb.gov.in/dataRepository/download_file?file_name=Raw_data/15Min/2023/site_5423_Jawahar_Nagar_Puducherry_PPCC_15Min.csv,https://airquality.cpcb.gov.in/dataRepository/download_file?file_name=Raw_data/15Min/2022/site_5423_Jawahar_Nagar_Puducherry_PPCC_15Min.csv,https://airquality.cpcb.gov.in/dataRepository/download_file?file_name=Raw_data/15Min/2021/site_5423_Jawahar_Nagar_Puducherry_PPCC_15Min.csv,https://airquality.cpcb.gov.in/dataRepository/download_file?file_name=Raw_data/15Min/2020/site_5423_Jawahar_Nagar_Puducherry_PPCC_15Min.csv,https://airquality.cpcb.gov.in/dataRepository/download_file?file_name=Raw_data/15Min/2019/site_5423_Jawahar_Nagar_Puducherry_PPCC_15Min.csv,https://airquality.cpcb.gov.in/dataRepository/download_file?file_name=Raw_data/15Min/2018/site_5423_Jawahar_Nagar_Puducherry_PPCC_15Min.csv,https://airquality.cpcb.gov.in/dataRepository/download_file?file_name=Raw_data/15Min/2017/site_5423_Jawahar_Nagar_Puducherry_PPCC_15Min.csv
site_5424,"Rajbagh, Srinagar - JKSPCB",Srinagar,Jammu and Kashmir,,https://airquality.cpcb.gov.in/dataRepository/download_file?file_name=Raw_data/15Min/2025/site_5424_Rajbagh_Srinagar_JKSPCB_15Min.csv,https://airquality.cpcb.gov.in/dataRepository/download_file?file_name=Raw_data/15Min/2024/site_5424_Rajbagh_Srinagar_JKSPCB_15Min.csv,https://airquality.cpcb.gov.in/dataRepository/download_file?file_name=Raw_data/15Min/2023/site_5424_Rajbagh_Srinagar_JKSPCB_15Min.csv,https://airquality.cpcb.gov.in/dataRepository/download_file?file_name=Raw_data/15Min/2022/site_5424_Rajbagh_Srinagar_JKSPCB_15Min.csv,https://airquality.cpcb.gov.in/dataRepository/download_file?file_name=Raw_data/15Min/2021/site_5424_Rajbagh_Srinagar_JKSPCB_15Min.csv,https://airquality.cpcb.gov.in/dataRepository/download_file?file_name=Raw_data/15Min/2020/site_5424_Rajbagh_Srinagar_JKSPCB_15Min.csv,https://airquality.cpcb.gov.in/dataRepository/download_file?file_name=Raw_data/15Min/2019/site_5424_Rajbagh_Srinagar_JKSPCB_15Min.csv,https://airquality.cpcb.gov.in/dataRepository/download_file?file_name=Raw_data/15Min/2018/site_5424_Rajbagh_Srinagar_JKSPCB_15Min.csv,https://airquality.cpcb.gov.in/dataRepository/download_file?file_name=Raw_data/15Min/2017/site_5424_Rajbagh_Srinagar_JKSPCB_15Min.csv
site_5432,"Ramteerth Nagar, Belgaum - KSPCB",Belgaum,Karnataka,https://airquality.cpcb.gov.in/dataRepository/download_file?file_name=Raw_data/15Min/2026/site_5432_Ramteerth_Nagar_Belgaum_KSPCB_15Min.csv,https://airquality.cpcb.gov.in/dataRepository/download_file?file_name=Raw_data/15Min/2025/site_5432_Ramteerth_Nagar_Belgaum_KSPCB_15Min.csv,https://airquality.cpcb.gov.in/dataRepository/download_file?file_name=Raw_data/15Min/2024/site_5432_Ramteerth_Nagar_Belgaum_KSPCB_15Min.csv,https://airquality.cpcb.gov.in/dataRepository/download_file?file_name=Raw_data/15Min/2023/site_5432_Ramteerth_Nagar_Belgaum_KSPCB_15Min.csv,https://airquality.cpcb.gov.in/dataRepository/download_file?file_name=Raw_data/15Min/2022/site_5432_Ramteerth_Nagar_Belgaum_KSPCB_15Min.csv,https://airquality.cpcb.gov.in/dataRepository/download_file?file_name=Raw_data/15Min/2021/site_5432_Ramteerth_Nagar_Belgaum_KSPCB_15Min.csv,https://airquality.cpcb.gov.in/dataRepository/download_file?file_name=Raw_data/15Min/2020/site_5432_Ramteerth_Nagar_Belgaum_KSPCB_15Min.csv,https://airquality.cpcb.gov.in/dataRepository/download_file?file_name=Raw_data/15Min/2019/site_5432_Ramteerth_Nagar_Belgaum_KSPCB_15Min.csv,https://airquality.cpcb.gov.in/dataRepository/download_file?file_name=Raw_data/15Min/2018/site_5432_Ramteerth_Nagar_Belgaum_KSPCB_15Min.csv,https://airquality.cpcb.gov.in/dataRepository/download_file?file_name=Raw_data/15Min/2017/site_5432_Ramteerth_Nagar_Belgaum_KSPCB_15Min.csv
site_5433,"Brahmagiri, Udupi - KSPCB",Udupi,Karnataka,https://airquality.cpcb.gov.in/dataRepository/download_file?file_name=Raw_data/15Min/2026/site_5433_Brahmagiri_Udupi_KSPCB_15Min.csv,https://airquality.cpcb.gov.in/dataRepository/download_file?file_name=Raw_data/15Min/2025/site_5433_Brahmagiri_Udupi_KSPCB_15Min.csv,https://airquality.cpcb.gov.in/dataRepository/download_file?file_name=Raw_data/15Min/2024/site_5433_Brahmagiri_Udupi_KSPCB_15Min.csv,https://airquality.cpcb.gov.in/dataRepository/download_file?file_name=Raw_data/15Min/2023/site_5433_Brahmagiri_Udupi_KSPCB_15Min.csv,https://airquality.cpcb.gov.in/dataRepository/download_file?file_name=Raw_data/15Min/2022/site_5433_Brahmagiri_Udupi_KSPCB_15Min.csv,https://airquality.cpcb.gov.in/dataRepository/download_file?file_name=Raw_data/15Min/2021/site_5433_Brahmagiri_Udupi_KSPCB_15Min.csv,https://airquality.cpcb.gov.in/dataRepository/download_file?file_name=Raw_data/15Min/2020/site_5433_Brahmagiri_Udupi_KSPCB_15Min.csv,https://airquality.cpcb.gov.in/dataRepository/download_file?file_name=Raw_data/15Min/2019/site_5433_Brahmagiri_Udupi_KSPCB_15Min.csv,https://airquality.cpcb.gov.in/dataRepository/download_file?file_name=Raw_data/15Min/2018/site_5433_Brahmagiri_Udupi_KSPCB_15Min.csv,https://airquality.cpcb.gov.in/dataRepository/download_file?file_name=Raw_data/15Min/2017/site_5433_Brahmagiri_Udupi_KSPCB_15Min.csv
site_5446,"Naharlagun, Naharlagun - APSPCB",Naharlagun,Arunachal Pradesh,https://airquality.cpcb.gov.in/dataRepository/download_file?file_name=Raw_data/15Min/2026/site_5446_Naharlagun_Naharlagun_APSPCB_15Min.csv,https://airquality.cpcb.gov.in/dataRepository/download_file?file_name=Raw_data/15Min/2025/site_5446_Naharlagun_Naharlagun_APSPCB_15Min.csv,https://airquality.cpcb.gov.in/dataRepository/download_file?file_name=Raw_data/15Min/2024/site_5446_Naharlagun_Naharlagun_APSPCB_15Min.csv,https://airquality.cpcb.gov.in/dataRepository/download_file?file_name=Raw_data/15Min/2023/site_5446_Naharlagun_Naharlagun_APSPCB_15Min.csv,https://airquality.cpcb.gov.in/dataRepository/download_file?file_name=Raw_data/15Min/2022/site_5446_Naharlagun_Naharlagun_APSPCB_15Min.csv,https://airquality.cpcb.gov.in/dataRepository/download_file?file_name=Raw_data/15Min/2021/site_5446_Naharlagun_Naharlagun_APSPCB_15Min.csv,https://airquality.cpcb.gov.in/dataRepository/download_file?file_name=Raw_data/15Min/2020/site_5446_Naharlagun_Naharlagun_APSPCB_15Min.csv,https://airquality.cpcb.gov.in/dataRepository/download_file?file_name=Raw_data/15Min/2019/site_5446_Naharlagun_Naharlagun_APSPCB_15Min.csv,https://airquality.cpcb.gov.in/dataRepository/download_file?file_name=Raw_data/15Min/2018/site_5446_Naharlagun_Naharlagun_APSPCB_15Min.csv,https://airquality.cpcb.gov.in/dataRepository/download_file?file_name=Raw_data/15Min/2017/site_5446_Naharlagun_Naharlagun_APSPCB_15Min.csv
site_5448,"B.Katihalli, Hassan - KSPCB",Hassan,Karnataka,https://airquality.cpcb.gov.in/dataRepository/download_file?file_name=Raw_data/15Min/2026/site_5448_B.Katihalli_Hassan_KSPCB_15Min.csv,https://airquality.cpcb.gov.in/dataRepository/download_file?file_name=Raw_data/15Min/2025/site_5448_B.Katihalli_Hassan_KSPCB_15Min.csv,https://airquality.cpcb.gov.in/dataRepository/download_file?file_name=Raw_data/15Min/2024/site_5448_B.Katihalli_Hassan_KSPCB_15Min.csv,https://airquality.cpcb.gov.in/dataRepository/download_file?file_name=Raw_data/15Min/2023/site_5448_B.Katihalli_Hassan_KSPCB_15Min.csv,https://airquality.cpcb.gov.in/dataRepository/download_file?file_name=Raw_data/15Min/2022/site_5448_B.Katihalli_Hassan_KSPCB_15Min.csv,https://airquality.cpcb.gov.in/dataRepository/download_file?file_name=Raw_data/15Min/2021/site_5448_B.Katihalli_Hassan_KSPCB_15Min.csv,https://airquality.cpcb.gov.in/dataRepository/download_file?file_name=Raw_data/15Min/2020/site_5448_B.Katihalli_Hassan_KSPCB_15Min.csv,https://airquality.cpcb.gov.in/dataRepository/download_file?file_name=Raw_data/15Min/2019/site_5448_B.Katihalli_Hassan_KSPCB_15Min.csv,https://airquality.cpcb.gov.in/dataRepository/download_file?file_name=Raw_data/15Min/2018/site_5448_B.Katihalli_Hassan_KSPCB_15Min.csv,https://airquality.cpcb.gov.in/dataRepository/download_file?file_name=Raw_data/15Min/2017/site_5448_B.Katihalli_Hassan_KSPCB_15Min.csv
site_5449,"Sardar Vallabhbhai Patel Stadium, Ahmedabad - IITM",Ahmedabad,Gujarat,https://airquality.cpcb.gov.in/dataRepository/download_file?file_name=Raw_data/15Min/2026/site_5449_Sardar_Vallabhbhai_Patel_Stadium_Ahmedabad_IITM_15Min.csv,https://airquality.cpcb.gov.in/dataRepository/download_file?file_name=Raw_data/15Min/2025/site_5449_Sardar_Vallabhbhai_Patel_Stadium_Ahmedabad_IITM_15Min.csv,https://airquality.cpcb.gov.in/dataRepository/download_file?file_name=Raw_data/15Min/2024/site_5449_Sardar_Vallabhbhai_Patel_Stadium_Ahmedabad_IITM_15Min.csv,https://airquality.cpcb.gov.in/dataRepository/download_file?file_name=Raw_data/15Min/2023/site_5449_Sardar_Vallabhbhai_Patel_Stadium_Ahmedabad_IITM_15Min.csv,https://airquality.cpcb.gov.in/dataRepository/download_file?file_name=Raw_data/15Min/2022/site_5449_Sardar_Vallabhbhai_Patel_Stadium_Ahmedabad_IITM_15Min.csv,https://airquality.cpcb.gov.in/dataRepository/download_file?file_name=Raw_data/15Min/2021/site_5449_Sardar_Vallabhbhai_Patel_Stadium_Ahmedabad_IITM_15Min.csv,https://airquality.cpcb.gov.in/dataRepository/download_file?file_name=Raw_data/15Min/2020/site_5449_Sardar_Vallabhbhai_Patel_Stadium_Ahmedabad_IITM_15Min.csv,https://airquality.cpcb.gov.in/dataRepository/download_file?file_name=Raw_data/15Min/2019/site_5449_Sardar_Vallabhbhai_Patel_Stadium_Ahmedabad_IITM_15Min.csv,https://airquality.cpcb.gov.in/dataRepository/download_file?file_name=Raw_data/15Min/2018/site_5449_Sardar_Vallabhbhai_Patel_Stadium_Ahmedabad_IITM_15Min.csv,https://airquality.cpcb.gov.in/dataRepository/download_file?file_name=Raw_data/15Min/2017/site_5449_Sardar_Vallabhbhai_Patel_Stadium_Ahmedabad_IITM_15Min.csv
site_5450,"Gyaspur, Ahmedabad - IITM",Ahmedabad,Gujarat,https://airquality.cpcb.gov.in/dataRepository/download_file?file_name=Raw_data/15Min/2026/site_5450_Gyaspur_Ahmedabad_IITM_15Min.csv,https://airquality.cpcb.gov.in/dataRepository/download_file?file_name=Raw_data/15Min/2025/site_5450_Gyaspur_Ahmedabad_IITM_15Min.csv,https://airquality.cpcb.gov.in/dataRepository/download_file?file_name=Raw_data/15Min/2024/site_5450_Gyaspur_Ahmedabad_IITM_15Min.csv,https://airquality.cpcb.gov.in/dataRepository/download_file?file_name=Raw_data/15Min/2023/site_5450_Gyaspur_Ahmedabad_IITM_15Min.csv,https://airquality.cpcb.gov.in/dataRepository/download_file?file_name=Raw_data/15Min/2022/site_5450_Gyaspur_Ahmedabad_IITM_15Min.csv,https://airquality.cpcb.gov.in/dataRepository/download_file?file_name=Raw_data/15Min/2021/site_5450_Gyaspur_Ahmedabad_IITM_15Min.csv,https://airquality.cpcb.gov.in/dataRepository/download_file?file_name=Raw_data/15Min/2020/site_5450_Gyaspur_Ahmedabad_IITM_15Min.csv,https://airquality.cpcb.gov.in/dataRepository/download_file?file_name=Raw_data/15Min/2019/site_5450_Gyaspur_Ahmedabad_IITM_15Min.csv,https://airquality.cpcb.gov.in/dataRepository/download_file?file_name=Raw_data/15Min/2018/site_5450_Gyaspur_Ahmedabad_IITM_15Min.csv,https://airquality.cpcb.gov.in/dataRepository/download_file?file_name=Raw_data/15Min/2017/site_5450_Gyaspur_Ahmedabad_IITM_15Min.csv
site_5451,"Rakhial, Ahmedabad - IITM",Ahmedabad,Gujarat,https://airquality.cpcb.gov.in/dataRepository/download_file?file_name=Raw_data/15Min/2026/site_5451_Rakhial_Ahmedabad_IITM_15Min.csv,https://airquality.cpcb.gov.in/dataRepository/download_file?file_name=Raw_data/15Min/2025/site_5451_Rakhial_Ahmedabad_IITM_15Min.csv,https://airquality.cpcb.gov.in/dataRepository/download_file?file_name=Raw_data/15Min/2024/site_5451_Rakhial_Ahmedabad_IITM_15Min.csv,https://airquality.cpcb.gov.in/dataRepository/download_file?file_name=Raw_data/15Min/2023/site_5451_Rakhial_Ahmedabad_IITM_15Min.csv,https://airquality.cpcb.gov.in/dataRepository/download_file?file_name=Raw_data/15Min/2022/site_5451_Rakhial_Ahmedabad_IITM_15Min.csv,https://airquality.cpcb.gov.in/dataRepository/download_file?file_name=Raw_data/15Min/2021/site_5451_Rakhial_Ahmedabad_IITM_15Min.csv,https://airquality.cpcb.gov.in/dataRepository/download_file?file_name=Raw_data/15Min/2020/site_5451_Rakhial_Ahmedabad_IITM_15Min.csv,https://airquality.cpcb.gov.in/dataRepository/download_file?file_name=Raw_data/15Min/2019/site_5451_Rakhial_Ahmedabad_IITM_15Min.csv,https://airquality.cpcb.gov.in/dataRepository/download_file?file_name=Raw_data/15Min/2018/site_5451_Rakhial_Ahmedabad_IITM_15Min.csv,https://airquality.cpcb.gov.in/dataRepository/download_file?file_name=Raw_data/15Min/2017/site_5451_Rakhial_Ahmedabad_IITM_15Min.csv
site_5452,"Raikhad, Ahmedabad - IITM",Ahmedabad,Gujarat,https://airquality.cpcb.gov.in/dataRepository/download_file?file_name=Raw_data/15Min/2026/site_5452_Raikhad_Ahmedabad_IITM_15Min.csv,https://airquality.cpcb.gov.in/dataRepository/download_file?file_name=Raw_data/15Min/2025/site_5452_Raikhad_Ahmedabad_IITM_15Min.csv,https://airquality.cpcb.gov.in/dataRepository/download_file?file_name=Raw_data/15Min/2024/site_5452_Raikhad_Ahmedabad_IITM_15Min.csv,https://airquality.cpcb.gov.in/dataRepository/download_file?file_name=Raw_data/15Min/2023/site_5452_Raikhad_Ahmedabad_IITM_15Min.csv,https://airquality.cpcb.gov.in/dataRepository/download_file?file_name=Raw_data/15Min/2022/site_5452_Raikhad_Ahmedabad_IITM_15Min.csv,https://airquality.cpcb.gov.in/dataRepository/download_file?file_name=Raw_data/15Min/2021/site_5452_Raikhad_Ahmedabad_IITM_15Min.csv,https://airquality.cpcb.gov.in/dataRepository/download_file?file_name=Raw_data/15Min/2020/site_5452_Raikhad_Ahmedabad_IITM_15Min.csv,https://airquality.cpcb.gov.in/dataRepository/download_file?file_name=Raw_data/15Min/2019/site_5452_Raikhad_Ahmedabad_IITM_15Min.csv,https://airquality.cpcb.gov.in/dataRepository/download_file?file_name=Raw_data/15Min/2018/site_5452_Raikhad_Ahmedabad_IITM_15Min.csv,https://airquality.cpcb.gov.in/dataRepository/download_file?file_name=Raw_data/15Min/2017/site_5452_Raikhad_Ahmedabad_IITM_15Min.csv
site_5453,"Chandkheda, Ahmedabad - IITM",Ahmedabad,Gujarat,https://airquality.cpcb.gov.in/dataRepository/download_file?file_name=Raw_data/15Min/2026/site_5453_Chandkheda_Ahmedabad_IITM_15Min.csv,https://airquality.cpcb.gov.in/dataRepository/download_file?file_name=Raw_data/15Min/2025/site_5453_Chandkheda_Ahmedabad_IITM_15Min.csv,https://airquality.cpcb.gov.in/dataRepository/download_file?file_name=Raw_data/15Min/2024/site_5453_Chandkheda_Ahmedabad_IITM_15Min.csv,https://airquality.cpcb.gov.in/dataRepository/download_file?file_name=Raw_data/15Min/2023/site_5453_Chandkheda_Ahmedabad_IITM_15Min.csv,https://airquality.cpcb.gov.in/dataRepository/download_file?file_name=Raw_data/15Min/2022/site_5453_Chandkheda_Ahmedabad_IITM_15Min.csv,https://airquality.cpcb.gov.in/dataRepository/download_file?file_name=Raw_data/15Min/2021/site_5453_Chandkheda_Ahmedabad_IITM_15Min.csv,https://airquality.cpcb.gov.in/dataRepository/download_file?file_name=Raw_data/15Min/2020/site_5453_Chandkheda_Ahmedabad_IITM_15Min.csv,https://airquality.cpcb.gov.in/dataRepository/download_file?file_name=Raw_data/15Min/2019/site_5453_Chandkheda_Ahmedabad_IITM_15Min.csv,https://airquality.cpcb.gov.in/dataRepository/download_file?file_name=Raw_data/15Min/2018/site_5453_Chandkheda_Ahmedabad_IITM_15Min.csv,https://airquality.cpcb.gov.in/dataRepository/download_file?file_name=Raw_data/15Min/2017/site_5453_Chandkheda_Ahmedabad_IITM_15Min.csv
site_5454,"SAC ISRO Bopal, Ahmedabad - IITM",Ahmedabad,Gujarat,https://airquality.cpcb.gov.in/dataRepository/download_file?file_name=Raw_data/15Min/2026/site_5454_SAC_ISRO_Bopal_Ahmedabad_IITM_15Min.csv,https://airquality.cpcb.gov.in/dataRepository/download_file?file_name=Raw_data/15Min/2025/site_5454_SAC_ISRO_Bopal_Ahmedabad_IITM_15Min.csv,https://airquality.cpcb.gov.in/dataRepository/download_file?file_name=Raw_data/15Min/2024/site_5454_SAC_ISRO_Bopal_Ahmedabad_IITM_15Min.csv,https://airquality.cpcb.gov.in/dataRepository/download_file?file_name=Raw_data/15Min/2023/site_5454_SAC_ISRO_Bopal_Ahmedabad_IITM_15Min.csv,https://airquality.cpcb.gov.in/dataRepository/download_file?file_name=Raw_data/15Min/2022/site_5454_SAC_ISRO_Bopal_Ahmedabad_IITM_15Min.csv,https://airquality.cpcb.gov.in/dataRepository/download_file?file_name=Raw_data/15Min/2021/site_5454_SAC_ISRO_Bopal_Ahmedabad_IITM_15Min.csv,https://airquality.cpcb.gov.in/dataRepository/download_file?file_name=Raw_data/15Min/2020/site_5454_SAC_ISRO_Bopal_Ahmedabad_IITM_15Min.csv,https://airquality.cpcb.gov.in/dataRepository/download_file?file_name=Raw_data/15Min/2019/site_5454_SAC_ISRO_Bopal_Ahmedabad_IITM_15Min.csv,https://airquality.cpcb.gov.in/dataRepository/download_file?file_name=Raw_data/15Min/2018/site_5454_SAC_ISRO_Bopal_Ahmedabad_IITM_15Min.csv,https://airquality.cpcb.gov.in/dataRepository/download_file?file_name=Raw_data/15Min/2017/site_5454_SAC_ISRO_Bopal_Ahmedabad_IITM_15Min.csv
site_5455,"SAC ISRO Satellite, Ahmedabad - IITM",Ahmedabad,Gujarat,https://airquality.cpcb.gov.in/dataRepository/download_file?file_name=Raw_data/15Min/2026/site_5455_SAC_ISRO_Satellite_Ahmedabad_IITM_15Min.csv,https://airquality.cpcb.gov.in/dataRepository/download_file?file_name=Raw_data/15Min/2025/site_5455_SAC_ISRO_Satellite_Ahmedabad_IITM_15Min.csv,https://airquality.cpcb.gov.in/dataRepository/download_file?file_name=Raw_data/15Min/2024/site_5455_SAC_ISRO_Satellite_Ahmedabad_IITM_15Min.csv,https://airquality.cpcb.gov.in/dataRepository/download_file?file_name=Raw_data/15Min/2023/site_5455_SAC_ISRO_Satellite_Ahmedabad_IITM_15Min.csv,https://airquality.cpcb.gov.in/dataRepository/download_file?file_name=Raw_data/15Min/2022/site_5455_SAC_ISRO_Satellite_Ahmedabad_IITM_15Min.csv,https://airquality.cpcb.gov.in/dataRepository/download_file?file_name=Raw_data/15Min/2021/site_5455_SAC_ISRO_Satellite_Ahmedabad_IITM_15Min.csv,https://airquality.cpcb.gov.in/dataRepository/download_file?file_name=Raw_data/15Min/2020/site_5455_SAC_ISRO_Satellite_Ahmedabad_IITM_15Min.csv,https://airquality.cpcb.gov.in/dataRepository/download_file?file_name=Raw_data/15Min/2019/site_5455_SAC_ISRO_Satellite_Ahmedabad_IITM_15Min.csv,https://airquality.cpcb.gov.in/dataRepository/download_file?file_name=Raw_data/15Min/2018/site_5455_SAC_ISRO_Satellite_Ahmedabad_IITM_15Min.csv,https://airquality.cpcb.gov.in/dataRepository/download_file?file_name=Raw_data/15Min/2017/site_5455_SAC_ISRO_Satellite_Ahmedabad_IITM_15Min.csv
site_5456,"SVPI Airport Hansol, Ahmedabad - IITM",Ahmedabad,Gujarat,https://airquality.cpcb.gov.in/dataRepository/download_file?file_name=Raw_data/15Min/2026/site_5456_SVPI_Airport_Hansol_Ahmedabad_IITM_15Min.csv,https://airquality.cpcb.gov.in/dataRepository/download_file?file_name=Raw_data/15Min/2025/site_5456_SVPI_Airport_Hansol_Ahmedabad_IITM_15Min.csv,https://airquality.cpcb.gov.in/dataRepository/download_file?file_name=Raw_data/15Min/2024/site_5456_SVPI_Airport_Hansol_Ahmedabad_IITM_15Min.csv,https://airquality.cpcb.gov.in/dataRepository/download_file?file_name=Raw_data/15Min/2023/site_5456_SVPI_Airport_Hansol_Ahmedabad_IITM_15Min.csv,https://airquality.cpcb.gov.in/dataRepository/download_file?file_name=Raw_data/15Min/2022/site_5456_SVPI_Airport_Hansol_Ahmedabad_IITM_15Min.csv,https://airquality.cpcb.gov.in/dataRepository/download_file?file_name=Raw_data/15Min/2021/site_5456_SVPI_Airport_Hansol_Ahmedabad_IITM_15Min.csv,https://airquality.cpcb.gov.in/dataRepository/download_file?file_name=Raw_data/15Min/2020/site_5456_SVPI_Airport_Hansol_Ahmedabad_IITM_15Min.csv,https://airquality.cpcb.gov.in/dataRepository/download_file?file_name=Raw_data/15Min/2019/site_5456_SVPI_Airport_Hansol_Ahmedabad_IITM_15Min.csv,https://airquality.cpcb.gov.in/dataRepository/download_file?file_name=Raw_data/15Min/2018/site_5456_SVPI_Airport_Hansol_Ahmedabad_IITM_15Min.csv,https://airquality.cpcb.gov.in/dataRepository/download_file?file_name=Raw_data/15Min/2017/site_5456_SVPI_Airport_Hansol_Ahmedabad_IITM_15Min.csv
site_5457,"IIPHG Lekawada, Gandhinagar - IITM",Gandhinagar,Gujarat,https://airquality.cpcb.gov.in/dataRepository/download_file?file_name=Raw_data/15Min/2026/site_5457_IIPHG_Lekawada_Gandhinagar_IITM_15Min.csv,https://airquality.cpcb.gov.in/dataRepository/download_file?file_name=Raw_data/15Min/2025/site_5457_IIPHG_Lekawada_Gandhinagar_IITM_15Min.csv,https://airquality.cpcb.gov.in/dataRepository/download_file?file_name=Raw_data/15Min/2024/site_5457_IIPHG_Lekawada_Gandhinagar_IITM_15Min.csv,https://airquality.cpcb.gov.in/dataRepository/download_file?file_name=Raw_data/15Min/2023/site_5457_IIPHG_Lekawada_Gandhinagar_IITM_15Min.csv,https://airquality.cpcb.gov.in/dataRepository/download_file?file_name=Raw_data/15Min/2022/site_5457_IIPHG_Lekawada_Gandhinagar_IITM_15Min.csv,https://airquality.cpcb.gov.in/dataRepository/download_file?file_name=Raw_data/15Min/2021/site_5457_IIPHG_Lekawada_Gandhinagar_IITM_15Min.csv,https://airquality.cpcb.gov.in/dataRepository/download_file?file_name=Raw_data/15Min/2020/site_5457_IIPHG_Lekawada_Gandhinagar_IITM_15Min.csv,https://airquality.cpcb.gov.in/dataRepository/download_file?file_name=Raw_data/15Min/2019/site_5457_IIPHG_Lekawada_Gandhinagar_IITM_15Min.csv,https://airquality.cpcb.gov.in/dataRepository/download_file?file_name=Raw_data/15Min/2018/site_5457_IIPHG_Lekawada_Gandhinagar_IITM_15Min.csv,https://airquality.cpcb.gov.in/dataRepository/download_file?file_name=Raw_data/15Min/2017/site_5457_IIPHG_Lekawada_Gandhinagar_IITM_15Min.csv
site_5458,"GIFT City, Gandhinagar - IITM",Gandhinagar,Gujarat,https://airquality.cpcb.gov.in/dataRepository/download_file?file_name=Raw_data/15Min/2026/site_5458_GIFT_City_Gandhinagar_IITM_15Min.csv,https://airquality.cpcb.gov.in/dataRepository/download_file?file_name=Raw_data/15Min/2025/site_5458_GIFT_City_Gandhinagar_IITM_15Min.csv,https://airquality.cpcb.gov.in/dataRepository/download_file?file_name=Raw_data/15Min/2024/site_5458_GIFT_City_Gandhinagar_IITM_15Min.csv,https://airquality.cpcb.gov.in/dataRepository/download_file?file_name=Raw_data/15Min/2023/site_5458_GIFT_City_Gandhinagar_IITM_15Min.csv,https://airquality.cpcb.gov.in/dataRepository/download_file?file_name=Raw_data/15Min/2022/site_5458_GIFT_City_Gandhinagar_IITM_15Min.csv,https://airquality.cpcb.gov.in/dataRepository/download_file?file_name=Raw_data/15Min/2021/site_5458_GIFT_City_Gandhinagar_IITM_15Min.csv,https://airquality.cpcb.gov.in/dataRepository/download_file?file_name=Raw_data/15Min/2020/site_5458_GIFT_City_Gandhinagar_IITM_15Min.csv,https://airquality.cpcb.gov.in/dataRepository/download_file?file_name=Raw_data/15Min/2019/site_5458_GIFT_City_Gandhinagar_IITM_15Min.csv,https://airquality.cpcb.gov.in/dataRepository/download_file?file_name=Raw_data/15Min/2018/site_5458_GIFT_City_Gandhinagar_IITM_15Min.csv,https://airquality.cpcb.gov.in/dataRepository/download_file?file_name=Raw_data/15Min/2017/site_5458_GIFT_City_Gandhinagar_IITM_15Min.csv
site_5459,"Motilal Nehru NIT, Prayagraj - UPPCB",Prayagraj,Uttar Pradesh,https://airquality.cpcb.gov.in/dataRepository/download_file?file_name=Raw_data/15Min/2026/site_5459_Motilal_Nehru_NIT_Prayagraj_UPPCB_15Min.csv,https://airquality.cpcb.gov.in/dataRepository/download_file?file_name=Raw_data/15Min/2025/site_5459_Motilal_Nehru_NIT_Prayagraj_UPPCB_15Min.csv,https://airquality.cpcb.gov.in/dataRepository/download_file?file_name=Raw_data/15Min/2024/site_5459_Motilal_Nehru_NIT_Prayagraj_UPPCB_15Min.csv,https://airquality.cpcb.gov.in/dataRepository/download_file?file_name=Raw_data/15Min/2023/site_5459_Motilal_Nehru_NIT_Prayagraj_UPPCB_15Min.csv,https://airquality.cpcb.gov.in/dataRepository/download_file?file_name=Raw_data/15Min/2022/site_5459_Motilal_Nehru_NIT_Prayagraj_UPPCB_15Min.csv,https://airquality.cpcb.gov.in/dataRepository/download_file?file_name=Raw_data/15Min/2021/site_5459_Motilal_Nehru_NIT_Prayagraj_UPPCB_15Min.csv,https://airquality.cpcb.gov.in/dataRepository/download_file?file_name=Raw_data/15Min/2020/site_5459_Motilal_Nehru_NIT_Prayagraj_UPPCB_15Min.csv,https://airquality.cpcb.gov.in/dataRepository/download_file?file_name=Raw_data/15Min/2019/site_5459_Motilal_Nehru_NIT_Prayagraj_UPPCB_15Min.csv,https://airquality.cpcb.gov.in/dataRepository/download_file?file_name=Raw_data/15Min/2018/site_5459_Motilal_Nehru_NIT_Prayagraj_UPPCB_15Min.csv,https://airquality.cpcb.gov.in/dataRepository/download_file?file_name=Raw_data/15Min/2017/site_5459_Motilal_Nehru_NIT_Prayagraj_UPPCB_15Min.csv
site_5460,"B R Ambedkar University, Lucknow - UPPCB",Lucknow,Uttar Pradesh,https://airquality.cpcb.gov.in/dataRepository/download_file?file_name=Raw_data/15Min/2026/site_5460_B_R_Ambedkar_University_Lucknow_UPPCB_15Min.csv,https://airquality.cpcb.gov.in/dataRepository/download_file?file_name=Raw_data/15Min/2025/site_5460_B_R_Ambedkar_University_Lucknow_UPPCB_15Min.csv,https://airquality.cpcb.gov.in/dataRepository/download_file?file_name=Raw_data/15Min/2024/site_5460_B_R_Ambedkar_University_Lucknow_UPPCB_15Min.csv,https://airquality.cpcb.gov.in/dataRepository/download_file?file_name=Raw_data/15Min/2023/site_5460_B_R_Ambedkar_University_Lucknow_UPPCB_15Min.csv,https://airquality.cpcb.gov.in/dataRepository/download_file?file_name=Raw_data/15Min/2022/site_5460_B_R_Ambedkar_University_Lucknow_UPPCB_15Min.csv,https://airquality.cpcb.gov.in/dataRepository/download_file?file_name=Raw_data/15Min/2021/site_5460_B_R_Ambedkar_University_Lucknow_UPPCB_15Min.csv,https://airquality.cpcb.gov.in/dataRepository/download_file?file_name=Raw_data/15Min/2020/site_5460_B_R_Ambedkar_University_Lucknow_UPPCB_15Min.csv,https://airquality.cpcb.gov.in/dataRepository/download_file?file_name=Raw_data/15Min/2019/site_5460_B_R_Ambedkar_University_Lucknow_UPPCB_15Min.csv,https://airquality.cpcb.gov.in/dataRepository/download_file?file_name=Raw_data/15Min/2018/site_5460_B_R_Ambedkar_University_Lucknow_UPPCB_15Min.csv,https://airquality.cpcb.gov.in/dataRepository/download_file?file_name=Raw_data/15Min/2017/site_5460_B_R_Ambedkar_University_Lucknow_UPPCB_15Min.csv
site_5461,"Jhunsi, Prayagraj - UPPCB",Prayagraj,Uttar Pradesh,https://airquality.cpcb.gov.in/dataRepository/download_file?file_name=Raw_data/15Min/2026/site_5461_Jhunsi_Prayagraj_UPPCB_15Min.csv,https://airquality.cpcb.gov.in/dataRepository/download_file?file_name=Raw_data/15Min/2025/site_5461_Jhunsi_Prayagraj_UPPCB_15Min.csv,https://airquality.cpcb.gov.in/dataRepository/download_file?file_name=Raw_data/15Min/2024/site_5461_Jhunsi_Prayagraj_UPPCB_15Min.csv,https://airquality.cpcb.gov.in/dataRepository/download_file?file_name=Raw_data/15Min/2023/site_5461_Jhunsi_Prayagraj_UPPCB_15Min.csv,https://airquality.cpcb.gov.in/dataRepository/download_file?file_name=Raw_data/15Min/2022/site_5461_Jhunsi_Prayagraj_UPPCB_15Min.csv,https://airquality.cpcb.gov.in/dataRepository/download_file?file_name=Raw_data/15Min/2021/site_5461_Jhunsi_Prayagraj_UPPCB_15Min.csv,https://airquality.cpcb.gov.in/dataRepository/download_file?file_name=Raw_data/15Min/2020/site_5461_Jhunsi_Prayagraj_UPPCB_15Min.csv,https://airquality.cpcb.gov.in/dataRepository/download_file?file_name=Raw_data/15Min/2019/site_5461_Jhunsi_Prayagraj_UPPCB_15Min.csv,https://airquality.cpcb.gov.in/dataRepository/download_file?file_name=Raw_data/15Min/2018/site_5461_Jhunsi_Prayagraj_UPPCB_15Min.csv,https://airquality.cpcb.gov.in/dataRepository/download_file?file_name=Raw_data/15Min/2017/site_5461_Jhunsi_Prayagraj_UPPCB_15Min.csv
site_5462,"Kukrail Picnic Spot-1, Lucknow - UPPCB",Lucknow,Uttar Pradesh,,https://airquality.cpcb.gov.in/dataRepository/download_file?file_name=Raw_data/15Min/2025/site_5462_Kukrail_Picnic_Spot-1_Lucknow_UPPCB_15Min.csv,https://airquality.cpcb.gov.in/dataRepository/download_file?file_name=Raw_data/15Min/2024/site_5462_Kukrail_Picnic_Spot-1_Lucknow_UPPCB_15Min.csv,https://airquality.cpcb.gov.in/dataRepository/download_file?file_name=Raw_data/15Min/2023/site_5462_Kukrail_Picnic_Spot-1_Lucknow_UPPCB_15Min.csv,https://airquality.cpcb.gov.in/dataRepository/download_file?file_name=Raw_data/15Min/2022/site_5462_Kukrail_Picnic_Spot-1_Lucknow_UPPCB_15Min.csv,https://airquality.cpcb.gov.in/dataRepository/download_file?file_name=Raw_data/15Min/2021/site_5462_Kukrail_Picnic_Spot-1_Lucknow_UPPCB_15Min.csv,https://airquality.cpcb.gov.in/dataRepository/download_file?file_name=Raw_data/15Min/2020/site_5462_Kukrail_Picnic_Spot-1_Lucknow_UPPCB_15Min.csv,https://airquality.cpcb.gov.in/dataRepository/download_file?file_name=Raw_data/15Min/2019/site_5462_Kukrail_Picnic_Spot-1_Lucknow_UPPCB_15Min.csv,https://airquality.cpcb.gov.in/dataRepository/download_file?file_name=Raw_data/15Min/2018/site_5462_Kukrail_Picnic_Spot-1_Lucknow_UPPCB_15Min.csv,https://airquality.cpcb.gov.in/dataRepository/download_file?file_name=Raw_data/15Min/2017/site_5462_Kukrail_Picnic_Spot-1_Lucknow_UPPCB_15Min.csv
site_5463,"Shastripuram, Agra - UPPCB",Agra,Uttar Pradesh,https://airquality.cpcb.gov.in/dataRepository/download_file?file_name=Raw_data/15Min/2026/site_5463_Shastripuram_Agra_UPPCB_15Min.csv,https://airquality.cpcb.gov.in/dataRepository/download_file?file_name=Raw_data/15Min/2025/site_5463_Shastripuram_Agra_UPPCB_15Min.csv,https://airquality.cpcb.gov.in/dataRepository/download_file?file_name=Raw_data/15Min/2024/site_5463_Shastripuram_Agra_UPPCB_15Min.csv,https://airquality.cpcb.gov.in/dataRepository/download_file?file_name=Raw_data/15Min/2023/site_5463_Shastripuram_Agra_UPPCB_15Min.csv,https://airquality.cpcb.gov.in/dataRepository/download_file?file_name=Raw_data/15Min/2022/site_5463_Shastripuram_Agra_UPPCB_15Min.csv,https://airquality.cpcb.gov.in/dataRepository/download_file?file_name=Raw_data/15Min/2021/site_5463_Shastripuram_Agra_UPPCB_15Min.csv,https://airquality.cpcb.gov.in/dataRepository/download_file?file_name=Raw_data/15Min/2020/site_5463_Shastripuram_Agra_UPPCB_15Min.csv,https://airquality.cpcb.gov.in/dataRepository/download_file?file_name=Raw_data/15Min/2019/site_5463_Shastripuram_Agra_UPPCB_15Min.csv,https://airquality.cpcb.gov.in/dataRepository/download_file?file_name=Raw_data/15Min/2018/site_5463_Shastripuram_Agra_UPPCB_15Min.csv,https://airquality.cpcb.gov.in/dataRepository/download_file?file_name=Raw_data/15Min/2017/site_5463_Shastripuram_Agra_UPPCB_15Min.csv
site_5464,"Manoharpur, Agra - UPPCB",Agra,Uttar Pradesh,https://airquality.cpcb.gov.in/dataRepository/download_file?file_name=Raw_data/15Min/2026/site_5464_Manoharpur_Agra_UPPCB_15Min.csv,https://airquality.cpcb.gov.in/dataRepository/download_file?file_name=Raw_data/15Min/2025/site_5464_Manoharpur_Agra_UPPCB_15Min.csv,https://airquality.cpcb.gov.in/dataRepository/download_file?file_name=Raw_data/15Min/2024/site_5464_Manoharpur_Agra_UPPCB_15Min.csv,https://airquality.cpcb.gov.in/dataRepository/download_file?file_name=Raw_data/15Min/2023/site_5464_Manoharpur_Agra_UPPCB_15Min.csv,https://airquality.cpcb.gov.in/dataRepository/download_file?file_name=Raw_data/15Min/2022/site_5464_Manoharpur_Agra_UPPCB_15Min.csv,https://airquality.cpcb.gov.in/dataRepository/download_file?file_name=Raw_data/15Min/2021/site_5464_Manoharpur_Agra_UPPCB_15Min.csv,https://airquality.cpcb.gov.in/dataRepository/download_file?file_name=Raw_data/15Min/2020/site_5464_Manoharpur_Agra_UPPCB_15Min.csv,https://airquality.cpcb.gov.in/dataRepository/download_file?file_name=Raw_data/15Min/2019/site_5464_Manoharpur_Agra_UPPCB_15Min.csv,https://airquality.cpcb.gov.in/dataRepository/download_file?file_name=Raw_data/15Min/2018/site_5464_Manoharpur_Agra_UPPCB_15Min.csv,https://airquality.cpcb.gov.in/dataRepository/download_file?file_name=Raw_data/15Min/2017/site_5464_Manoharpur_Agra_UPPCB_15Min.csv
site_5465,"Sector-3B Avas Vikas Colony, Agra - UPPCB",Agra,Uttar Pradesh,,https://airquality.cpcb.gov.in/dataRepository/download_file?file_name=Raw_data/15Min/2025/site_5465_Sector-3B_Avas_Vikas_Colony_Agra_UPPCB_15Min.csv,https://airquality.cpcb.gov.in/dataRepository/download_file?file_name=Raw_data/15Min/2024/site_5465_Sector-3B_Avas_Vikas_Colony_Agra_UPPCB_15Min.csv,https://airquality.cpcb.gov.in/dataRepository/download_file?file_name=Raw_data/15Min/2023/site_5465_Sector-3B_Avas_Vikas_Colony_Agra_UPPCB_15Min.csv,https://airquality.cpcb.gov.in/dataRepository/download_file?file_name=Raw_data/15Min/2022/site_5465_Sector-3B_Avas_Vikas_Colony_Agra_UPPCB_15Min.csv,https://airquality.cpcb.gov.in/dataRepository/download_file?file_name=Raw_data/15Min/2021/site_5465_Sector-3B_Avas_Vikas_Colony_Agra_UPPCB_15Min.csv,https://airquality.cpcb.gov.in/dataRepository/download_file?file_name=Raw_data/15Min/2020/site_5465_Sector-3B_Avas_Vikas_Colony_Agra_UPPCB_15Min.csv,https://airquality.cpcb.gov.in/dataRepository/download_file?file_name=Raw_data/15Min/2019/site_5465_Sector-3B_Avas_Vikas_Colony_Agra_UPPCB_15Min.csv,https://airquality.cpcb.gov.in/dataRepository/download_file?file_name=Raw_data/15Min/2018/site_5465_Sector-3B_Avas_Vikas_Colony_Agra_UPPCB_15Min.csv,https://airquality.cpcb.gov.in/dataRepository/download_file?file_name=Raw_data/15Min/2017/site_5465_Sector-3B_Avas_Vikas_Colony_Agra_UPPCB_15Min.csv
site_5468,"IESD Banaras Hindu University, Varanasi - UPPCB",Varanasi,Uttar Pradesh,https://airquality.cpcb.gov.in/dataRepository/download_file?file_name=Raw_data/15Min/2026/site_5468_IESD_Banaras_Hindu_University_Varanasi_UPPCB_15Min.csv,https://airquality.cpcb.gov.in/dataRepository/download_file?file_name=Raw_data/15Min/2025/site_5468_IESD_Banaras_Hindu_University_Varanasi_UPPCB_15Min.csv,https://airquality.cpcb.gov.in/dataRepository/download_file?file_name=Raw_data/15Min/2024/site_5468_IESD_Banaras_Hindu_University_Varanasi_UPPCB_15Min.csv,https://airquality.cpcb.gov.in/dataRepository/download_file?file_name=Raw_data/15Min/2023/site_5468_IESD_Banaras_Hindu_University_Varanasi_UPPCB_15Min.csv,https://airquality.cpcb.gov.in/dataRepository/download_file?file_name=Raw_data/15Min/2022/site_5468_IESD_Banaras_Hindu_University_Varanasi_UPPCB_15Min.csv,https://airquality.cpcb.gov.in/dataRepository/download_file?file_name=Raw_data/15Min/2021/site_5468_IESD_Banaras_Hindu_University_Varanasi_UPPCB_15Min.csv,https://airquality.cpcb.gov.in/dataRepository/download_file?file_name=Raw_data/15Min/2020/site_5468_IESD_Banaras_Hindu_University_Varanasi_UPPCB_15Min.csv,https://airquality.cpcb.gov.in/dataRepository/download_file?file_name=Raw_data/15Min/2019/site_5468_IESD_Banaras_Hindu_University_Varanasi_UPPCB_15Min.csv,https://airquality.cpcb.gov.in/dataRepository/download_file?file_name=Raw_data/15Min/2018/site_5468_IESD_Banaras_Hindu_University_Varanasi_UPPCB_15Min.csv,https://airquality.cpcb.gov.in/dataRepository/download_file?file_name=Raw_data/15Min/2017/site_5468_IESD_Banaras_Hindu_University_Varanasi_UPPCB_15Min.csv
site_5469,"Bhelupur, Varanasi - UPPCB",Varanasi,Uttar Pradesh,https://airquality.cpcb.gov.in/dataRepository/download_file?file_name=Raw_data/15Min/2026/site_5469_Bhelupur_Varanasi_UPPCB_15Min.csv,https://airquality.cpcb.gov.in/dataRepository/download_file?file_name=Raw_data/15Min/2025/site_5469_Bhelupur_Varanasi_UPPCB_15Min.csv,https://airquality.cpcb.gov.in/dataRepository/download_file?file_name=Raw_data/15Min/2024/site_5469_Bhelupur_Varanasi_UPPCB_15Min.csv,https://airquality.cpcb.gov.in/dataRepository/download_file?file_name=Raw_data/15Min/2023/site_5469_Bhelupur_Varanasi_UPPCB_15Min.csv,https://airquality.cpcb.gov.in/dataRepository/download_file?file_name=Raw_data/15Min/2022/site_5469_Bhelupur_Varanasi_UPPCB_15Min.csv,https://airquality.cpcb.gov.in/dataRepository/download_file?file_name=Raw_data/15Min/2021/site_5469_Bhelupur_Varanasi_UPPCB_15Min.csv,https://airquality.cpcb.gov.in/dataRepository/download_file?file_name=Raw_data/15Min/2020/site_5469_Bhelupur_Varanasi_UPPCB_15Min.csv,https://airquality.cpcb.gov.in/dataRepository/download_file?file_name=Raw_data/15Min/2019/site_5469_Bhelupur_Varanasi_UPPCB_15Min.csv,https://airquality.cpcb.gov.in/dataRepository/download_file?file_name=Raw_data/15Min/2018/site_5469_Bhelupur_Varanasi_UPPCB_15Min.csv,https://airquality.cpcb.gov.in/dataRepository/download_file?file_name=Raw_data/15Min/2017/site_5469_Bhelupur_Varanasi_UPPCB_15Min.csv
site_5472,"Madan Mohan Malaviya University of Technology, Gorakhpur - UPPCB",Gorakhpur,Uttar Pradesh,https://airquality.cpcb.gov.in/dataRepository/download_file?file_name=Raw_data/15Min/2026/site_5472_Madan_Mohan_Malaviya_University_of_Technology_Gorakhpur_UPPCB_15Min.csv,https://airquality.cpcb.gov.in/dataRepository/download_file?file_name=Raw_data/15Min/2025/site_5472_Madan_Mohan_Malaviya_University_of_Technology_Gorakhpur_UPPCB_15Min.csv,https://airquality.cpcb.gov.in/dataRepository/download_file?file_name=Raw_data/15Min/2024/site_5472_Madan_Mohan_Malaviya_University_of_Technology_Gorakhpur_UPPCB_15Min.csv,https://airquality.cpcb.gov.in/dataRepository/download_file?file_name=Raw_data/15Min/2023/site_5472_Madan_Mohan_Malaviya_University_of_Technology_Gorakhpur_UPPCB_15Min.csv,https://airquality.cpcb.gov.in/dataRepository/download_file?file_name=Raw_data/15Min/2022/site_5472_Madan_Mohan_Malaviya_University_of_Technology_Gorakhpur_UPPCB_15Min.csv,https://airquality.cpcb.gov.in/dataRepository/download_file?file_name=Raw_data/15Min/2021/site_5472_Madan_Mohan_Malaviya_University_of_Technology_Gorakhpur_UPPCB_15Min.csv,https://airquality.cpcb.gov.in/dataRepository/download_file?file_name=Raw_data/15Min/2020/site_5472_Madan_Mohan_Malaviya_University_of_Technology_Gorakhpur_UPPCB_15Min.csv,https://airquality.cpcb.gov.in/dataRepository/download_file?file_name=Raw_data/15Min/2019/site_5472_Madan_Mohan_Malaviya_University_of_Technology_Gorakhpur_UPPCB_15Min.csv,https://airquality.cpcb.gov.in/dataRepository/download_file?file_name=Raw_data/15Min/2018/site_5472_Madan_Mohan_Malaviya_University_of_Technology_Gorakhpur_UPPCB_15Min.csv,https://airquality.cpcb.gov.in/dataRepository/download_file?file_name=Raw_data/15Min/2017/site_5472_Madan_Mohan_Malaviya_University_of_Technology_Gorakhpur_UPPCB_15Min.csv
site_5474,"NSI Kalyanpur, Kanpur - UPPCB",Kanpur,Uttar Pradesh,https://airquality.cpcb.gov.in/dataRepository/download_file?file_name=Raw_data/15Min/2026/site_5474_NSI_Kalyanpur_Kanpur_UPPCB_15Min.csv,https://airquality.cpcb.gov.in/dataRepository/download_file?file_name=Raw_data/15Min/2025/site_5474_NSI_Kalyanpur_Kanpur_UPPCB_15Min.csv,https://airquality.cpcb.gov.in/dataRepository/download_file?file_name=Raw_data/15Min/2024/site_5474_NSI_Kalyanpur_Kanpur_UPPCB_15Min.csv,https://airquality.cpcb.gov.in/dataRepository/download_file?file_name=Raw_data/15Min/2023/site_5474_NSI_Kalyanpur_Kanpur_UPPCB_15Min.csv,https://airquality.cpcb.gov.in/dataRepository/download_file?file_name=Raw_data/15Min/2022/site_5474_NSI_Kalyanpur_Kanpur_UPPCB_15Min.csv,https://airquality.cpcb.gov.in/dataRepository/download_file?file_name=Raw_data/15Min/2021/site_5474_NSI_Kalyanpur_Kanpur_UPPCB_15Min.csv,https://airquality.cpcb.gov.in/dataRepository/download_file?file_name=Raw_data/15Min/2020/site_5474_NSI_Kalyanpur_Kanpur_UPPCB_15Min.csv,https://airquality.cpcb.gov.in/dataRepository/download_file?file_name=Raw_data/15Min/2019/site_5474_NSI_Kalyanpur_Kanpur_UPPCB_15Min.csv,https://airquality.cpcb.gov.in/dataRepository/download_file?file_name=Raw_data/15Min/2018/site_5474_NSI_Kalyanpur_Kanpur_UPPCB_15Min.csv,https://airquality.cpcb.gov.in/dataRepository/download_file?file_name=Raw_data/15Min/2017/site_5474_NSI_Kalyanpur_Kanpur_UPPCB_15Min.csv
site_5475,"Maldahiya, Varanasi - UPPCB",Varanasi,Uttar Pradesh,https://airquality.cpcb.gov.in/dataRepository/download_file?file_name=Raw_data/15Min/2026/site_5475_Maldahiya_Varanasi_UPPCB_15Min.csv,https://airquality.cpcb.gov.in/dataRepository/download_file?file_name=Raw_data/15Min/2025/site_5475_Maldahiya_Varanasi_UPPCB_15Min.csv,https://airquality.cpcb.gov.in/dataRepository/download_file?file_name=Raw_data/15Min/2024/site_5475_Maldahiya_Varanasi_UPPCB_15Min.csv,https://airquality.cpcb.gov.in/dataRepository/download_file?file_name=Raw_data/15Min/2023/site_5475_Maldahiya_Varanasi_UPPCB_15Min.csv,https://airquality.cpcb.gov.in/dataRepository/download_file?file_name=Raw_data/15Min/2022/site_5475_Maldahiya_Varanasi_UPPCB_15Min.csv,https://airquality.cpcb.gov.in/dataRepository/download_file?file_name=Raw_data/15Min/2021/site_5475_Maldahiya_Varanasi_UPPCB_15Min.csv,https://airquality.cpcb.gov.in/dataRepository/download_file?file_name=Raw_data/15Min/2020/site_5475_Maldahiya_Varanasi_UPPCB_15Min.csv,https://airquality.cpcb.gov.in/dataRepository/download_file?file_name=Raw_data/15Min/2019/site_5475_Maldahiya_Varanasi_UPPCB_15Min.csv,https://airquality.cpcb.gov.in/dataRepository/download_file?file_name=Raw_data/15Min/2018/site_5475_Maldahiya_Varanasi_UPPCB_15Min.csv,https://airquality.cpcb.gov.in/dataRepository/download_file?file_name=Raw_data/15Min/2017/site_5475_Maldahiya_Varanasi_UPPCB_15Min.csv
site_5476,"Kamalnath Nagar, Bettiah - BSPCB",Bettiah,Bihar,https://airquality.cpcb.gov.in/dataRepository/download_file?file_name=Raw_data/15Min/2026/site_5476_Kamalnath_Nagar_Bettiah_BSPCB_15Min.csv,https://airquality.cpcb.gov.in/dataRepository/download_file?file_name=Raw_data/15Min/2025/site_5476_Kamalnath_Nagar_Bettiah_BSPCB_15Min.csv,https://airquality.cpcb.gov.in/dataRepository/download_file?file_name=Raw_data/15Min/2024/site_5476_Kamalnath_Nagar_Bettiah_BSPCB_15Min.csv,https://airquality.cpcb.gov.in/dataRepository/download_file?file_name=Raw_data/15Min/2023/site_5476_Kamalnath_Nagar_Bettiah_BSPCB_15Min.csv,https://airquality.cpcb.gov.in/dataRepository/download_file?file_name=Raw_data/15Min/2022/site_5476_Kamalnath_Nagar_Bettiah_BSPCB_15Min.csv,https://airquality.cpcb.gov.in/dataRepository/download_file?file_name=Raw_data/15Min/2021/site_5476_Kamalnath_Nagar_Bettiah_BSPCB_15Min.csv,https://airquality.cpcb.gov.in/dataRepository/download_file?file_name=Raw_data/15Min/2020/site_5476_Kamalnath_Nagar_Bettiah_BSPCB_15Min.csv,https://airquality.cpcb.gov.in/dataRepository/download_file?file_name=Raw_data/15Min/2019/site_5476_Kamalnath_Nagar_Bettiah_BSPCB_15Min.csv,https://airquality.cpcb.gov.in/dataRepository/download_file?file_name=Raw_data/15Min/2018/site_5476_Kamalnath_Nagar_Bettiah_BSPCB_15Min.csv,https://airquality.cpcb.gov.in/dataRepository/download_file?file_name=Raw_data/15Min/2017/site_5476_Kamalnath_Nagar_Bettiah_BSPCB_15Min.csv
site_5477,"Town Hall - Lal Bagh, Darbhanga - BSPCB",Darbhanga,Bihar,https://airquality.cpcb.gov.in/dataRepository/download_file?file_name=Raw_data/15Min/2026/site_5477_Town_Hall_Lal_Bagh_Darbhanga_BSPCB_15Min.csv,https://airquality.cpcb.gov.in/dataRepository/download_file?file_name=Raw_data/15Min/2025/site_5477_Town_Hall_Lal_Bagh_Darbhanga_BSPCB_15Min.csv,https://airquality.cpcb.gov.in/dataRepository/download_file?file_name=Raw_data/15Min/2024/site_5477_Town_Hall_Lal_Bagh_Darbhanga_BSPCB_15Min.csv,https://airquality.cpcb.gov.in/dataRepository/download_file?file_name=Raw_data/15Min/2023/site_5477_Town_Hall_Lal_Bagh_Darbhanga_BSPCB_15Min.csv,https://airquality.cpcb.gov.in/dataRepository/download_file?file_name=Raw_data/15Min/2022/site_5477_Town_Hall_Lal_Bagh_Darbhanga_BSPCB_15Min.csv,https://airquality.cpcb.gov.in/dataRepository/download_file?file_name=Raw_data/15Min/2021/site_5477_Town_Hall_Lal_Bagh_Darbhanga_BSPCB_15Min.csv,https://airquality.cpcb.gov.in/dataRepository/download_file?file_name=Raw_data/15Min/2020/site_5477_Town_Hall_Lal_Bagh_Darbhanga_BSPCB_15Min.csv,https://airquality.cpcb.gov.in/dataRepository/download_file?file_name=Raw_data/15Min/2019/site_5477_Town_Hall_Lal_Bagh_Darbhanga_BSPCB_15Min.csv,https://airquality.cpcb.gov.in/dataRepository/download_file?file_name=Raw_data/15Min/2018/site_5477_Town_Hall_Lal_Bagh_Darbhanga_BSPCB_15Min.csv,https://airquality.cpcb.gov.in/dataRepository/download_file?file_name=Raw_data/15Min/2017/site_5477_Town_Hall_Lal_Bagh_Darbhanga_BSPCB_15Min.csv
site_5478,"Gandak Colony, Motihari - BSPCB",Motihari,Bihar,https://airquality.cpcb.gov.in/dataRepository/download_file?file_name=Raw_data/15Min/2026/site_5478_Gandak_Colony_Motihari_BSPCB_15Min.csv,https://airquality.cpcb.gov.in/dataRepository/download_file?file_name=Raw_data/15Min/2025/site_5478_Gandak_Colony_Motihari_BSPCB_15Min.csv,https://airquality.cpcb.gov.in/dataRepository/download_file?file_name=Raw_data/15Min/2024/site_5478_Gandak_Colony_Motihari_BSPCB_15Min.csv,https://airquality.cpcb.gov.in/dataRepository/download_file?file_name=Raw_data/15Min/2023/site_5478_Gandak_Colony_Motihari_BSPCB_15Min.csv,https://airquality.cpcb.gov.in/dataRepository/download_file?file_name=Raw_data/15Min/2022/site_5478_Gandak_Colony_Motihari_BSPCB_15Min.csv,https://airquality.cpcb.gov.in/dataRepository/download_file?file_name=Raw_data/15Min/2021/site_5478_Gandak_Colony_Motihari_BSPCB_15Min.csv,https://airquality.cpcb.gov.in/dataRepository/download_file?file_name=Raw_data/15Min/2020/site_5478_Gandak_Colony_Motihari_BSPCB_15Min.csv,https://airquality.cpcb.gov.in/dataRepository/download_file?file_name=Raw_data/15Min/2019/site_5478_Gandak_Colony_Motihari_BSPCB_15Min.csv,https://airquality.cpcb.gov.in/dataRepository/download_file?file_name=Raw_data/15Min/2018/site_5478_Gandak_Colony_Motihari_BSPCB_15Min.csv,https://airquality.cpcb.gov.in/dataRepository/download_file?file_name=Raw_data/15Min/2017/site_5478_Gandak_Colony_Motihari_BSPCB_15Min.csv
site_5479,"MIT-Daudpur Kothi, Muzaffarpur - BSPCB",Muzaffarpur,Bihar,,https://airquality.cpcb.gov.in/dataRepository/download_file?file_name=Raw_data/15Min/2025/site_5479_MIT-Daudpur_Kothi_Muzaffarpur_BSPCB_15Min.csv,https://airquality.cpcb.gov.in/dataRepository/download_file?file_name=Raw_data/15Min/2024/site_5479_MIT-Daudpur_Kothi_Muzaffarpur_BSPCB_15Min.csv,https://airquality.cpcb.gov.in/dataRepository/download_file?file_name=Raw_data/15Min/2023/site_5479_MIT-Daudpur_Kothi_Muzaffarpur_BSPCB_15Min.csv,https://airquality.cpcb.gov.in/dataRepository/download_file?file_name=Raw_data/15Min/2022/site_5479_MIT-Daudpur_Kothi_Muzaffarpur_BSPCB_15Min.csv,https://airquality.cpcb.gov.in/dataRepository/download_file?file_name=Raw_data/15Min/2021/site_5479_MIT-Daudpur_Kothi_Muzaffarpur_BSPCB_15Min.csv,https://airquality.cpcb.gov.in/dataRepository/download_file?file_name=Raw_data/15Min/2020/site_5479_MIT-Daudpur_Kothi_Muzaffarpur_BSPCB_15Min.csv,https://airquality.cpcb.gov.in/dataRepository/download_file?file_name=Raw_data/15Min/2019/site_5479_MIT-Daudpur_Kothi_Muzaffarpur_BSPCB_15Min.csv,https://airquality.cpcb.gov.in/dataRepository/download_file?file_name=Raw_data/15Min/2018/site_5479_MIT-Daudpur_Kothi_Muzaffarpur_BSPCB_15Min.csv,https://airquality.cpcb.gov.in/dataRepository/download_file?file_name=Raw_data/15Min/2017/site_5479_MIT-Daudpur_Kothi_Muzaffarpur_BSPCB_15Min.csv
site_5480,"Nagla Bhau, Firozabad - UPPCB",Firozabad,Uttar Pradesh,https://airquality.cpcb.gov.in/dataRepository/download_file?file_name=Raw_data/15Min/2026/site_5480_Nagla_Bhau_Firozabad_UPPCB_15Min.csv,https://airquality.cpcb.gov.in/dataRepository/download_file?file_name=Raw_data/15Min/2025/site_5480_Nagla_Bhau_Firozabad_UPPCB_15Min.csv,https://airquality.cpcb.gov.in/dataRepository/download_file?file_name=Raw_data/15Min/2024/site_5480_Nagla_Bhau_Firozabad_UPPCB_15Min.csv,https://airquality.cpcb.gov.in/dataRepository/download_file?file_name=Raw_data/15Min/2023/site_5480_Nagla_Bhau_Firozabad_UPPCB_15Min.csv,https://airquality.cpcb.gov.in/dataRepository/download_file?file_name=Raw_data/15Min/2022/site_5480_Nagla_Bhau_Firozabad_UPPCB_15Min.csv,https://airquality.cpcb.gov.in/dataRepository/download_file?file_name=Raw_data/15Min/2021/site_5480_Nagla_Bhau_Firozabad_UPPCB_15Min.csv,https://airquality.cpcb.gov.in/dataRepository/download_file?file_name=Raw_data/15Min/2020/site_5480_Nagla_Bhau_Firozabad_UPPCB_15Min.csv,https://airquality.cpcb.gov.in/dataRepository/download_file?file_name=Raw_data/15Min/2019/site_5480_Nagla_Bhau_Firozabad_UPPCB_15Min.csv,https://airquality.cpcb.gov.in/dataRepository/download_file?file_name=Raw_data/15Min/2018/site_5480_Nagla_Bhau_Firozabad_UPPCB_15Min.csv,https://airquality.cpcb.gov.in/dataRepository/download_file?file_name=Raw_data/15Min/2017/site_5480_Nagla_Bhau_Firozabad_UPPCB_15Min.csv
site_5481,"D M Colony, Bihar Sharif - BSPCB",Bihar Sharif,Bihar,https://airquality.cpcb.gov.in/dataRepository/download_file?file_name=Raw_data/15Min/2026/site_5481_D_M_Colony_Bihar_Sharif_BSPCB_15Min.csv,https://airquality.cpcb.gov.in/dataRepository/download_file?file_name=Raw_data/15Min/2025/site_5481_D_M_Colony_Bihar_Sharif_BSPCB_15Min.csv,https://airquality.cpcb.gov.in/dataRepository/download_file?file_name=Raw_data/15Min/2024/site_5481_D_M_Colony_Bihar_Sharif_BSPCB_15Min.csv,https://airquality.cpcb.gov.in/dataRepository/download_file?file_name=Raw_data/15Min/2023/site_5481_D_M_Colony_Bihar_Sharif_BSPCB_15Min.csv,https://airquality.cpcb.gov.in/dataRepository/download_file?file_name=Raw_data/15Min/2022/site_5481_D_M_Colony_Bihar_Sharif_BSPCB_15Min.csv,https://airquality.cpcb.gov.in/dataRepository/download_file?file_name=Raw_data/15Min/2021/site_5481_D_M_Colony_Bihar_Sharif_BSPCB_15Min.csv,https://airquality.cpcb.gov.in/dataRepository/download_file?file_name=Raw_data/15Min/2020/site_5481_D_M_Colony_Bihar_Sharif_BSPCB_15Min.csv,https://airquality.cpcb.gov.in/dataRepository/download_file?file_name=Raw_data/15Min/2019/site_5481_D_M_Colony_Bihar_Sharif_BSPCB_15Min.csv,https://airquality.cpcb.gov.in/dataRepository/download_file?file_name=Raw_data/15Min/2018/site_5481_D_M_Colony_Bihar_Sharif_BSPCB_15Min.csv,https://airquality.cpcb.gov.in/dataRepository/download_file?file_name=Raw_data/15Min/2017/site_5481_D_M_Colony_Bihar_Sharif_BSPCB_15Min.csv
site_5482,"Rohta, Agra - UPPCB",Agra,Uttar Pradesh,https://airquality.cpcb.gov.in/dataRepository/download_file?file_name=Raw_data/15Min/2026/site_5482_Rohta_Agra_UPPCB_15Min.csv,https://airquality.cpcb.gov.in/dataRepository/download_file?file_name=Raw_data/15Min/2025/site_5482_Rohta_Agra_UPPCB_15Min.csv,https://airquality.cpcb.gov.in/dataRepository/download_file?file_name=Raw_data/15Min/2024/site_5482_Rohta_Agra_UPPCB_15Min.csv,https://airquality.cpcb.gov.in/dataRepository/download_file?file_name=Raw_data/15Min/2023/site_5482_Rohta_Agra_UPPCB_15Min.csv,https://airquality.cpcb.gov.in/dataRepository/download_file?file_name=Raw_data/15Min/2022/site_5482_Rohta_Agra_UPPCB_15Min.csv,https://airquality.cpcb.gov.in/dataRepository/download_file?file_name=Raw_data/15Min/2021/site_5482_Rohta_Agra_UPPCB_15Min.csv,https://airquality.cpcb.gov.in/dataRepository/download_file?file_name=Raw_data/15Min/2020/site_5482_Rohta_Agra_UPPCB_15Min.csv,https://airquality.cpcb.gov.in/dataRepository/download_file?file_name=Raw_data/15Min/2019/site_5482_Rohta_Agra_UPPCB_15Min.csv,https://airquality.cpcb.gov.in/dataRepository/download_file?file_name=Raw_data/15Min/2018/site_5482_Rohta_Agra_UPPCB_15Min.csv,https://airquality.cpcb.gov.in/dataRepository/download_file?file_name=Raw_data/15Min/2017/site_5482_Rohta_Agra_UPPCB_15Min.csv
site_5483,"Omex Eternity, Vrindavan - UPPCB",Vrindavan,Uttar Pradesh,https://airquality.cpcb.gov.in/dataRepository/download_file?file_name=Raw_data/15Min/2026/site_5483_Omex_Eternity_Vrindavan_UPPCB_15Min.csv,https://airquality.cpcb.gov.in/dataRepository/download_file?file_name=Raw_data/15Min/2025/site_5483_Omex_Eternity_Vrindavan_UPPCB_15Min.csv,https://airquality.cpcb.gov.in/dataRepository/download_file?file_name=Raw_data/15Min/2024/site_5483_Omex_Eternity_Vrindavan_UPPCB_15Min.csv,https://airquality.cpcb.gov.in/dataRepository/download_file?file_name=Raw_data/15Min/2023/site_5483_Omex_Eternity_Vrindavan_UPPCB_15Min.csv,https://airquality.cpcb.gov.in/dataRepository/download_file?file_name=Raw_data/15Min/2022/site_5483_Omex_Eternity_Vrindavan_UPPCB_15Min.csv,https://airquality.cpcb.gov.in/dataRepository/download_file?file_name=Raw_data/15Min/2021/site_5483_Omex_Eternity_Vrindavan_UPPCB_15Min.csv,https://airquality.cpcb.gov.in/dataRepository/download_file?file_name=Raw_data/15Min/2020/site_5483_Omex_Eternity_Vrindavan_UPPCB_15Min.csv,https://airquality.cpcb.gov.in/dataRepository/download_file?file_name=Raw_data/15Min/2019/site_5483_Omex_Eternity_Vrindavan_UPPCB_15Min.csv,https://airquality.cpcb.gov.in/dataRepository/download_file?file_name=Raw_data/15Min/2018/site_5483_Omex_Eternity_Vrindavan_UPPCB_15Min.csv,https://airquality.cpcb.gov.in/dataRepository/download_file?file_name=Raw_data/15Min/2017/site_5483_Omex_Eternity_Vrindavan_UPPCB_15Min.csv
site_5484,"Nagar Nigam, Prayagraj - UPPCB",Prayagraj,Uttar Pradesh,https://airquality.cpcb.gov.in/dataRepository/download_file?file_name=Raw_data/15Min/2026/site_5484_Nagar_Nigam_Prayagraj_UPPCB_15Min.csv,https://airquality.cpcb.gov.in/dataRepository/download_file?file_name=Raw_data/15Min/2025/site_5484_Nagar_Nigam_Prayagraj_UPPCB_15Min.csv,https://airquality.cpcb.gov.in/dataRepository/download_file?file_name=Raw_data/15Min/2024/site_5484_Nagar_Nigam_Prayagraj_UPPCB_15Min.csv,https://airquality.cpcb.gov.in/dataRepository/download_file?file_name=Raw_data/15Min/2023/site_5484_Nagar_Nigam_Prayagraj_UPPCB_15Min.csv,https://airquality.cpcb.gov.in/dataRepository/download_file?file_name=Raw_data/15Min/2022/site_5484_Nagar_Nigam_Prayagraj_UPPCB_15Min.csv,https://airquality.cpcb.gov.in/dataRepository/download_file?file_name=Raw_data/15Min/2021/site_5484_Nagar_Nigam_Prayagraj_UPPCB_15Min.csv,https://airquality.cpcb.gov.in/dataRepository/download_file?file_name=Raw_data/15Min/2020/site_5484_Nagar_Nigam_Prayagraj_UPPCB_15Min.csv,https://airquality.cpcb.gov.in/dataRepository/download_file?file_name=Raw_data/15Min/2019/site_5484_Nagar_Nigam_Prayagraj_UPPCB_15Min.csv,https://airquality.cpcb.gov.in/dataRepository/download_file?file_name=Raw_data/15Min/2018/site_5484_Nagar_Nigam_Prayagraj_UPPCB_15Min.csv,https://airquality.cpcb.gov.in/dataRepository/download_file?file_name=Raw_data/15Min/2017/site_5484_Nagar_Nigam_Prayagraj_UPPCB_15Min.csv
site_5485,"Dada Peer, Sasaram - BSPCB",Sasaram,Bihar,https://airquality.cpcb.gov.in/dataRepository/download_file?file_name=Raw_data/15Min/2026/site_5485_Dada_Peer_Sasaram_BSPCB_15Min.csv,https://airquality.cpcb.gov.in/dataRepository/download_file?file_name=Raw_data/15Min/2025/site_5485_Dada_Peer_Sasaram_BSPCB_15Min.csv,https://airquality.cpcb.gov.in/dataRepository/download_file?file_name=Raw_data/15Min/2024/site_5485_Dada_Peer_Sasaram_BSPCB_15Min.csv,https://airquality.cpcb.gov.in/dataRepository/download_file?file_name=Raw_data/15Min/2023/site_5485_Dada_Peer_Sasaram_BSPCB_15Min.csv,https://airquality.cpcb.gov.in/dataRepository/download_file?file_name=Raw_data/15Min/2022/site_5485_Dada_Peer_Sasaram_BSPCB_15Min.csv,https://airquality.cpcb.gov.in/dataRepository/download_file?file_name=Raw_data/15Min/2021/site_5485_Dada_Peer_Sasaram_BSPCB_15Min.csv,https://airquality.cpcb.gov.in/dataRepository/download_file?file_name=Raw_data/15Min/2020/site_5485_Dada_Peer_Sasaram_BSPCB_15Min.csv,https://airquality.cpcb.gov.in/dataRepository/download_file?file_name=Raw_data/15Min/2019/site_5485_Dada_Peer_Sasaram_BSPCB_15Min.csv,https://airquality.cpcb.gov.in/dataRepository/download_file?file_name=Raw_data/15Min/2018/site_5485_Dada_Peer_Sasaram_BSPCB_15Min.csv,https://airquality.cpcb.gov.in/dataRepository/download_file?file_name=Raw_data/15Min/2017/site_5485_Dada_Peer_Sasaram_BSPCB_15Min.csv
site_5489,"Dangi Tola, Rajgir - BSPCB",Rajgir,Bihar,https://airquality.cpcb.gov.in/dataRepository/download_file?file_name=Raw_data/15Min/2026/site_5489_Dangi_Tola_Rajgir_BSPCB_15Min.csv,https://airquality.cpcb.gov.in/dataRepository/download_file?file_name=Raw_data/15Min/2025/site_5489_Dangi_Tola_Rajgir_BSPCB_15Min.csv,https://airquality.cpcb.gov.in/dataRepository/download_file?file_name=Raw_data/15Min/2024/site_5489_Dangi_Tola_Rajgir_BSPCB_15Min.csv,https://airquality.cpcb.gov.in/dataRepository/download_file?file_name=Raw_data/15Min/2023/site_5489_Dangi_Tola_Rajgir_BSPCB_15Min.csv,https://airquality.cpcb.gov.in/dataRepository/download_file?file_name=Raw_data/15Min/2022/site_5489_Dangi_Tola_Rajgir_BSPCB_15Min.csv,https://airquality.cpcb.gov.in/dataRepository/download_file?file_name=Raw_data/15Min/2021/site_5489_Dangi_Tola_Rajgir_BSPCB_15Min.csv,https://airquality.cpcb.gov.in/dataRepository/download_file?file_name=Raw_data/15Min/2020/site_5489_Dangi_Tola_Rajgir_BSPCB_15Min.csv,https://airquality.cpcb.gov.in/dataRepository/download_file?file_name=Raw_data/15Min/2019/site_5489_Dangi_Tola_Rajgir_BSPCB_15Min.csv,https://airquality.cpcb.gov.in/dataRepository/download_file?file_name=Raw_data/15Min/2018/site_5489_Dangi_Tola_Rajgir_BSPCB_15Min.csv,https://airquality.cpcb.gov.in/dataRepository/download_file?file_name=Raw_data/15Min/2017/site_5489_Dangi_Tola_Rajgir_BSPCB_15Min.csv
site_5490,"Town Hall, Munger - BSPCB",Munger,Bihar,https://airquality.cpcb.gov.in/dataRepository/download_file?file_name=Raw_data/15Min/2026/site_5490_Town_Hall_Munger_BSPCB_15Min.csv,https://airquality.cpcb.gov.in/dataRepository/download_file?file_name=Raw_data/15Min/2025/site_5490_Town_Hall_Munger_BSPCB_15Min.csv,https://airquality.cpcb.gov.in/dataRepository/download_file?file_name=Raw_data/15Min/2024/site_5490_Town_Hall_Munger_BSPCB_15Min.csv,https://airquality.cpcb.gov.in/dataRepository/download_file?file_name=Raw_data/15Min/2023/site_5490_Town_Hall_Munger_BSPCB_15Min.csv,https://airquality.cpcb.gov.in/dataRepository/download_file?file_name=Raw_data/15Min/2022/site_5490_Town_Hall_Munger_BSPCB_15Min.csv,https://airquality.cpcb.gov.in/dataRepository/download_file?file_name=Raw_data/15Min/2021/site_5490_Town_Hall_Munger_BSPCB_15Min.csv,https://airquality.cpcb.gov.in/dataRepository/download_file?file_name=Raw_data/15Min/2020/site_5490_Town_Hall_Munger_BSPCB_15Min.csv,https://airquality.cpcb.gov.in/dataRepository/download_file?file_name=Raw_data/15Min/2019/site_5490_Town_Hall_Munger_BSPCB_15Min.csv,https://airquality.cpcb.gov.in/dataRepository/download_file?file_name=Raw_data/15Min/2018/site_5490_Town_Hall_Munger_BSPCB_15Min.csv,https://airquality.cpcb.gov.in/dataRepository/download_file?file_name=Raw_data/15Min/2017/site_5490_Town_Hall_Munger_BSPCB_15Min.csv
site_5491,"Sector 22, Chandigarh - CPCC",Chandigarh,Chandigarh,https://airquality.cpcb.gov.in/dataRepository/download_file?file_name=Raw_data/15Min/2026/site_5491_Sector_22_Chandigarh_CPCC_15Min.csv,https://airquality.cpcb.gov.in/dataRepository/download_file?file_name=Raw_data/15Min/2025/site_5491_Sector_22_Chandigarh_CPCC_15Min.csv,https://airquality.cpcb.gov.in/dataRepository/download_file?file_name=Raw_data/15Min/2024/site_5491_Sector_22_Chandigarh_CPCC_15Min.csv,https://airquality.cpcb.gov.in/dataRepository/download_file?file_name=Raw_data/15Min/2023/site_5491_Sector_22_Chandigarh_CPCC_15Min.csv,https://airquality.cpcb.gov.in/dataRepository/download_file?file_name=Raw_data/15Min/2022/site_5491_Sector_22_Chandigarh_CPCC_15Min.csv,https://airquality.cpcb.gov.in/dataRepository/download_file?file_name=Raw_data/15Min/2021/site_5491_Sector_22_Chandigarh_CPCC_15Min.csv,https://airquality.cpcb.gov.in/dataRepository/download_file?file_name=Raw_data/15Min/2020/site_5491_Sector_22_Chandigarh_CPCC_15Min.csv,https://airquality.cpcb.gov.in/dataRepository/download_file?file_name=Raw_data/15Min/2019/site_5491_Sector_22_Chandigarh_CPCC_15Min.csv,https://airquality.cpcb.gov.in/dataRepository/download_file?file_name=Raw_data/15Min/2018/site_5491_Sector_22_Chandigarh_CPCC_15Min.csv,https://airquality.cpcb.gov.in/dataRepository/download_file?file_name=Raw_data/15Min/2017/site_5491_Sector_22_Chandigarh_CPCC_15Min.csv
site_5500,"FTI Kidwai Nagar, Kanpur - UPPCB",Kanpur,Uttar Pradesh,https://airquality.cpcb.gov.in/dataRepository/download_file?file_name=Raw_data/15Min/2026/site_5500_FTI_Kidwai_Nagar_Kanpur_UPPCB_15Min.csv,https://airquality.cpcb.gov.in/dataRepository/download_file?file_name=Raw_data/15Min/2025/site_5500_FTI_Kidwai_Nagar_Kanpur_UPPCB_15Min.csv,https://airquality.cpcb.gov.in/dataRepository/download_file?file_name=Raw_data/15Min/2024/site_5500_FTI_Kidwai_Nagar_Kanpur_UPPCB_15Min.csv,https://airquality.cpcb.gov.in/dataRepository/download_file?file_name=Raw_data/15Min/2023/site_5500_FTI_Kidwai_Nagar_Kanpur_UPPCB_15Min.csv,https://airquality.cpcb.gov.in/dataRepository/download_file?file_name=Raw_data/15Min/2022/site_5500_FTI_Kidwai_Nagar_Kanpur_UPPCB_15Min.csv,https://airquality.cpcb.gov.in/dataRepository/download_file?file_name=Raw_data/15Min/2021/site_5500_FTI_Kidwai_Nagar_Kanpur_UPPCB_15Min.csv,https://airquality.cpcb.gov.in/dataRepository/download_file?file_name=Raw_data/15Min/2020/site_5500_FTI_Kidwai_Nagar_Kanpur_UPPCB_15Min.csv,https://airquality.cpcb.gov.in/dataRepository/download_file?file_name=Raw_data/15Min/2019/site_5500_FTI_Kidwai_Nagar_Kanpur_UPPCB_15Min.csv,https://airquality.cpcb.gov.in/dataRepository/download_file?file_name=Raw_data/15Min/2018/site_5500_FTI_Kidwai_Nagar_Kanpur_UPPCB_15Min.csv,https://airquality.cpcb.gov.in/dataRepository/download_file?file_name=Raw_data/15Min/2017/site_5500_FTI_Kidwai_Nagar_Kanpur_UPPCB_15Min.csv
site_5501,"Shahjahan Garden, Agra - UPPCB",Agra,Uttar Pradesh,https://airquality.cpcb.gov.in/dataRepository/download_file?file_name=Raw_data/15Min/2026/site_5501_Shahjahan_Garden_Agra_UPPCB_15Min.csv,https://airquality.cpcb.gov.in/dataRepository/download_file?file_name=Raw_data/15Min/2025/site_5501_Shahjahan_Garden_Agra_UPPCB_15Min.csv,https://airquality.cpcb.gov.in/dataRepository/download_file?file_name=Raw_data/15Min/2024/site_5501_Shahjahan_Garden_Agra_UPPCB_15Min.csv,https://airquality.cpcb.gov.in/dataRepository/download_file?file_name=Raw_data/15Min/2023/site_5501_Shahjahan_Garden_Agra_UPPCB_15Min.csv,https://airquality.cpcb.gov.in/dataRepository/download_file?file_name=Raw_data/15Min/2022/site_5501_Shahjahan_Garden_Agra_UPPCB_15Min.csv,https://airquality.cpcb.gov.in/dataRepository/download_file?file_name=Raw_data/15Min/2021/site_5501_Shahjahan_Garden_Agra_UPPCB_15Min.csv,https://airquality.cpcb.gov.in/dataRepository/download_file?file_name=Raw_data/15Min/2020/site_5501_Shahjahan_Garden_Agra_UPPCB_15Min.csv,https://airquality.cpcb.gov.in/dataRepository/download_file?file_name=Raw_data/15Min/2019/site_5501_Shahjahan_Garden_Agra_UPPCB_15Min.csv,https://airquality.cpcb.gov.in/dataRepository/download_file?file_name=Raw_data/15Min/2018/site_5501_Shahjahan_Garden_Agra_UPPCB_15Min.csv,https://airquality.cpcb.gov.in/dataRepository/download_file?file_name=Raw_data/15Min/2017/site_5501_Shahjahan_Garden_Agra_UPPCB_15Min.csv
site_5503,"Mangala, Bilaspur - NTPC",Bilaspur,Chhattisgarh,https://airquality.cpcb.gov.in/dataRepository/download_file?file_name=Raw_data/15Min/2026/site_5503_Mangala_Bilaspur_NTPC_15Min.csv,https://airquality.cpcb.gov.in/dataRepository/download_file?file_name=Raw_data/15Min/2025/site_5503_Mangala_Bilaspur_NTPC_15Min.csv,https://airquality.cpcb.gov.in/dataRepository/download_file?file_name=Raw_data/15Min/2024/site_5503_Mangala_Bilaspur_NTPC_15Min.csv,https://airquality.cpcb.gov.in/dataRepository/download_file?file_name=Raw_data/15Min/2023/site_5503_Mangala_Bilaspur_NTPC_15Min.csv,https://airquality.cpcb.gov.in/dataRepository/download_file?file_name=Raw_data/15Min/2022/site_5503_Mangala_Bilaspur_NTPC_15Min.csv,https://airquality.cpcb.gov.in/dataRepository/download_file?file_name=Raw_data/15Min/2021/site_5503_Mangala_Bilaspur_NTPC_15Min.csv,https://airquality.cpcb.gov.in/dataRepository/download_file?file_name=Raw_data/15Min/2020/site_5503_Mangala_Bilaspur_NTPC_15Min.csv,https://airquality.cpcb.gov.in/dataRepository/download_file?file_name=Raw_data/15Min/2019/site_5503_Mangala_Bilaspur_NTPC_15Min.csv,https://airquality.cpcb.gov.in/dataRepository/download_file?file_name=Raw_data/15Min/2018/site_5503_Mangala_Bilaspur_NTPC_15Min.csv,https://airquality.cpcb.gov.in/dataRepository/download_file?file_name=Raw_data/15Min/2017/site_5503_Mangala_Bilaspur_NTPC_15Min.csv
site_5536,"Civic Center, Bhilai - Bhilai Steel Plant",Bhilai,Chhattisgarh,https://airquality.cpcb.gov.in/dataRepository/download_file?file_name=Raw_data/15Min/2026/site_5536_Civic_Center_Bhilai_Bhilai_Steel_Plant_15Min.csv,https://airquality.cpcb.gov.in/dataRepository/download_file?file_name=Raw_data/15Min/2025/site_5536_Civic_Center_Bhilai_Bhilai_Steel_Plant_15Min.csv,https://airquality.cpcb.gov.in/dataRepository/download_file?file_name=Raw_data/15Min/2024/site_5536_Civic_Center_Bhilai_Bhilai_Steel_Plant_15Min.csv,https://airquality.cpcb.gov.in/dataRepository/download_file?file_name=Raw_data/15Min/2023/site_5536_Civic_Center_Bhilai_Bhilai_Steel_Plant_15Min.csv,https://airquality.cpcb.gov.in/dataRepository/download_file?file_name=Raw_data/15Min/2022/site_5536_Civic_Center_Bhilai_Bhilai_Steel_Plant_15Min.csv,https://airquality.cpcb.gov.in/dataRepository/download_file?file_name=Raw_data/15Min/2021/site_5536_Civic_Center_Bhilai_Bhilai_Steel_Plant_15Min.csv,https://airquality.cpcb.gov.in/dataRepository/download_file?file_name=Raw_data/15Min/2020/site_5536_Civic_Center_Bhilai_Bhilai_Steel_Plant_15Min.csv,https://airquality.cpcb.gov.in/dataRepository/download_file?file_name=Raw_data/15Min/2019/site_5536_Civic_Center_Bhilai_Bhilai_Steel_Plant_15Min.csv,https://airquality.cpcb.gov.in/dataRepository/download_file?file_name=Raw_data/15Min/2018/site_5536_Civic_Center_Bhilai_Bhilai_Steel_Plant_15Min.csv,https://airquality.cpcb.gov.in/dataRepository/download_file?file_name=Raw_data/15Min/2017/site_5536_Civic_Center_Bhilai_Bhilai_Steel_Plant_15Min.csv
site_5537,"Employment Office, Moradabad - UPPCB",Moradabad,Uttar Pradesh,https://airquality.cpcb.gov.in/dataRepository/download_file?file_name=Raw_data/15Min/2026/site_5537_Employment_Office_Moradabad_UPPCB_15Min.csv,https://airquality.cpcb.gov.in/dataRepository/download_file?file_name=Raw_data/15Min/2025/site_5537_Employment_Office_Moradabad_UPPCB_15Min.csv,https://airquality.cpcb.gov.in/dataRepository/download_file?file_name=Raw_data/15Min/2024/site_5537_Employment_Office_Moradabad_UPPCB_15Min.csv,https://airquality.cpcb.gov.in/dataRepository/download_file?file_name=Raw_data/15Min/2023/site_5537_Employment_Office_Moradabad_UPPCB_15Min.csv,https://airquality.cpcb.gov.in/dataRepository/download_file?file_name=Raw_data/15Min/2022/site_5537_Employment_Office_Moradabad_UPPCB_15Min.csv,https://airquality.cpcb.gov.in/dataRepository/download_file?file_name=Raw_data/15Min/2021/site_5537_Employment_Office_Moradabad_UPPCB_15Min.csv,https://airquality.cpcb.gov.in/dataRepository/download_file?file_name=Raw_data/15Min/2020/site_5537_Employment_Office_Moradabad_UPPCB_15Min.csv,https://airquality.cpcb.gov.in/dataRepository/download_file?file_name=Raw_data/15Min/2019/site_5537_Employment_Office_Moradabad_UPPCB_15Min.csv,https://airquality.cpcb.gov.in/dataRepository/download_file?file_name=Raw_data/15Min/2018/site_5537_Employment_Office_Moradabad_UPPCB_15Min.csv,https://airquality.cpcb.gov.in/dataRepository/download_file?file_name=Raw_data/15Min/2017/site_5537_Employment_Office_Moradabad_UPPCB_15Min.csv
site_5538,"New DM Office, Arrah - BSPCB",Arrah,Bihar,https://airquality.cpcb.gov.in/dataRepository/download_file?file_name=Raw_data/15Min/2026/site_5538_New_DM_Office_Arrah_BSPCB_15Min.csv,https://airquality.cpcb.gov.in/dataRepository/download_file?file_name=Raw_data/15Min/2025/site_5538_New_DM_Office_Arrah_BSPCB_15Min.csv,https://airquality.cpcb.gov.in/dataRepository/download_file?file_name=Raw_data/15Min/2024/site_5538_New_DM_Office_Arrah_BSPCB_15Min.csv,https://airquality.cpcb.gov.in/dataRepository/download_file?file_name=Raw_data/15Min/2023/site_5538_New_DM_Office_Arrah_BSPCB_15Min.csv,https://airquality.cpcb.gov.in/dataRepository/download_file?file_name=Raw_data/15Min/2022/site_5538_New_DM_Office_Arrah_BSPCB_15Min.csv,https://airquality.cpcb.gov.in/dataRepository/download_file?file_name=Raw_data/15Min/2021/site_5538_New_DM_Office_Arrah_BSPCB_15Min.csv,https://airquality.cpcb.gov.in/dataRepository/download_file?file_name=Raw_data/15Min/2020/site_5538_New_DM_Office_Arrah_BSPCB_15Min.csv,https://airquality.cpcb.gov.in/dataRepository/download_file?file_name=Raw_data/15Min/2019/site_5538_New_DM_Office_Arrah_BSPCB_15Min.csv,https://airquality.cpcb.gov.in/dataRepository/download_file?file_name=Raw_data/15Min/2018/site_5538_New_DM_Office_Arrah_BSPCB_15Min.csv,https://airquality.cpcb.gov.in/dataRepository/download_file?file_name=Raw_data/15Min/2017/site_5538_New_DM_Office_Arrah_BSPCB_15Min.csv
site_5539,"Kharahiya Basti, Araria - BSPCB",Araria,Bihar,https://airquality.cpcb.gov.in/dataRepository/download_file?file_name=Raw_data/15Min/2026/site_5539_Kharahiya_Basti_Araria_BSPCB_15Min.csv,https://airquality.cpcb.gov.in/dataRepository/download_file?file_name=Raw_data/15Min/2025/site_5539_Kharahiya_Basti_Araria_BSPCB_15Min.csv,https://airquality.cpcb.gov.in/dataRepository/download_file?file_name=Raw_data/15Min/2024/site_5539_Kharahiya_Basti_Araria_BSPCB_15Min.csv,https://airquality.cpcb.gov.in/dataRepository/download_file?file_name=Raw_data/15Min/2023/site_5539_Kharahiya_Basti_Araria_BSPCB_15Min.csv,https://airquality.cpcb.gov.in/dataRepository/download_file?file_name=Raw_data/15Min/2022/site_5539_Kharahiya_Basti_Araria_BSPCB_15Min.csv,https://airquality.cpcb.gov.in/dataRepository/download_file?file_name=Raw_data/15Min/2021/site_5539_Kharahiya_Basti_Araria_BSPCB_15Min.csv,https://airquality.cpcb.gov.in/dataRepository/download_file?file_name=Raw_data/15Min/2020/site_5539_Kharahiya_Basti_Araria_BSPCB_15Min.csv,https://airquality.cpcb.gov.in/dataRepository/download_file?file_name=Raw_data/15Min/2019/site_5539_Kharahiya_Basti_Araria_BSPCB_15Min.csv,https://airquality.cpcb.gov.in/dataRepository/download_file?file_name=Raw_data/15Min/2018/site_5539_Kharahiya_Basti_Araria_BSPCB_15Min.csv,https://airquality.cpcb.gov.in/dataRepository/download_file?file_name=Raw_data/15Min/2017/site_5539_Kharahiya_Basti_Araria_BSPCB_15Min.csv
site_5540,"DRCC Anandpur, Begusarai - BSPCB",Begusarai,Bihar,,,,https://airquality.cpcb.gov.in/dataRepository/download_file?file_name=Raw_data/15Min/2023/site_5540_DRCC_Anandpur_Begusarai_BSPCB_15Min.csv,https://airquality.cpcb.gov.in/dataRepository/download_file?file_name=Raw_data/15Min/2022/site_5540_DRCC_Anandpur_Begusarai_BSPCB_15Min.csv,https://airquality.cpcb.gov.in/dataRepository/download_file?file_name=Raw_data/15Min/2021/site_5540_DRCC_Anandpur_Begusarai_BSPCB_15Min.csv,https://airquality.cpcb.gov.in/dataRepository/download_file?file_name=Raw_data/15Min/2020/site_5540_DRCC_Anandpur_Begusarai_BSPCB_15Min.csv,https://airquality.cpcb.gov.in/dataRepository/download_file?file_name=Raw_data/15Min/2019/site_5540_DRCC_Anandpur_Begusarai_BSPCB_15Min.csv,https://airquality.cpcb.gov.in/dataRepository/download_file?file_name=Raw_data/15Min/2018/site_5540_DRCC_Anandpur_Begusarai_BSPCB_15Min.csv,https://airquality.cpcb.gov.in/dataRepository/download_file?file_name=Raw_data/15Min/2017/site_5540_DRCC_Anandpur_Begusarai_BSPCB_15Min.csv
site_5541,"Mayaganj, Bhagalpur - BSPCB",Bhagalpur,Bihar,https://airquality.cpcb.gov.in/dataRepository/download_file?file_name=Raw_data/15Min/2026/site_5541_Mayaganj_Bhagalpur_BSPCB_15Min.csv,https://airquality.cpcb.gov.in/dataRepository/download_file?file_name=Raw_data/15Min/2025/site_5541_Mayaganj_Bhagalpur_BSPCB_15Min.csv,https://airquality.cpcb.gov.in/dataRepository/download_file?file_name=Raw_data/15Min/2024/site_5541_Mayaganj_Bhagalpur_BSPCB_15Min.csv,https://airquality.cpcb.gov.in/dataRepository/download_file?file_name=Raw_data/15Min/2023/site_5541_Mayaganj_Bhagalpur_BSPCB_15Min.csv,https://airquality.cpcb.gov.in/dataRepository/download_file?file_name=Raw_data/15Min/2022/site_5541_Mayaganj_Bhagalpur_BSPCB_15Min.csv,https://airquality.cpcb.gov.in/dataRepository/download_file?file_name=Raw_data/15Min/2021/site_5541_Mayaganj_Bhagalpur_BSPCB_15Min.csv,https://airquality.cpcb.gov.in/dataRepository/download_file?file_name=Raw_data/15Min/2020/site_5541_Mayaganj_Bhagalpur_BSPCB_15Min.csv,https://airquality.cpcb.gov.in/dataRepository/download_file?file_name=Raw_data/15Min/2019/site_5541_Mayaganj_Bhagalpur_BSPCB_15Min.csv,https://airquality.cpcb.gov.in/dataRepository/download_file?file_name=Raw_data/15Min/2018/site_5541_Mayaganj_Bhagalpur_BSPCB_15Min.csv,https://airquality.cpcb.gov.in/dataRepository/download_file?file_name=Raw_data/15Min/2017/site_5541_Mayaganj_Bhagalpur_BSPCB_15Min.csv
site_5542,"Charitra Van, Buxar - BSPCB (Formerly known as Central Jail)",Buxar,Bihar,,,,,,,,,,
site_5543,"DM Office_Kachari Chowk, Bhagalpur - BSPCB",Bhagalpur,Bihar,https://airquality.cpcb.gov.in/dataRepository/download_file?file_name=Raw_data/15Min/2026/site_5543_DM_Office_Kachari_Chowk_Bhagalpur_BSPCB_15Min.csv,https://airquality.cpcb.gov.in/dataRepository/download_file?file_name=Raw_data/15Min/2025/site_5543_DM_Office_Kachari_Chowk_Bhagalpur_BSPCB_15Min.csv,https://airquality.cpcb.gov.in/dataRepository/download_file?file_name=Raw_data/15Min/2024/site_5543_DM_Office_Kachari_Chowk_Bhagalpur_BSPCB_15Min.csv,https://airquality.cpcb.gov.in/dataRepository/download_file?file_name=Raw_data/15Min/2023/site_5543_DM_Office_Kachari_Chowk_Bhagalpur_BSPCB_15Min.csv,https://airquality.cpcb.gov.in/dataRepository/download_file?file_name=Raw_data/15Min/2022/site_5543_DM_Office_Kachari_Chowk_Bhagalpur_BSPCB_15Min.csv,https://airquality.cpcb.gov.in/dataRepository/download_file?file_name=Raw_data/15Min/2021/site_5543_DM_Office_Kachari_Chowk_Bhagalpur_BSPCB_15Min.csv,https://airquality.cpcb.gov.in/dataRepository/download_file?file_name=Raw_data/15Min/2020/site_5543_DM_Office_Kachari_Chowk_Bhagalpur_BSPCB_15Min.csv,https://airquality.cpcb.gov.in/dataRepository/download_file?file_name=Raw_data/15Min/2019/site_5543_DM_Office_Kachari_Chowk_Bhagalpur_BSPCB_15Min.csv,https://airquality.cpcb.gov.in/dataRepository/download_file?file_name=Raw_data/15Min/2018/site_5543_DM_Office_Kachari_Chowk_Bhagalpur_BSPCB_15Min.csv,https://airquality.cpcb.gov.in/dataRepository/download_file?file_name=Raw_data/15Min/2017/site_5543_DM_Office_Kachari_Chowk_Bhagalpur_BSPCB_15Min.csv
site_5544,"Gurdeo Nagar, Aurangabad - BSPCB",Aurangabad,Bihar,https://airquality.cpcb.gov.in/dataRepository/download_file?file_name=Raw_data/15Min/2026/site_5544_Gurdeo_Nagar_Aurangabad_BSPCB_15Min.csv,https://airquality.cpcb.gov.in/dataRepository/download_file?file_name=Raw_data/15Min/2025/site_5544_Gurdeo_Nagar_Aurangabad_BSPCB_15Min.csv,https://airquality.cpcb.gov.in/dataRepository/download_file?file_name=Raw_data/15Min/2024/site_5544_Gurdeo_Nagar_Aurangabad_BSPCB_15Min.csv,https://airquality.cpcb.gov.in/dataRepository/download_file?file_name=Raw_data/15Min/2023/site_5544_Gurdeo_Nagar_Aurangabad_BSPCB_15Min.csv,https://airquality.cpcb.gov.in/dataRepository/download_file?file_name=Raw_data/15Min/2022/site_5544_Gurdeo_Nagar_Aurangabad_BSPCB_15Min.csv,https://airquality.cpcb.gov.in/dataRepository/download_file?file_name=Raw_data/15Min/2021/site_5544_Gurdeo_Nagar_Aurangabad_BSPCB_15Min.csv,https://airquality.cpcb.gov.in/dataRepository/download_file?file_name=Raw_data/15Min/2020/site_5544_Gurdeo_Nagar_Aurangabad_BSPCB_15Min.csv,https://airquality.cpcb.gov.in/dataRepository/download_file?file_name=Raw_data/15Min/2019/site_5544_Gurdeo_Nagar_Aurangabad_BSPCB_15Min.csv,https://airquality.cpcb.gov.in/dataRepository/download_file?file_name=Raw_data/15Min/2018/site_5544_Gurdeo_Nagar_Aurangabad_BSPCB_15Min.csv,https://airquality.cpcb.gov.in/dataRepository/download_file?file_name=Raw_data/15Min/2017/site_5544_Gurdeo_Nagar_Aurangabad_BSPCB_15Min.csv
site_5545,"Darshan Nagar, Chhapra - BSPCB",Chhapra,Bihar,https://airquality.cpcb.gov.in/dataRepository/download_file?file_name=Raw_data/15Min/2026/site_5545_Darshan_Nagar_Chhapra_BSPCB_15Min.csv,https://airquality.cpcb.gov.in/dataRepository/download_file?file_name=Raw_data/15Min/2025/site_5545_Darshan_Nagar_Chhapra_BSPCB_15Min.csv,https://airquality.cpcb.gov.in/dataRepository/download_file?file_name=Raw_data/15Min/2024/site_5545_Darshan_Nagar_Chhapra_BSPCB_15Min.csv,https://airquality.cpcb.gov.in/dataRepository/download_file?file_name=Raw_data/15Min/2023/site_5545_Darshan_Nagar_Chhapra_BSPCB_15Min.csv,https://airquality.cpcb.gov.in/dataRepository/download_file?file_name=Raw_data/15Min/2022/site_5545_Darshan_Nagar_Chhapra_BSPCB_15Min.csv,https://airquality.cpcb.gov.in/dataRepository/download_file?file_name=Raw_data/15Min/2021/site_5545_Darshan_Nagar_Chhapra_BSPCB_15Min.csv,https://airquality.cpcb.gov.in/dataRepository/download_file?file_name=Raw_data/15Min/2020/site_5545_Darshan_Nagar_Chhapra_BSPCB_15Min.csv,https://airquality.cpcb.gov.in/dataRepository/download_file?file_name=Raw_data/15Min/2019/site_5545_Darshan_Nagar_Chhapra_BSPCB_15Min.csv,https://airquality.cpcb.gov.in/dataRepository/download_file?file_name=Raw_data/15Min/2018/site_5545_Darshan_Nagar_Chhapra_BSPCB_15Min.csv,https://airquality.cpcb.gov.in/dataRepository/download_file?file_name=Raw_data/15Min/2017/site_5545_Darshan_Nagar_Chhapra_BSPCB_15Min.csv
site_5546,"Mirchaibari, Katihar - BSPCB",Katihar,Bihar,https://airquality.cpcb.gov.in/dataRepository/download_file?file_name=Raw_data/15Min/2026/site_5546_Mirchaibari_Katihar_BSPCB_15Min.csv,https://airquality.cpcb.gov.in/dataRepository/download_file?file_name=Raw_data/15Min/2025/site_5546_Mirchaibari_Katihar_BSPCB_15Min.csv,https://airquality.cpcb.gov.in/dataRepository/download_file?file_name=Raw_data/15Min/2024/site_5546_Mirchaibari_Katihar_BSPCB_15Min.csv,https://airquality.cpcb.gov.in/dataRepository/download_file?file_name=Raw_data/15Min/2023/site_5546_Mirchaibari_Katihar_BSPCB_15Min.csv,https://airquality.cpcb.gov.in/dataRepository/download_file?file_name=Raw_data/15Min/2022/site_5546_Mirchaibari_Katihar_BSPCB_15Min.csv,https://airquality.cpcb.gov.in/dataRepository/download_file?file_name=Raw_data/15Min/2021/site_5546_Mirchaibari_Katihar_BSPCB_15Min.csv,https://airquality.cpcb.gov.in/dataRepository/download_file?file_name=Raw_data/15Min/2020/site_5546_Mirchaibari_Katihar_BSPCB_15Min.csv,https://airquality.cpcb.gov.in/dataRepository/download_file?file_name=Raw_data/15Min/2019/site_5546_Mirchaibari_Katihar_BSPCB_15Min.csv,https://airquality.cpcb.gov.in/dataRepository/download_file?file_name=Raw_data/15Min/2018/site_5546_Mirchaibari_Katihar_BSPCB_15Min.csv,https://airquality.cpcb.gov.in/dataRepository/download_file?file_name=Raw_data/15Min/2017/site_5546_Mirchaibari_Katihar_BSPCB_15Min.csv
site_5547,"SDM Office_Khagra, Kishanganj - BSPCB",Kishanganj,Bihar,https://airquality.cpcb.gov.in/dataRepository/download_file?file_name=Raw_data/15Min/2026/site_5547_SDM_Office_Khagra_Kishanganj_BSPCB_15Min.csv,https://airquality.cpcb.gov.in/dataRepository/download_file?file_name=Raw_data/15Min/2025/site_5547_SDM_Office_Khagra_Kishanganj_BSPCB_15Min.csv,https://airquality.cpcb.gov.in/dataRepository/download_file?file_name=Raw_data/15Min/2024/site_5547_SDM_Office_Khagra_Kishanganj_BSPCB_15Min.csv,https://airquality.cpcb.gov.in/dataRepository/download_file?file_name=Raw_data/15Min/2023/site_5547_SDM_Office_Khagra_Kishanganj_BSPCB_15Min.csv,https://airquality.cpcb.gov.in/dataRepository/download_file?file_name=Raw_data/15Min/2022/site_5547_SDM_Office_Khagra_Kishanganj_BSPCB_15Min.csv,https://airquality.cpcb.gov.in/dataRepository/download_file?file_name=Raw_data/15Min/2021/site_5547_SDM_Office_Khagra_Kishanganj_BSPCB_15Min.csv,https://airquality.cpcb.gov.in/dataRepository/download_file?file_name=Raw_data/15Min/2020/site_5547_SDM_Office_Khagra_Kishanganj_BSPCB_15Min.csv,https://airquality.cpcb.gov.in/dataRepository/download_file?file_name=Raw_data/15Min/2019/site_5547_SDM_Office_Khagra_Kishanganj_BSPCB_15Min.csv,https://airquality.cpcb.gov.in/dataRepository/download_file?file_name=Raw_data/15Min/2018/site_5547_SDM_Office_Khagra_Kishanganj_BSPCB_15Min.csv,https://airquality.cpcb.gov.in/dataRepository/download_file?file_name=Raw_data/15Min/2017/site_5547_SDM_Office_Khagra_Kishanganj_BSPCB_15Min.csv
site_5548,"Kareemganj, Gaya - BSPCB",Gaya,Bihar,https://airquality.cpcb.gov.in/dataRepository/download_file?file_name=Raw_data/15Min/2026/site_5548_Kareemganj_Gaya_BSPCB_15Min.csv,https://airquality.cpcb.gov.in/dataRepository/download_file?file_name=Raw_data/15Min/2025/site_5548_Kareemganj_Gaya_BSPCB_15Min.csv,https://airquality.cpcb.gov.in/dataRepository/download_file?file_name=Raw_data/15Min/2024/site_5548_Kareemganj_Gaya_BSPCB_15Min.csv,https://airquality.cpcb.gov.in/dataRepository/download_file?file_name=Raw_data/15Min/2023/site_5548_Kareemganj_Gaya_BSPCB_15Min.csv,https://airquality.cpcb.gov.in/dataRepository/download_file?file_name=Raw_data/15Min/2022/site_5548_Kareemganj_Gaya_BSPCB_15Min.csv,https://airquality.cpcb.gov.in/dataRepository/download_file?file_name=Raw_data/15Min/2021/site_5548_Kareemganj_Gaya_BSPCB_15Min.csv,https://airquality.cpcb.gov.in/dataRepository/download_file?file_name=Raw_data/15Min/2020/site_5548_Kareemganj_Gaya_BSPCB_15Min.csv,https://airquality.cpcb.gov.in/dataRepository/download_file?file_name=Raw_data/15Min/2019/site_5548_Kareemganj_Gaya_BSPCB_15Min.csv,https://airquality.cpcb.gov.in/dataRepository/download_file?file_name=Raw_data/15Min/2018/site_5548_Kareemganj_Gaya_BSPCB_15Min.csv,https://airquality.cpcb.gov.in/dataRepository/download_file?file_name=Raw_data/15Min/2017/site_5548_Kareemganj_Gaya_BSPCB_15Min.csv
site_5549,"Mariam Nagar, Purnia - BSPCB",Purnia,Bihar,https://airquality.cpcb.gov.in/dataRepository/download_file?file_name=Raw_data/15Min/2026/site_5549_Mariam_Nagar_Purnia_BSPCB_15Min.csv,https://airquality.cpcb.gov.in/dataRepository/download_file?file_name=Raw_data/15Min/2025/site_5549_Mariam_Nagar_Purnia_BSPCB_15Min.csv,https://airquality.cpcb.gov.in/dataRepository/download_file?file_name=Raw_data/15Min/2024/site_5549_Mariam_Nagar_Purnia_BSPCB_15Min.csv,https://airquality.cpcb.gov.in/dataRepository/download_file?file_name=Raw_data/15Min/2023/site_5549_Mariam_Nagar_Purnia_BSPCB_15Min.csv,https://airquality.cpcb.gov.in/dataRepository/download_file?file_name=Raw_data/15Min/2022/site_5549_Mariam_Nagar_Purnia_BSPCB_15Min.csv,https://airquality.cpcb.gov.in/dataRepository/download_file?file_name=Raw_data/15Min/2021/site_5549_Mariam_Nagar_Purnia_BSPCB_15Min.csv,https://airquality.cpcb.gov.in/dataRepository/download_file?file_name=Raw_data/15Min/2020/site_5549_Mariam_Nagar_Purnia_BSPCB_15Min.csv,https://airquality.cpcb.gov.in/dataRepository/download_file?file_name=Raw_data/15Min/2019/site_5549_Mariam_Nagar_Purnia_BSPCB_15Min.csv,https://airquality.cpcb.gov.in/dataRepository/download_file?file_name=Raw_data/15Min/2018/site_5549_Mariam_Nagar_Purnia_BSPCB_15Min.csv,https://airquality.cpcb.gov.in/dataRepository/download_file?file_name=Raw_data/15Min/2017/site_5549_Mariam_Nagar_Purnia_BSPCB_15Min.csv
site_5550,"Forest Rest House, Manguraha - BSPCB",Manguraha,Bihar,https://airquality.cpcb.gov.in/dataRepository/download_file?file_name=Raw_data/15Min/2026/site_5550_Forest_Rest_House_Manguraha_BSPCB_15Min.csv,https://airquality.cpcb.gov.in/dataRepository/download_file?file_name=Raw_data/15Min/2025/site_5550_Forest_Rest_House_Manguraha_BSPCB_15Min.csv,https://airquality.cpcb.gov.in/dataRepository/download_file?file_name=Raw_data/15Min/2024/site_5550_Forest_Rest_House_Manguraha_BSPCB_15Min.csv,https://airquality.cpcb.gov.in/dataRepository/download_file?file_name=Raw_data/15Min/2023/site_5550_Forest_Rest_House_Manguraha_BSPCB_15Min.csv,https://airquality.cpcb.gov.in/dataRepository/download_file?file_name=Raw_data/15Min/2022/site_5550_Forest_Rest_House_Manguraha_BSPCB_15Min.csv,https://airquality.cpcb.gov.in/dataRepository/download_file?file_name=Raw_data/15Min/2021/site_5550_Forest_Rest_House_Manguraha_BSPCB_15Min.csv,https://airquality.cpcb.gov.in/dataRepository/download_file?file_name=Raw_data/15Min/2020/site_5550_Forest_Rest_House_Manguraha_BSPCB_15Min.csv,https://airquality.cpcb.gov.in/dataRepository/download_file?file_name=Raw_data/15Min/2019/site_5550_Forest_Rest_House_Manguraha_BSPCB_15Min.csv,https://airquality.cpcb.gov.in/dataRepository/download_file?file_name=Raw_data/15Min/2018/site_5550_Forest_Rest_House_Manguraha_BSPCB_15Min.csv,https://airquality.cpcb.gov.in/dataRepository/download_file?file_name=Raw_data/15Min/2017/site_5550_Forest_Rest_House_Manguraha_BSPCB_15Min.csv
site_5551,"Police Line, Saharsa - BSPCB",Saharsa,Bihar,https://airquality.cpcb.gov.in/dataRepository/download_file?file_name=Raw_data/15Min/2026/site_5551_Police_Line_Saharsa_BSPCB_15Min.csv,https://airquality.cpcb.gov.in/dataRepository/download_file?file_name=Raw_data/15Min/2025/site_5551_Police_Line_Saharsa_BSPCB_15Min.csv,https://airquality.cpcb.gov.in/dataRepository/download_file?file_name=Raw_data/15Min/2024/site_5551_Police_Line_Saharsa_BSPCB_15Min.csv,https://airquality.cpcb.gov.in/dataRepository/download_file?file_name=Raw_data/15Min/2023/site_5551_Police_Line_Saharsa_BSPCB_15Min.csv,https://airquality.cpcb.gov.in/dataRepository/download_file?file_name=Raw_data/15Min/2022/site_5551_Police_Line_Saharsa_BSPCB_15Min.csv,https://airquality.cpcb.gov.in/dataRepository/download_file?file_name=Raw_data/15Min/2021/site_5551_Police_Line_Saharsa_BSPCB_15Min.csv,https://airquality.cpcb.gov.in/dataRepository/download_file?file_name=Raw_data/15Min/2020/site_5551_Police_Line_Saharsa_BSPCB_15Min.csv,https://airquality.cpcb.gov.in/dataRepository/download_file?file_name=Raw_data/15Min/2019/site_5551_Police_Line_Saharsa_BSPCB_15Min.csv,https://airquality.cpcb.gov.in/dataRepository/download_file?file_name=Raw_data/15Min/2018/site_5551_Police_Line_Saharsa_BSPCB_15Min.csv,https://airquality.cpcb.gov.in/dataRepository/download_file?file_name=Raw_data/15Min/2017/site_5551_Police_Line_Saharsa_BSPCB_15Min.csv
site_5552,"DM Office_Kasipur, Samastipur - BSPCB",Samastipur,Bihar,https://airquality.cpcb.gov.in/dataRepository/download_file?file_name=Raw_data/15Min/2026/site_5552_DM_Office_Kasipur_Samastipur_BSPCB_15Min.csv,https://airquality.cpcb.gov.in/dataRepository/download_file?file_name=Raw_data/15Min/2025/site_5552_DM_Office_Kasipur_Samastipur_BSPCB_15Min.csv,https://airquality.cpcb.gov.in/dataRepository/download_file?file_name=Raw_data/15Min/2024/site_5552_DM_Office_Kasipur_Samastipur_BSPCB_15Min.csv,https://airquality.cpcb.gov.in/dataRepository/download_file?file_name=Raw_data/15Min/2023/site_5552_DM_Office_Kasipur_Samastipur_BSPCB_15Min.csv,https://airquality.cpcb.gov.in/dataRepository/download_file?file_name=Raw_data/15Min/2022/site_5552_DM_Office_Kasipur_Samastipur_BSPCB_15Min.csv,https://airquality.cpcb.gov.in/dataRepository/download_file?file_name=Raw_data/15Min/2021/site_5552_DM_Office_Kasipur_Samastipur_BSPCB_15Min.csv,https://airquality.cpcb.gov.in/dataRepository/download_file?file_name=Raw_data/15Min/2020/site_5552_DM_Office_Kasipur_Samastipur_BSPCB_15Min.csv,https://airquality.cpcb.gov.in/dataRepository/download_file?file_name=Raw_data/15Min/2019/site_5552_DM_Office_Kasipur_Samastipur_BSPCB_15Min.csv,https://airquality.cpcb.gov.in/dataRepository/download_file?file_name=Raw_data/15Min/2018/site_5552_DM_Office_Kasipur_Samastipur_BSPCB_15Min.csv,https://airquality.cpcb.gov.in/dataRepository/download_file?file_name=Raw_data/15Min/2017/site_5552_DM_Office_Kasipur_Samastipur_BSPCB_15Min.csv
site_5553,"Chitragupta Nagar, Siwan - BSPCB",Siwan,Bihar,https://airquality.cpcb.gov.in/dataRepository/download_file?file_name=Raw_data/15Min/2026/site_5553_Chitragupta_Nagar_Siwan_BSPCB_15Min.csv,https://airquality.cpcb.gov.in/dataRepository/download_file?file_name=Raw_data/15Min/2025/site_5553_Chitragupta_Nagar_Siwan_BSPCB_15Min.csv,https://airquality.cpcb.gov.in/dataRepository/download_file?file_name=Raw_data/15Min/2024/site_5553_Chitragupta_Nagar_Siwan_BSPCB_15Min.csv,https://airquality.cpcb.gov.in/dataRepository/download_file?file_name=Raw_data/15Min/2023/site_5553_Chitragupta_Nagar_Siwan_BSPCB_15Min.csv,https://airquality.cpcb.gov.in/dataRepository/download_file?file_name=Raw_data/15Min/2022/site_5553_Chitragupta_Nagar_Siwan_BSPCB_15Min.csv,https://airquality.cpcb.gov.in/dataRepository/download_file?file_name=Raw_data/15Min/2021/site_5553_Chitragupta_Nagar_Siwan_BSPCB_15Min.csv,https://airquality.cpcb.gov.in/dataRepository/download_file?file_name=Raw_data/15Min/2020/site_5553_Chitragupta_Nagar_Siwan_BSPCB_15Min.csv,https://airquality.cpcb.gov.in/dataRepository/download_file?file_name=Raw_data/15Min/2019/site_5553_Chitragupta_Nagar_Siwan_BSPCB_15Min.csv,https://airquality.cpcb.gov.in/dataRepository/download_file?file_name=Raw_data/15Min/2018/site_5553_Chitragupta_Nagar_Siwan_BSPCB_15Min.csv,https://airquality.cpcb.gov.in/dataRepository/download_file?file_name=Raw_data/15Min/2017/site_5553_Chitragupta_Nagar_Siwan_BSPCB_15Min.csv
site_5554,"Buddhi Vihar, Moradabad - UPPCB",Moradabad,Uttar Pradesh,https://airquality.cpcb.gov.in/dataRepository/download_file?file_name=Raw_data/15Min/2026/site_5554_Buddhi_Vihar_Moradabad_UPPCB_15Min.csv,https://airquality.cpcb.gov.in/dataRepository/download_file?file_name=Raw_data/15Min/2025/site_5554_Buddhi_Vihar_Moradabad_UPPCB_15Min.csv,https://airquality.cpcb.gov.in/dataRepository/download_file?file_name=Raw_data/15Min/2024/site_5554_Buddhi_Vihar_Moradabad_UPPCB_15Min.csv,https://airquality.cpcb.gov.in/dataRepository/download_file?file_name=Raw_data/15Min/2023/site_5554_Buddhi_Vihar_Moradabad_UPPCB_15Min.csv,https://airquality.cpcb.gov.in/dataRepository/download_file?file_name=Raw_data/15Min/2022/site_5554_Buddhi_Vihar_Moradabad_UPPCB_15Min.csv,https://airquality.cpcb.gov.in/dataRepository/download_file?file_name=Raw_data/15Min/2021/site_5554_Buddhi_Vihar_Moradabad_UPPCB_15Min.csv,https://airquality.cpcb.gov.in/dataRepository/download_file?file_name=Raw_data/15Min/2020/site_5554_Buddhi_Vihar_Moradabad_UPPCB_15Min.csv,https://airquality.cpcb.gov.in/dataRepository/download_file?file_name=Raw_data/15Min/2019/site_5554_Buddhi_Vihar_Moradabad_UPPCB_15Min.csv,https://airquality.cpcb.gov.in/dataRepository/download_file?file_name=Raw_data/15Min/2018/site_5554_Buddhi_Vihar_Moradabad_UPPCB_15Min.csv,https://airquality.cpcb.gov.in/dataRepository/download_file?file_name=Raw_data/15Min/2017/site_5554_Buddhi_Vihar_Moradabad_UPPCB_15Min.csv
site_5555,"Jigar Colony, Moradabad - UPPCB",Moradabad,Uttar Pradesh,https://airquality.cpcb.gov.in/dataRepository/download_file?file_name=Raw_data/15Min/2026/site_5555_Jigar_Colony_Moradabad_UPPCB_15Min.csv,https://airquality.cpcb.gov.in/dataRepository/download_file?file_name=Raw_data/15Min/2025/site_5555_Jigar_Colony_Moradabad_UPPCB_15Min.csv,https://airquality.cpcb.gov.in/dataRepository/download_file?file_name=Raw_data/15Min/2024/site_5555_Jigar_Colony_Moradabad_UPPCB_15Min.csv,https://airquality.cpcb.gov.in/dataRepository/download_file?file_name=Raw_data/15Min/2023/site_5555_Jigar_Colony_Moradabad_UPPCB_15Min.csv,https://airquality.cpcb.gov.in/dataRepository/download_file?file_name=Raw_data/15Min/2022/site_5555_Jigar_Colony_Moradabad_UPPCB_15Min.csv,https://airquality.cpcb.gov.in/dataRepository/download_file?file_name=Raw_data/15Min/2021/site_5555_Jigar_Colony_Moradabad_UPPCB_15Min.csv,https://airquality.cpcb.gov.in/dataRepository/download_file?file_name=Raw_data/15Min/2020/site_5555_Jigar_Colony_Moradabad_UPPCB_15Min.csv,https://airquality.cpcb.gov.in/dataRepository/download_file?file_name=Raw_data/15Min/2019/site_5555_Jigar_Colony_Moradabad_UPPCB_15Min.csv,https://airquality.cpcb.gov.in/dataRepository/download_file?file_name=Raw_data/15Min/2018/site_5555_Jigar_Colony_Moradabad_UPPCB_15Min.csv,https://airquality.cpcb.gov.in/dataRepository/download_file?file_name=Raw_data/15Min/2017/site_5555_Jigar_Colony_Moradabad_UPPCB_15Min.csv
site_5556,"Eco Herbal Park, Moradabad - UPPCB",Moradabad,Uttar Pradesh,https://airquality.cpcb.gov.in/dataRepository/download_file?file_name=Raw_data/15Min/2026/site_5556_Eco_Herbal_Park_Moradabad_UPPCB_15Min.csv,https://airquality.cpcb.gov.in/dataRepository/download_file?file_name=Raw_data/15Min/2025/site_5556_Eco_Herbal_Park_Moradabad_UPPCB_15Min.csv,https://airquality.cpcb.gov.in/dataRepository/download_file?file_name=Raw_data/15Min/2024/site_5556_Eco_Herbal_Park_Moradabad_UPPCB_15Min.csv,https://airquality.cpcb.gov.in/dataRepository/download_file?file_name=Raw_data/15Min/2023/site_5556_Eco_Herbal_Park_Moradabad_UPPCB_15Min.csv,https://airquality.cpcb.gov.in/dataRepository/download_file?file_name=Raw_data/15Min/2022/site_5556_Eco_Herbal_Park_Moradabad_UPPCB_15Min.csv,https://airquality.cpcb.gov.in/dataRepository/download_file?file_name=Raw_data/15Min/2021/site_5556_Eco_Herbal_Park_Moradabad_UPPCB_15Min.csv,https://airquality.cpcb.gov.in/dataRepository/download_file?file_name=Raw_data/15Min/2020/site_5556_Eco_Herbal_Park_Moradabad_UPPCB_15Min.csv,https://airquality.cpcb.gov.in/dataRepository/download_file?file_name=Raw_data/15Min/2019/site_5556_Eco_Herbal_Park_Moradabad_UPPCB_15Min.csv,https://airquality.cpcb.gov.in/dataRepository/download_file?file_name=Raw_data/15Min/2018/site_5556_Eco_Herbal_Park_Moradabad_UPPCB_15Min.csv,https://airquality.cpcb.gov.in/dataRepository/download_file?file_name=Raw_data/15Min/2017/site_5556_Eco_Herbal_Park_Moradabad_UPPCB_15Min.csv
site_5582,"Sector-53, Chandigarh - CPCC",Chandigarh,Chandigarh,,https://airquality.cpcb.gov.in/dataRepository/download_file?file_name=Raw_data/15Min/2025/site_5582_Sector-53_Chandigarh_CPCC_15Min.csv,https://airquality.cpcb.gov.in/dataRepository/download_file?file_name=Raw_data/15Min/2024/site_5582_Sector-53_Chandigarh_CPCC_15Min.csv,https://airquality.cpcb.gov.in/dataRepository/download_file?file_name=Raw_data/15Min/2023/site_5582_Sector-53_Chandigarh_CPCC_15Min.csv,https://airquality.cpcb.gov.in/dataRepository/download_file?file_name=Raw_data/15Min/2022/site_5582_Sector-53_Chandigarh_CPCC_15Min.csv,https://airquality.cpcb.gov.in/dataRepository/download_file?file_name=Raw_data/15Min/2021/site_5582_Sector-53_Chandigarh_CPCC_15Min.csv,https://airquality.cpcb.gov.in/dataRepository/download_file?file_name=Raw_data/15Min/2020/site_5582_Sector-53_Chandigarh_CPCC_15Min.csv,https://airquality.cpcb.gov.in/dataRepository/download_file?file_name=Raw_data/15Min/2019/site_5582_Sector-53_Chandigarh_CPCC_15Min.csv,https://airquality.cpcb.gov.in/dataRepository/download_file?file_name=Raw_data/15Min/2018/site_5582_Sector-53_Chandigarh_CPCC_15Min.csv,https://airquality.cpcb.gov.in/dataRepository/download_file?file_name=Raw_data/15Min/2017/site_5582_Sector-53_Chandigarh_CPCC_15Min.csv
site_5583,"Shivaji Nagar, Jhansi - UPPCB",Jhansi,Uttar Pradesh,https://airquality.cpcb.gov.in/dataRepository/download_file?file_name=Raw_data/15Min/2026/site_5583_Shivaji_Nagar_Jhansi_UPPCB_15Min.csv,https://airquality.cpcb.gov.in/dataRepository/download_file?file_name=Raw_data/15Min/2025/site_5583_Shivaji_Nagar_Jhansi_UPPCB_15Min.csv,https://airquality.cpcb.gov.in/dataRepository/download_file?file_name=Raw_data/15Min/2024/site_5583_Shivaji_Nagar_Jhansi_UPPCB_15Min.csv,https://airquality.cpcb.gov.in/dataRepository/download_file?file_name=Raw_data/15Min/2023/site_5583_Shivaji_Nagar_Jhansi_UPPCB_15Min.csv,https://airquality.cpcb.gov.in/dataRepository/download_file?file_name=Raw_data/15Min/2022/site_5583_Shivaji_Nagar_Jhansi_UPPCB_15Min.csv,https://airquality.cpcb.gov.in/dataRepository/download_file?file_name=Raw_data/15Min/2021/site_5583_Shivaji_Nagar_Jhansi_UPPCB_15Min.csv,https://airquality.cpcb.gov.in/dataRepository/download_file?file_name=Raw_data/15Min/2020/site_5583_Shivaji_Nagar_Jhansi_UPPCB_15Min.csv,https://airquality.cpcb.gov.in/dataRepository/download_file?file_name=Raw_data/15Min/2019/site_5583_Shivaji_Nagar_Jhansi_UPPCB_15Min.csv,https://airquality.cpcb.gov.in/dataRepository/download_file?file_name=Raw_data/15Min/2018/site_5583_Shivaji_Nagar_Jhansi_UPPCB_15Min.csv,https://airquality.cpcb.gov.in/dataRepository/download_file?file_name=Raw_data/15Min/2017/site_5583_Shivaji_Nagar_Jhansi_UPPCB_15Min.csv
site_5584,"Vibhab Nagar, Firozabad - UPPCB",Firozabad,Uttar Pradesh,https://airquality.cpcb.gov.in/dataRepository/download_file?file_name=Raw_data/15Min/2026/site_5584_Vibhab_Nagar_Firozabad_UPPCB_15Min.csv,https://airquality.cpcb.gov.in/dataRepository/download_file?file_name=Raw_data/15Min/2025/site_5584_Vibhab_Nagar_Firozabad_UPPCB_15Min.csv,https://airquality.cpcb.gov.in/dataRepository/download_file?file_name=Raw_data/15Min/2024/site_5584_Vibhab_Nagar_Firozabad_UPPCB_15Min.csv,https://airquality.cpcb.gov.in/dataRepository/download_file?file_name=Raw_data/15Min/2023/site_5584_Vibhab_Nagar_Firozabad_UPPCB_15Min.csv,https://airquality.cpcb.gov.in/dataRepository/download_file?file_name=Raw_data/15Min/2022/site_5584_Vibhab_Nagar_Firozabad_UPPCB_15Min.csv,https://airquality.cpcb.gov.in/dataRepository/download_file?file_name=Raw_data/15Min/2021/site_5584_Vibhab_Nagar_Firozabad_UPPCB_15Min.csv,https://airquality.cpcb.gov.in/dataRepository/download_file?file_name=Raw_data/15Min/2020/site_5584_Vibhab_Nagar_Firozabad_UPPCB_15Min.csv,https://airquality.cpcb.gov.in/dataRepository/download_file?file_name=Raw_data/15Min/2019/site_5584_Vibhab_Nagar_Firozabad_UPPCB_15Min.csv,https://airquality.cpcb.gov.in/dataRepository/download_file?file_name=Raw_data/15Min/2018/site_5584_Vibhab_Nagar_Firozabad_UPPCB_15Min.csv,https://airquality.cpcb.gov.in/dataRepository/download_file?file_name=Raw_data/15Min/2017/site_5584_Vibhab_Nagar_Firozabad_UPPCB_15Min.csv
site_5585,"Sardar Patel Inter College, Baghpat - UPPCB",Baghpat,Uttar Pradesh,https://airquality.cpcb.gov.in/dataRepository/download_file?file_name=Raw_data/15Min/2026/site_5585_Sardar_Patel_Inter_College_Baghpat_UPPCB_15Min.csv,https://airquality.cpcb.gov.in/dataRepository/download_file?file_name=Raw_data/15Min/2025/site_5585_Sardar_Patel_Inter_College_Baghpat_UPPCB_15Min.csv,https://airquality.cpcb.gov.in/dataRepository/download_file?file_name=Raw_data/15Min/2024/site_5585_Sardar_Patel_Inter_College_Baghpat_UPPCB_15Min.csv,https://airquality.cpcb.gov.in/dataRepository/download_file?file_name=Raw_data/15Min/2023/site_5585_Sardar_Patel_Inter_College_Baghpat_UPPCB_15Min.csv,https://airquality.cpcb.gov.in/dataRepository/download_file?file_name=Raw_data/15Min/2022/site_5585_Sardar_Patel_Inter_College_Baghpat_UPPCB_15Min.csv,https://airquality.cpcb.gov.in/dataRepository/download_file?file_name=Raw_data/15Min/2021/site_5585_Sardar_Patel_Inter_College_Baghpat_UPPCB_15Min.csv,https://airquality.cpcb.gov.in/dataRepository/download_file?file_name=Raw_data/15Min/2020/site_5585_Sardar_Patel_Inter_College_Baghpat_UPPCB_15Min.csv,https://airquality.cpcb.gov.in/dataRepository/download_file?file_name=Raw_data/15Min/2019/site_5585_Sardar_Patel_Inter_College_Baghpat_UPPCB_15Min.csv,https://airquality.cpcb.gov.in/dataRepository/download_file?file_name=Raw_data/15Min/2018/site_5585_Sardar_Patel_Inter_College_Baghpat_UPPCB_15Min.csv,https://airquality.cpcb.gov.in/dataRepository/download_file?file_name=Raw_data/15Min/2017/site_5585_Sardar_Patel_Inter_College_Baghpat_UPPCB_15Min.csv
site_5586,"HIMUDA Complex Phase-1, Baddi - HPPCB",Baddi,Himachal Pradesh,,https://airquality.cpcb.gov.in/dataRepository/download_file?file_name=Raw_data/15Min/2025/site_5586_HIMUDA_Complex_Phase-1_Baddi_HPPCB_15Min.csv,https://airquality.cpcb.gov.in/dataRepository/download_file?file_name=Raw_data/15Min/2024/site_5586_HIMUDA_Complex_Phase-1_Baddi_HPPCB_15Min.csv,https://airquality.cpcb.gov.in/dataRepository/download_file?file_name=Raw_data/15Min/2023/site_5586_HIMUDA_Complex_Phase-1_Baddi_HPPCB_15Min.csv,https://airquality.cpcb.gov.in/dataRepository/download_file?file_name=Raw_data/15Min/2022/site_5586_HIMUDA_Complex_Phase-1_Baddi_HPPCB_15Min.csv,https://airquality.cpcb.gov.in/dataRepository/download_file?file_name=Raw_data/15Min/2021/site_5586_HIMUDA_Complex_Phase-1_Baddi_HPPCB_15Min.csv,https://airquality.cpcb.gov.in/dataRepository/download_file?file_name=Raw_data/15Min/2020/site_5586_HIMUDA_Complex_Phase-1_Baddi_HPPCB_15Min.csv,https://airquality.cpcb.gov.in/dataRepository/download_file?file_name=Raw_data/15Min/2019/site_5586_HIMUDA_Complex_Phase-1_Baddi_HPPCB_15Min.csv,https://airquality.cpcb.gov.in/dataRepository/download_file?file_name=Raw_data/15Min/2018/site_5586_HIMUDA_Complex_Phase-1_Baddi_HPPCB_15Min.csv,https://airquality.cpcb.gov.in/dataRepository/download_file?file_name=Raw_data/15Min/2017/site_5586_HIMUDA_Complex_Phase-1_Baddi_HPPCB_15Min.csv
site_5587,"Bardowali, Agartala - Tripura SPCB",Agartala,Tripura,https://airquality.cpcb.gov.in/dataRepository/download_file?file_name=Raw_data/15Min/2026/site_5587_Bardowali_Agartala_Tripura_SPCB_15Min.csv,https://airquality.cpcb.gov.in/dataRepository/download_file?file_name=Raw_data/15Min/2025/site_5587_Bardowali_Agartala_Tripura_SPCB_15Min.csv,https://airquality.cpcb.gov.in/dataRepository/download_file?file_name=Raw_data/15Min/2024/site_5587_Bardowali_Agartala_Tripura_SPCB_15Min.csv,https://airquality.cpcb.gov.in/dataRepository/download_file?file_name=Raw_data/15Min/2023/site_5587_Bardowali_Agartala_Tripura_SPCB_15Min.csv,https://airquality.cpcb.gov.in/dataRepository/download_file?file_name=Raw_data/15Min/2022/site_5587_Bardowali_Agartala_Tripura_SPCB_15Min.csv,https://airquality.cpcb.gov.in/dataRepository/download_file?file_name=Raw_data/15Min/2021/site_5587_Bardowali_Agartala_Tripura_SPCB_15Min.csv,https://airquality.cpcb.gov.in/dataRepository/download_file?file_name=Raw_data/15Min/2020/site_5587_Bardowali_Agartala_Tripura_SPCB_15Min.csv,https://airquality.cpcb.gov.in/dataRepository/download_file?file_name=Raw_data/15Min/2019/site_5587_Bardowali_Agartala_Tripura_SPCB_15Min.csv,https://airquality.cpcb.gov.in/dataRepository/download_file?file_name=Raw_data/15Min/2018/site_5587_Bardowali_Agartala_Tripura_SPCB_15Min.csv,https://airquality.cpcb.gov.in/dataRepository/download_file?file_name=Raw_data/15Min/2017/site_5587_Bardowali_Agartala_Tripura_SPCB_15Min.csv
site_5590,"Zero Point GICI, Gangtok - SSPCB",Gangtok,Sikkim,https://airquality.cpcb.gov.in/dataRepository/download_file?file_name=Raw_data/15Min/2026/site_5590_Zero_Point_GICI_Gangtok_SSPCB_15Min.csv,https://airquality.cpcb.gov.in/dataRepository/download_file?file_name=Raw_data/15Min/2025/site_5590_Zero_Point_GICI_Gangtok_SSPCB_15Min.csv,https://airquality.cpcb.gov.in/dataRepository/download_file?file_name=Raw_data/15Min/2024/site_5590_Zero_Point_GICI_Gangtok_SSPCB_15Min.csv,https://airquality.cpcb.gov.in/dataRepository/download_file?file_name=Raw_data/15Min/2023/site_5590_Zero_Point_GICI_Gangtok_SSPCB_15Min.csv,https://airquality.cpcb.gov.in/dataRepository/download_file?file_name=Raw_data/15Min/2022/site_5590_Zero_Point_GICI_Gangtok_SSPCB_15Min.csv,https://airquality.cpcb.gov.in/dataRepository/download_file?file_name=Raw_data/15Min/2021/site_5590_Zero_Point_GICI_Gangtok_SSPCB_15Min.csv,https://airquality.cpcb.gov.in/dataRepository/download_file?file_name=Raw_data/15Min/2020/site_5590_Zero_Point_GICI_Gangtok_SSPCB_15Min.csv,https://airquality.cpcb.gov.in/dataRepository/download_file?file_name=Raw_data/15Min/2019/site_5590_Zero_Point_GICI_Gangtok_SSPCB_15Min.csv,https://airquality.cpcb.gov.in/dataRepository/download_file?file_name=Raw_data/15Min/2018/site_5590_Zero_Point_GICI_Gangtok_SSPCB_15Min.csv,https://airquality.cpcb.gov.in/dataRepository/download_file?file_name=Raw_data/15Min/2017/site_5590_Zero_Point_GICI_Gangtok_SSPCB_15Min.csv
site_5591,"Manipur University, Imphal - Manipur PCB",Imphal,Manipur,https://airquality.cpcb.gov.in/dataRepository/download_file?file_name=Raw_data/15Min/2026/site_5591_Manipur_University_Imphal_Manipur_PCB_15Min.csv,https://airquality.cpcb.gov.in/dataRepository/download_file?file_name=Raw_data/15Min/2025/site_5591_Manipur_University_Imphal_Manipur_PCB_15Min.csv,https://airquality.cpcb.gov.in/dataRepository/download_file?file_name=Raw_data/15Min/2024/site_5591_Manipur_University_Imphal_Manipur_PCB_15Min.csv,https://airquality.cpcb.gov.in/dataRepository/download_file?file_name=Raw_data/15Min/2023/site_5591_Manipur_University_Imphal_Manipur_PCB_15Min.csv,https://airquality.cpcb.gov.in/dataRepository/download_file?file_name=Raw_data/15Min/2022/site_5591_Manipur_University_Imphal_Manipur_PCB_15Min.csv,https://airquality.cpcb.gov.in/dataRepository/download_file?file_name=Raw_data/15Min/2021/site_5591_Manipur_University_Imphal_Manipur_PCB_15Min.csv,https://airquality.cpcb.gov.in/dataRepository/download_file?file_name=Raw_data/15Min/2020/site_5591_Manipur_University_Imphal_Manipur_PCB_15Min.csv,https://airquality.cpcb.gov.in/dataRepository/download_file?file_name=Raw_data/15Min/2019/site_5591_Manipur_University_Imphal_Manipur_PCB_15Min.csv,https://airquality.cpcb.gov.in/dataRepository/download_file?file_name=Raw_data/15Min/2018/site_5591_Manipur_University_Imphal_Manipur_PCB_15Min.csv,https://airquality.cpcb.gov.in/dataRepository/download_file?file_name=Raw_data/15Min/2017/site_5591_Manipur_University_Imphal_Manipur_PCB_15Min.csv
site_5592,"DM College of Science, Imphal - Manipur PCB",Imphal,Manipur,https://airquality.cpcb.gov.in/dataRepository/download_file?file_name=Raw_data/15Min/2026/site_5592_DM_College_of_Science_Imphal_Manipur_PCB_15Min.csv,https://airquality.cpcb.gov.in/dataRepository/download_file?file_name=Raw_data/15Min/2025/site_5592_DM_College_of_Science_Imphal_Manipur_PCB_15Min.csv,https://airquality.cpcb.gov.in/dataRepository/download_file?file_name=Raw_data/15Min/2024/site_5592_DM_College_of_Science_Imphal_Manipur_PCB_15Min.csv,https://airquality.cpcb.gov.in/dataRepository/download_file?file_name=Raw_data/15Min/2023/site_5592_DM_College_of_Science_Imphal_Manipur_PCB_15Min.csv,https://airquality.cpcb.gov.in/dataRepository/download_file?file_name=Raw_data/15Min/2022/site_5592_DM_College_of_Science_Imphal_Manipur_PCB_15Min.csv,https://airquality.cpcb.gov.in/dataRepository/download_file?file_name=Raw_data/15Min/2021/site_5592_DM_College_of_Science_Imphal_Manipur_PCB_15Min.csv,https://airquality.cpcb.gov.in/dataRepository/download_file?file_name=Raw_data/15Min/2020/site_5592_DM_College_of_Science_Imphal_Manipur_PCB_15Min.csv,https://airquality.cpcb.gov.in/dataRepository/download_file?file_name=Raw_data/15Min/2019/site_5592_DM_College_of_Science_Imphal_Manipur_PCB_15Min.csv,https://airquality.cpcb.gov.in/dataRepository/download_file?file_name=Raw_data/15Min/2018/site_5592_DM_College_of_Science_Imphal_Manipur_PCB_15Min.csv,https://airquality.cpcb.gov.in/dataRepository/download_file?file_name=Raw_data/15Min/2017/site_5592_DM_College_of_Science_Imphal_Manipur_PCB_15Min.csv
site_5593,"JN Stadium, Shillong - Meghalaya PCB",Shillong,Meghalaya,https://airquality.cpcb.gov.in/dataRepository/download_file?file_name=Raw_data/15Min/2026/site_5593_JN_Stadium_Shillong_Meghalaya_PCB_15Min.csv,https://airquality.cpcb.gov.in/dataRepository/download_file?file_name=Raw_data/15Min/2025/site_5593_JN_Stadium_Shillong_Meghalaya_PCB_15Min.csv,https://airquality.cpcb.gov.in/dataRepository/download_file?file_name=Raw_data/15Min/2024/site_5593_JN_Stadium_Shillong_Meghalaya_PCB_15Min.csv,https://airquality.cpcb.gov.in/dataRepository/download_file?file_name=Raw_data/15Min/2023/site_5593_JN_Stadium_Shillong_Meghalaya_PCB_15Min.csv,https://airquality.cpcb.gov.in/dataRepository/download_file?file_name=Raw_data/15Min/2022/site_5593_JN_Stadium_Shillong_Meghalaya_PCB_15Min.csv,https://airquality.cpcb.gov.in/dataRepository/download_file?file_name=Raw_data/15Min/2021/site_5593_JN_Stadium_Shillong_Meghalaya_PCB_15Min.csv,https://airquality.cpcb.gov.in/dataRepository/download_file?file_name=Raw_data/15Min/2020/site_5593_JN_Stadium_Shillong_Meghalaya_PCB_15Min.csv,https://airquality.cpcb.gov.in/dataRepository/download_file?file_name=Raw_data/15Min/2019/site_5593_JN_Stadium_Shillong_Meghalaya_PCB_15Min.csv,https://airquality.cpcb.gov.in/dataRepository/download_file?file_name=Raw_data/15Min/2018/site_5593_JN_Stadium_Shillong_Meghalaya_PCB_15Min.csv,https://airquality.cpcb.gov.in/dataRepository/download_file?file_name=Raw_data/15Min/2017/site_5593_JN_Stadium_Shillong_Meghalaya_PCB_15Min.csv
site_5594,"Doon University, Dehradun - UKPCB",Dehradun,Uttarakhand,https://airquality.cpcb.gov.in/dataRepository/download_file?file_name=Raw_data/15Min/2026/site_5594_Doon_University_Dehradun_UKPCB_15Min.csv,https://airquality.cpcb.gov.in/dataRepository/download_file?file_name=Raw_data/15Min/2025/site_5594_Doon_University_Dehradun_UKPCB_15Min.csv,https://airquality.cpcb.gov.in/dataRepository/download_file?file_name=Raw_data/15Min/2024/site_5594_Doon_University_Dehradun_UKPCB_15Min.csv,https://airquality.cpcb.gov.in/dataRepository/download_file?file_name=Raw_data/15Min/2023/site_5594_Doon_University_Dehradun_UKPCB_15Min.csv,https://airquality.cpcb.gov.in/dataRepository/download_file?file_name=Raw_data/15Min/2022/site_5594_Doon_University_Dehradun_UKPCB_15Min.csv,https://airquality.cpcb.gov.in/dataRepository/download_file?file_name=Raw_data/15Min/2021/site_5594_Doon_University_Dehradun_UKPCB_15Min.csv,https://airquality.cpcb.gov.in/dataRepository/download_file?file_name=Raw_data/15Min/2020/site_5594_Doon_University_Dehradun_UKPCB_15Min.csv,https://airquality.cpcb.gov.in/dataRepository/download_file?file_name=Raw_data/15Min/2019/site_5594_Doon_University_Dehradun_UKPCB_15Min.csv,https://airquality.cpcb.gov.in/dataRepository/download_file?file_name=Raw_data/15Min/2018/site_5594_Doon_University_Dehradun_UKPCB_15Min.csv,https://airquality.cpcb.gov.in/dataRepository/download_file?file_name=Raw_data/15Min/2017/site_5594_Doon_University_Dehradun_UKPCB_15Min.csv
site_5595,"New Malakpet, Hyderabad - TSPCB",Hyderabad,Telangana,https://airquality.cpcb.gov.in/dataRepository/download_file?file_name=Raw_data/15Min/2026/site_5595_New_Malakpet_Hyderabad_TSPCB_15Min.csv,https://airquality.cpcb.gov.in/dataRepository/download_file?file_name=Raw_data/15Min/2025/site_5595_New_Malakpet_Hyderabad_TSPCB_15Min.csv,https://airquality.cpcb.gov.in/dataRepository/download_file?file_name=Raw_data/15Min/2024/site_5595_New_Malakpet_Hyderabad_TSPCB_15Min.csv,https://airquality.cpcb.gov.in/dataRepository/download_file?file_name=Raw_data/15Min/2023/site_5595_New_Malakpet_Hyderabad_TSPCB_15Min.csv,https://airquality.cpcb.gov.in/dataRepository/download_file?file_name=Raw_data/15Min/2022/site_5595_New_Malakpet_Hyderabad_TSPCB_15Min.csv,https://airquality.cpcb.gov.in/dataRepository/download_file?file_name=Raw_data/15Min/2021/site_5595_New_Malakpet_Hyderabad_TSPCB_15Min.csv,https://airquality.cpcb.gov.in/dataRepository/download_file?file_name=Raw_data/15Min/2020/site_5595_New_Malakpet_Hyderabad_TSPCB_15Min.csv,https://airquality.cpcb.gov.in/dataRepository/download_file?file_name=Raw_data/15Min/2019/site_5595_New_Malakpet_Hyderabad_TSPCB_15Min.csv,https://airquality.cpcb.gov.in/dataRepository/download_file?file_name=Raw_data/15Min/2018/site_5595_New_Malakpet_Hyderabad_TSPCB_15Min.csv,https://airquality.cpcb.gov.in/dataRepository/download_file?file_name=Raw_data/15Min/2017/site_5595_New_Malakpet_Hyderabad_TSPCB_15Min.csv
site_5596,"ECIL Kapra, Hyderabad - TSPCB",Hyderabad,Telangana,https://airquality.cpcb.gov.in/dataRepository/download_file?file_name=Raw_data/15Min/2026/site_5596_ECIL_Kapra_Hyderabad_TSPCB_15Min.csv,https://airquality.cpcb.gov.in/dataRepository/download_file?file_name=Raw_data/15Min/2025/site_5596_ECIL_Kapra_Hyderabad_TSPCB_15Min.csv,https://airquality.cpcb.gov.in/dataRepository/download_file?file_name=Raw_data/15Min/2024/site_5596_ECIL_Kapra_Hyderabad_TSPCB_15Min.csv,https://airquality.cpcb.gov.in/dataRepository/download_file?file_name=Raw_data/15Min/2023/site_5596_ECIL_Kapra_Hyderabad_TSPCB_15Min.csv,https://airquality.cpcb.gov.in/dataRepository/download_file?file_name=Raw_data/15Min/2022/site_5596_ECIL_Kapra_Hyderabad_TSPCB_15Min.csv,https://airquality.cpcb.gov.in/dataRepository/download_file?file_name=Raw_data/15Min/2021/site_5596_ECIL_Kapra_Hyderabad_TSPCB_15Min.csv,https://airquality.cpcb.gov.in/dataRepository/download_file?file_name=Raw_data/15Min/2020/site_5596_ECIL_Kapra_Hyderabad_TSPCB_15Min.csv,https://airquality.cpcb.gov.in/dataRepository/download_file?file_name=Raw_data/15Min/2019/site_5596_ECIL_Kapra_Hyderabad_TSPCB_15Min.csv,https://airquality.cpcb.gov.in/dataRepository/download_file?file_name=Raw_data/15Min/2018/site_5596_ECIL_Kapra_Hyderabad_TSPCB_15Min.csv,https://airquality.cpcb.gov.in/dataRepository/download_file?file_name=Raw_data/15Min/2017/site_5596_ECIL_Kapra_Hyderabad_TSPCB_15Min.csv
site_5597,"IITH Kandi, Hyderabad - TSPCB",Hyderabad,Telangana,https://airquality.cpcb.gov.in/dataRepository/download_file?file_name=Raw_data/15Min/2026/site_5597_IITH_Kandi_Hyderabad_TSPCB_15Min.csv,https://airquality.cpcb.gov.in/dataRepository/download_file?file_name=Raw_data/15Min/2025/site_5597_IITH_Kandi_Hyderabad_TSPCB_15Min.csv,https://airquality.cpcb.gov.in/dataRepository/download_file?file_name=Raw_data/15Min/2024/site_5597_IITH_Kandi_Hyderabad_TSPCB_15Min.csv,https://airquality.cpcb.gov.in/dataRepository/download_file?file_name=Raw_data/15Min/2023/site_5597_IITH_Kandi_Hyderabad_TSPCB_15Min.csv,https://airquality.cpcb.gov.in/dataRepository/download_file?file_name=Raw_data/15Min/2022/site_5597_IITH_Kandi_Hyderabad_TSPCB_15Min.csv,https://airquality.cpcb.gov.in/dataRepository/download_file?file_name=Raw_data/15Min/2021/site_5597_IITH_Kandi_Hyderabad_TSPCB_15Min.csv,https://airquality.cpcb.gov.in/dataRepository/download_file?file_name=Raw_data/15Min/2020/site_5597_IITH_Kandi_Hyderabad_TSPCB_15Min.csv,https://airquality.cpcb.gov.in/dataRepository/download_file?file_name=Raw_data/15Min/2019/site_5597_IITH_Kandi_Hyderabad_TSPCB_15Min.csv,https://airquality.cpcb.gov.in/dataRepository/download_file?file_name=Raw_data/15Min/2018/site_5597_IITH_Kandi_Hyderabad_TSPCB_15Min.csv,https://airquality.cpcb.gov.in/dataRepository/download_file?file_name=Raw_data/15Min/2017/site_5597_IITH_Kandi_Hyderabad_TSPCB_15Min.csv
site_5598,"Somajiguda, Hyderabad - TSPCB",Hyderabad,Telangana,https://airquality.cpcb.gov.in/dataRepository/download_file?file_name=Raw_data/15Min/2026/site_5598_Somajiguda_Hyderabad_TSPCB_15Min.csv,https://airquality.cpcb.gov.in/dataRepository/download_file?file_name=Raw_data/15Min/2025/site_5598_Somajiguda_Hyderabad_TSPCB_15Min.csv,https://airquality.cpcb.gov.in/dataRepository/download_file?file_name=Raw_data/15Min/2024/site_5598_Somajiguda_Hyderabad_TSPCB_15Min.csv,https://airquality.cpcb.gov.in/dataRepository/download_file?file_name=Raw_data/15Min/2023/site_5598_Somajiguda_Hyderabad_TSPCB_15Min.csv,https://airquality.cpcb.gov.in/dataRepository/download_file?file_name=Raw_data/15Min/2022/site_5598_Somajiguda_Hyderabad_TSPCB_15Min.csv,https://airquality.cpcb.gov.in/dataRepository/download_file?file_name=Raw_data/15Min/2021/site_5598_Somajiguda_Hyderabad_TSPCB_15Min.csv,https://airquality.cpcb.gov.in/dataRepository/download_file?file_name=Raw_data/15Min/2020/site_5598_Somajiguda_Hyderabad_TSPCB_15Min.csv,https://airquality.cpcb.gov.in/dataRepository/download_file?file_name=Raw_data/15Min/2019/site_5598_Somajiguda_Hyderabad_TSPCB_15Min.csv,https://airquality.cpcb.gov.in/dataRepository/download_file?file_name=Raw_data/15Min/2018/site_5598_Somajiguda_Hyderabad_TSPCB_15Min.csv,https://airquality.cpcb.gov.in/dataRepository/download_file?file_name=Raw_data/15Min/2017/site_5598_Somajiguda_Hyderabad_TSPCB_15Min.csv
site_5599,"Kompally Municipal Office, Hyderabad - TSPCB",Hyderabad,Telangana,https://airquality.cpcb.gov.in/dataRepository/download_file?file_name=Raw_data/15Min/2026/site_5599_Kompally_Municipal_Office_Hyderabad_TSPCB_15Min.csv,https://airquality.cpcb.gov.in/dataRepository/download_file?file_name=Raw_data/15Min/2025/site_5599_Kompally_Municipal_Office_Hyderabad_TSPCB_15Min.csv,https://airquality.cpcb.gov.in/dataRepository/download_file?file_name=Raw_data/15Min/2024/site_5599_Kompally_Municipal_Office_Hyderabad_TSPCB_15Min.csv,https://airquality.cpcb.gov.in/dataRepository/download_file?file_name=Raw_data/15Min/2023/site_5599_Kompally_Municipal_Office_Hyderabad_TSPCB_15Min.csv,https://airquality.cpcb.gov.in/dataRepository/download_file?file_name=Raw_data/15Min/2022/site_5599_Kompally_Municipal_Office_Hyderabad_TSPCB_15Min.csv,https://airquality.cpcb.gov.in/dataRepository/download_file?file_name=Raw_data/15Min/2021/site_5599_Kompally_Municipal_Office_Hyderabad_TSPCB_15Min.csv,https://airquality.cpcb.gov.in/dataRepository/download_file?file_name=Raw_data/15Min/2020/site_5599_Kompally_Municipal_Office_Hyderabad_TSPCB_15Min.csv,https://airquality.cpcb.gov.in/dataRepository/download_file?file_name=Raw_data/15Min/2019/site_5599_Kompally_Municipal_Office_Hyderabad_TSPCB_15Min.csv,https://airquality.cpcb.gov.in/dataRepository/download_file?file_name=Raw_data/15Min/2018/site_5599_Kompally_Municipal_Office_Hyderabad_TSPCB_15Min.csv,https://airquality.cpcb.gov.in/dataRepository/download_file?file_name=Raw_data/15Min/2017/site_5599_Kompally_Municipal_Office_Hyderabad_TSPCB_15Min.csv
site_5600,"Nacharam_TSIIC IALA, Hyderabad - TSPCB",Hyderabad,Telangana,https://airquality.cpcb.gov.in/dataRepository/download_file?file_name=Raw_data/15Min/2026/site_5600_Nacharam_TSIIC_IALA_Hyderabad_TSPCB_15Min.csv,https://airquality.cpcb.gov.in/dataRepository/download_file?file_name=Raw_data/15Min/2025/site_5600_Nacharam_TSIIC_IALA_Hyderabad_TSPCB_15Min.csv,https://airquality.cpcb.gov.in/dataRepository/download_file?file_name=Raw_data/15Min/2024/site_5600_Nacharam_TSIIC_IALA_Hyderabad_TSPCB_15Min.csv,https://airquality.cpcb.gov.in/dataRepository/download_file?file_name=Raw_data/15Min/2023/site_5600_Nacharam_TSIIC_IALA_Hyderabad_TSPCB_15Min.csv,https://airquality.cpcb.gov.in/dataRepository/download_file?file_name=Raw_data/15Min/2022/site_5600_Nacharam_TSIIC_IALA_Hyderabad_TSPCB_15Min.csv,https://airquality.cpcb.gov.in/dataRepository/download_file?file_name=Raw_data/15Min/2021/site_5600_Nacharam_TSIIC_IALA_Hyderabad_TSPCB_15Min.csv,https://airquality.cpcb.gov.in/dataRepository/download_file?file_name=Raw_data/15Min/2020/site_5600_Nacharam_TSIIC_IALA_Hyderabad_TSPCB_15Min.csv,https://airquality.cpcb.gov.in/dataRepository/download_file?file_name=Raw_data/15Min/2019/site_5600_Nacharam_TSIIC_IALA_Hyderabad_TSPCB_15Min.csv,https://airquality.cpcb.gov.in/dataRepository/download_file?file_name=Raw_data/15Min/2018/site_5600_Nacharam_TSIIC_IALA_Hyderabad_TSPCB_15Min.csv,https://airquality.cpcb.gov.in/dataRepository/download_file?file_name=Raw_data/15Min/2017/site_5600_Nacharam_TSIIC_IALA_Hyderabad_TSPCB_15Min.csv
site_5601,"Rajendra Nagar, Bareilly - UPPCB",Bareilly,Uttar Pradesh,https://airquality.cpcb.gov.in/dataRepository/download_file?file_name=Raw_data/15Min/2026/site_5601_Rajendra_Nagar_Bareilly_UPPCB_15Min.csv,https://airquality.cpcb.gov.in/dataRepository/download_file?file_name=Raw_data/15Min/2025/site_5601_Rajendra_Nagar_Bareilly_UPPCB_15Min.csv,https://airquality.cpcb.gov.in/dataRepository/download_file?file_name=Raw_data/15Min/2024/site_5601_Rajendra_Nagar_Bareilly_UPPCB_15Min.csv,https://airquality.cpcb.gov.in/dataRepository/download_file?file_name=Raw_data/15Min/2023/site_5601_Rajendra_Nagar_Bareilly_UPPCB_15Min.csv,https://airquality.cpcb.gov.in/dataRepository/download_file?file_name=Raw_data/15Min/2022/site_5601_Rajendra_Nagar_Bareilly_UPPCB_15Min.csv,https://airquality.cpcb.gov.in/dataRepository/download_file?file_name=Raw_data/15Min/2021/site_5601_Rajendra_Nagar_Bareilly_UPPCB_15Min.csv,https://airquality.cpcb.gov.in/dataRepository/download_file?file_name=Raw_data/15Min/2020/site_5601_Rajendra_Nagar_Bareilly_UPPCB_15Min.csv,https://airquality.cpcb.gov.in/dataRepository/download_file?file_name=Raw_data/15Min/2019/site_5601_Rajendra_Nagar_Bareilly_UPPCB_15Min.csv,https://airquality.cpcb.gov.in/dataRepository/download_file?file_name=Raw_data/15Min/2018/site_5601_Rajendra_Nagar_Bareilly_UPPCB_15Min.csv,https://airquality.cpcb.gov.in/dataRepository/download_file?file_name=Raw_data/15Min/2017/site_5601_Rajendra_Nagar_Bareilly_UPPCB_15Min.csv
site_5602,"Ramachandrapuram, Hyderabad - TSPCB",Hyderabad,Telangana,https://airquality.cpcb.gov.in/dataRepository/download_file?file_name=Raw_data/15Min/2026/site_5602_Ramachandrapuram_Hyderabad_TSPCB_15Min.csv,https://airquality.cpcb.gov.in/dataRepository/download_file?file_name=Raw_data/15Min/2025/site_5602_Ramachandrapuram_Hyderabad_TSPCB_15Min.csv,https://airquality.cpcb.gov.in/dataRepository/download_file?file_name=Raw_data/15Min/2024/site_5602_Ramachandrapuram_Hyderabad_TSPCB_15Min.csv,https://airquality.cpcb.gov.in/dataRepository/download_file?file_name=Raw_data/15Min/2023/site_5602_Ramachandrapuram_Hyderabad_TSPCB_15Min.csv,https://airquality.cpcb.gov.in/dataRepository/download_file?file_name=Raw_data/15Min/2022/site_5602_Ramachandrapuram_Hyderabad_TSPCB_15Min.csv,https://airquality.cpcb.gov.in/dataRepository/download_file?file_name=Raw_data/15Min/2021/site_5602_Ramachandrapuram_Hyderabad_TSPCB_15Min.csv,https://airquality.cpcb.gov.in/dataRepository/download_file?file_name=Raw_data/15Min/2020/site_5602_Ramachandrapuram_Hyderabad_TSPCB_15Min.csv,https://airquality.cpcb.gov.in/dataRepository/download_file?file_name=Raw_data/15Min/2019/site_5602_Ramachandrapuram_Hyderabad_TSPCB_15Min.csv,https://airquality.cpcb.gov.in/dataRepository/download_file?file_name=Raw_data/15Min/2018/site_5602_Ramachandrapuram_Hyderabad_TSPCB_15Min.csv,https://airquality.cpcb.gov.in/dataRepository/download_file?file_name=Raw_data/15Min/2017/site_5602_Ramachandrapuram_Hyderabad_TSPCB_15Min.csv
site_5603,"Kalindi Kunj, Khurja - UPPCB",Khurja,Uttar Pradesh,https://airquality.cpcb.gov.in/dataRepository/download_file?file_name=Raw_data/15Min/2026/site_5603_Kalindi_Kunj_Khurja_UPPCB_15Min.csv,https://airquality.cpcb.gov.in/dataRepository/download_file?file_name=Raw_data/15Min/2025/site_5603_Kalindi_Kunj_Khurja_UPPCB_15Min.csv,https://airquality.cpcb.gov.in/dataRepository/download_file?file_name=Raw_data/15Min/2024/site_5603_Kalindi_Kunj_Khurja_UPPCB_15Min.csv,https://airquality.cpcb.gov.in/dataRepository/download_file?file_name=Raw_data/15Min/2023/site_5603_Kalindi_Kunj_Khurja_UPPCB_15Min.csv,https://airquality.cpcb.gov.in/dataRepository/download_file?file_name=Raw_data/15Min/2022/site_5603_Kalindi_Kunj_Khurja_UPPCB_15Min.csv,https://airquality.cpcb.gov.in/dataRepository/download_file?file_name=Raw_data/15Min/2021/site_5603_Kalindi_Kunj_Khurja_UPPCB_15Min.csv,https://airquality.cpcb.gov.in/dataRepository/download_file?file_name=Raw_data/15Min/2020/site_5603_Kalindi_Kunj_Khurja_UPPCB_15Min.csv,https://airquality.cpcb.gov.in/dataRepository/download_file?file_name=Raw_data/15Min/2019/site_5603_Kalindi_Kunj_Khurja_UPPCB_15Min.csv,https://airquality.cpcb.gov.in/dataRepository/download_file?file_name=Raw_data/15Min/2018/site_5603_Kalindi_Kunj_Khurja_UPPCB_15Min.csv,https://airquality.cpcb.gov.in/dataRepository/download_file?file_name=Raw_data/15Min/2017/site_5603_Kalindi_Kunj_Khurja_UPPCB_15Min.csv
site_5604,"Kokapet, Hyderabad - TSPCB",Hyderabad,Telangana,https://airquality.cpcb.gov.in/dataRepository/download_file?file_name=Raw_data/15Min/2026/site_5604_Kokapet_Hyderabad_TSPCB_15Min.csv,https://airquality.cpcb.gov.in/dataRepository/download_file?file_name=Raw_data/15Min/2025/site_5604_Kokapet_Hyderabad_TSPCB_15Min.csv,https://airquality.cpcb.gov.in/dataRepository/download_file?file_name=Raw_data/15Min/2024/site_5604_Kokapet_Hyderabad_TSPCB_15Min.csv,https://airquality.cpcb.gov.in/dataRepository/download_file?file_name=Raw_data/15Min/2023/site_5604_Kokapet_Hyderabad_TSPCB_15Min.csv,https://airquality.cpcb.gov.in/dataRepository/download_file?file_name=Raw_data/15Min/2022/site_5604_Kokapet_Hyderabad_TSPCB_15Min.csv,https://airquality.cpcb.gov.in/dataRepository/download_file?file_name=Raw_data/15Min/2021/site_5604_Kokapet_Hyderabad_TSPCB_15Min.csv,https://airquality.cpcb.gov.in/dataRepository/download_file?file_name=Raw_data/15Min/2020/site_5604_Kokapet_Hyderabad_TSPCB_15Min.csv,https://airquality.cpcb.gov.in/dataRepository/download_file?file_name=Raw_data/15Min/2019/site_5604_Kokapet_Hyderabad_TSPCB_15Min.csv,https://airquality.cpcb.gov.in/dataRepository/download_file?file_name=Raw_data/15Min/2018/site_5604_Kokapet_Hyderabad_TSPCB_15Min.csv,https://airquality.cpcb.gov.in/dataRepository/download_file?file_name=Raw_data/15Min/2017/site_5604_Kokapet_Hyderabad_TSPCB_15Min.csv
site_5605,"Crescent University, Chengalpattu - TNPCB",Chengalpattu,Tamil Nadu,https://airquality.cpcb.gov.in/dataRepository/download_file?file_name=Raw_data/15Min/2026/site_5605_Crescent_University_Chengalpattu_TNPCB_15Min.csv,https://airquality.cpcb.gov.in/dataRepository/download_file?file_name=Raw_data/15Min/2025/site_5605_Crescent_University_Chengalpattu_TNPCB_15Min.csv,https://airquality.cpcb.gov.in/dataRepository/download_file?file_name=Raw_data/15Min/2024/site_5605_Crescent_University_Chengalpattu_TNPCB_15Min.csv,https://airquality.cpcb.gov.in/dataRepository/download_file?file_name=Raw_data/15Min/2023/site_5605_Crescent_University_Chengalpattu_TNPCB_15Min.csv,https://airquality.cpcb.gov.in/dataRepository/download_file?file_name=Raw_data/15Min/2022/site_5605_Crescent_University_Chengalpattu_TNPCB_15Min.csv,https://airquality.cpcb.gov.in/dataRepository/download_file?file_name=Raw_data/15Min/2021/site_5605_Crescent_University_Chengalpattu_TNPCB_15Min.csv,https://airquality.cpcb.gov.in/dataRepository/download_file?file_name=Raw_data/15Min/2020/site_5605_Crescent_University_Chengalpattu_TNPCB_15Min.csv,https://airquality.cpcb.gov.in/dataRepository/download_file?file_name=Raw_data/15Min/2019/site_5605_Crescent_University_Chengalpattu_TNPCB_15Min.csv,https://airquality.cpcb.gov.in/dataRepository/download_file?file_name=Raw_data/15Min/2018/site_5605_Crescent_University_Chengalpattu_TNPCB_15Min.csv,https://airquality.cpcb.gov.in/dataRepository/download_file?file_name=Raw_data/15Min/2017/site_5605_Crescent_University_Chengalpattu_TNPCB_15Min.csv
site_5606,"Keelapalur, Ariyalur - TNPCB",Ariyalur,Tamil Nadu,https://airquality.cpcb.gov.in/dataRepository/download_file?file_name=Raw_data/15Min/2026/site_5606_Keelapalur_Ariyalur_TNPCB_15Min.csv,https://airquality.cpcb.gov.in/dataRepository/download_file?file_name=Raw_data/15Min/2025/site_5606_Keelapalur_Ariyalur_TNPCB_15Min.csv,https://airquality.cpcb.gov.in/dataRepository/download_file?file_name=Raw_data/15Min/2024/site_5606_Keelapalur_Ariyalur_TNPCB_15Min.csv,https://airquality.cpcb.gov.in/dataRepository/download_file?file_name=Raw_data/15Min/2023/site_5606_Keelapalur_Ariyalur_TNPCB_15Min.csv,https://airquality.cpcb.gov.in/dataRepository/download_file?file_name=Raw_data/15Min/2022/site_5606_Keelapalur_Ariyalur_TNPCB_15Min.csv,https://airquality.cpcb.gov.in/dataRepository/download_file?file_name=Raw_data/15Min/2021/site_5606_Keelapalur_Ariyalur_TNPCB_15Min.csv,https://airquality.cpcb.gov.in/dataRepository/download_file?file_name=Raw_data/15Min/2020/site_5606_Keelapalur_Ariyalur_TNPCB_15Min.csv,https://airquality.cpcb.gov.in/dataRepository/download_file?file_name=Raw_data/15Min/2019/site_5606_Keelapalur_Ariyalur_TNPCB_15Min.csv,https://airquality.cpcb.gov.in/dataRepository/download_file?file_name=Raw_data/15Min/2018/site_5606_Keelapalur_Ariyalur_TNPCB_15Min.csv,https://airquality.cpcb.gov.in/dataRepository/download_file?file_name=Raw_data/15Min/2017/site_5606_Keelapalur_Ariyalur_TNPCB_15Min.csv
site_5607,"Kumaran College, Tirupur - TNPCB",Tirupur,Tamil Nadu,https://airquality.cpcb.gov.in/dataRepository/download_file?file_name=Raw_data/15Min/2026/site_5607_Kumaran_College_Tirupur_TNPCB_15Min.csv,https://airquality.cpcb.gov.in/dataRepository/download_file?file_name=Raw_data/15Min/2025/site_5607_Kumaran_College_Tirupur_TNPCB_15Min.csv,https://airquality.cpcb.gov.in/dataRepository/download_file?file_name=Raw_data/15Min/2024/site_5607_Kumaran_College_Tirupur_TNPCB_15Min.csv,https://airquality.cpcb.gov.in/dataRepository/download_file?file_name=Raw_data/15Min/2023/site_5607_Kumaran_College_Tirupur_TNPCB_15Min.csv,https://airquality.cpcb.gov.in/dataRepository/download_file?file_name=Raw_data/15Min/2022/site_5607_Kumaran_College_Tirupur_TNPCB_15Min.csv,https://airquality.cpcb.gov.in/dataRepository/download_file?file_name=Raw_data/15Min/2021/site_5607_Kumaran_College_Tirupur_TNPCB_15Min.csv,https://airquality.cpcb.gov.in/dataRepository/download_file?file_name=Raw_data/15Min/2020/site_5607_Kumaran_College_Tirupur_TNPCB_15Min.csv,https://airquality.cpcb.gov.in/dataRepository/download_file?file_name=Raw_data/15Min/2019/site_5607_Kumaran_College_Tirupur_TNPCB_15Min.csv,https://airquality.cpcb.gov.in/dataRepository/download_file?file_name=Raw_data/15Min/2018/site_5607_Kumaran_College_Tirupur_TNPCB_15Min.csv,https://airquality.cpcb.gov.in/dataRepository/download_file?file_name=Raw_data/15Min/2017/site_5607_Kumaran_College_Tirupur_TNPCB_15Min.csv
site_5608,"Mendonsa Colony, Dindigul - TNPCB",Dindigul,Tamil Nadu,https://airquality.cpcb.gov.in/dataRepository/download_file?file_name=Raw_data/15Min/2026/site_5608_Mendonsa_Colony_Dindigul_TNPCB_15Min.csv,https://airquality.cpcb.gov.in/dataRepository/download_file?file_name=Raw_data/15Min/2025/site_5608_Mendonsa_Colony_Dindigul_TNPCB_15Min.csv,https://airquality.cpcb.gov.in/dataRepository/download_file?file_name=Raw_data/15Min/2024/site_5608_Mendonsa_Colony_Dindigul_TNPCB_15Min.csv,https://airquality.cpcb.gov.in/dataRepository/download_file?file_name=Raw_data/15Min/2023/site_5608_Mendonsa_Colony_Dindigul_TNPCB_15Min.csv,https://airquality.cpcb.gov.in/dataRepository/download_file?file_name=Raw_data/15Min/2022/site_5608_Mendonsa_Colony_Dindigul_TNPCB_15Min.csv,https://airquality.cpcb.gov.in/dataRepository/download_file?file_name=Raw_data/15Min/2021/site_5608_Mendonsa_Colony_Dindigul_TNPCB_15Min.csv,https://airquality.cpcb.gov.in/dataRepository/download_file?file_name=Raw_data/15Min/2020/site_5608_Mendonsa_Colony_Dindigul_TNPCB_15Min.csv,https://airquality.cpcb.gov.in/dataRepository/download_file?file_name=Raw_data/15Min/2019/site_5608_Mendonsa_Colony_Dindigul_TNPCB_15Min.csv,https://airquality.cpcb.gov.in/dataRepository/download_file?file_name=Raw_data/15Min/2018/site_5608_Mendonsa_Colony_Dindigul_TNPCB_15Min.csv,https://airquality.cpcb.gov.in/dataRepository/download_file?file_name=Raw_data/15Min/2017/site_5608_Mendonsa_Colony_Dindigul_TNPCB_15Min.csv
site_5609,"Municipal Corporation Office, Tirunelveli - TNPCB",Tirunelveli,Tamil Nadu,https://airquality.cpcb.gov.in/dataRepository/download_file?file_name=Raw_data/15Min/2026/site_5609_Municipal_Corporation_Office_Tirunelveli_TNPCB_15Min.csv,https://airquality.cpcb.gov.in/dataRepository/download_file?file_name=Raw_data/15Min/2025/site_5609_Municipal_Corporation_Office_Tirunelveli_TNPCB_15Min.csv,https://airquality.cpcb.gov.in/dataRepository/download_file?file_name=Raw_data/15Min/2024/site_5609_Municipal_Corporation_Office_Tirunelveli_TNPCB_15Min.csv,https://airquality.cpcb.gov.in/dataRepository/download_file?file_name=Raw_data/15Min/2023/site_5609_Municipal_Corporation_Office_Tirunelveli_TNPCB_15Min.csv,https://airquality.cpcb.gov.in/dataRepository/download_file?file_name=Raw_data/15Min/2022/site_5609_Municipal_Corporation_Office_Tirunelveli_TNPCB_15Min.csv,https://airquality.cpcb.gov.in/dataRepository/download_file?file_name=Raw_data/15Min/2021/site_5609_Municipal_Corporation_Office_Tirunelveli_TNPCB_15Min.csv,https://airquality.cpcb.gov.in/dataRepository/download_file?file_name=Raw_data/15Min/2020/site_5609_Municipal_Corporation_Office_Tirunelveli_TNPCB_15Min.csv,https://airquality.cpcb.gov.in/dataRepository/download_file?file_name=Raw_data/15Min/2019/site_5609_Municipal_Corporation_Office_Tirunelveli_TNPCB_15Min.csv,https://airquality.cpcb.gov.in/dataRepository/download_file?file_name=Raw_data/15Min/2018/site_5609_Municipal_Corporation_Office_Tirunelveli_TNPCB_15Min.csv,https://airquality.cpcb.gov.in/dataRepository/download_file?file_name=Raw_data/15Min/2017/site_5609_Municipal_Corporation_Office_Tirunelveli_TNPCB_15Min.csv
site_5610,"Parisutham Nagar, Thanjavur - TNPCB",Thanjavur,Tamil Nadu,https://airquality.cpcb.gov.in/dataRepository/download_file?file_name=Raw_data/15Min/2026/site_5610_Parisutham_Nagar_Thanjavur_TNPCB_15Min.csv,https://airquality.cpcb.gov.in/dataRepository/download_file?file_name=Raw_data/15Min/2025/site_5610_Parisutham_Nagar_Thanjavur_TNPCB_15Min.csv,https://airquality.cpcb.gov.in/dataRepository/download_file?file_name=Raw_data/15Min/2024/site_5610_Parisutham_Nagar_Thanjavur_TNPCB_15Min.csv,https://airquality.cpcb.gov.in/dataRepository/download_file?file_name=Raw_data/15Min/2023/site_5610_Parisutham_Nagar_Thanjavur_TNPCB_15Min.csv,https://airquality.cpcb.gov.in/dataRepository/download_file?file_name=Raw_data/15Min/2022/site_5610_Parisutham_Nagar_Thanjavur_TNPCB_15Min.csv,https://airquality.cpcb.gov.in/dataRepository/download_file?file_name=Raw_data/15Min/2021/site_5610_Parisutham_Nagar_Thanjavur_TNPCB_15Min.csv,https://airquality.cpcb.gov.in/dataRepository/download_file?file_name=Raw_data/15Min/2020/site_5610_Parisutham_Nagar_Thanjavur_TNPCB_15Min.csv,https://airquality.cpcb.gov.in/dataRepository/download_file?file_name=Raw_data/15Min/2019/site_5610_Parisutham_Nagar_Thanjavur_TNPCB_15Min.csv,https://airquality.cpcb.gov.in/dataRepository/download_file?file_name=Raw_data/15Min/2018/site_5610_Parisutham_Nagar_Thanjavur_TNPCB_15Min.csv,https://airquality.cpcb.gov.in/dataRepository/download_file?file_name=Raw_data/15Min/2017/site_5610_Parisutham_Nagar_Thanjavur_TNPCB_15Min.csv
site_5611,"Semmandalam, Cuddalore - TNPCB",Cuddalore,Tamil Nadu,https://airquality.cpcb.gov.in/dataRepository/download_file?file_name=Raw_data/15Min/2026/site_5611_Semmandalam_Cuddalore_TNPCB_15Min.csv,https://airquality.cpcb.gov.in/dataRepository/download_file?file_name=Raw_data/15Min/2025/site_5611_Semmandalam_Cuddalore_TNPCB_15Min.csv,https://airquality.cpcb.gov.in/dataRepository/download_file?file_name=Raw_data/15Min/2024/site_5611_Semmandalam_Cuddalore_TNPCB_15Min.csv,https://airquality.cpcb.gov.in/dataRepository/download_file?file_name=Raw_data/15Min/2023/site_5611_Semmandalam_Cuddalore_TNPCB_15Min.csv,https://airquality.cpcb.gov.in/dataRepository/download_file?file_name=Raw_data/15Min/2022/site_5611_Semmandalam_Cuddalore_TNPCB_15Min.csv,https://airquality.cpcb.gov.in/dataRepository/download_file?file_name=Raw_data/15Min/2021/site_5611_Semmandalam_Cuddalore_TNPCB_15Min.csv,https://airquality.cpcb.gov.in/dataRepository/download_file?file_name=Raw_data/15Min/2020/site_5611_Semmandalam_Cuddalore_TNPCB_15Min.csv,https://airquality.cpcb.gov.in/dataRepository/download_file?file_name=Raw_data/15Min/2019/site_5611_Semmandalam_Cuddalore_TNPCB_15Min.csv,https://airquality.cpcb.gov.in/dataRepository/download_file?file_name=Raw_data/15Min/2018/site_5611_Semmandalam_Cuddalore_TNPCB_15Min.csv,https://airquality.cpcb.gov.in/dataRepository/download_file?file_name=Raw_data/15Min/2017/site_5611_Semmandalam_Cuddalore_TNPCB_15Min.csv
site_5612,"SIPCOT Phase-1, Hosur - TNPCB",Hosur,Tamil Nadu,,https://airquality.cpcb.gov.in/dataRepository/download_file?file_name=Raw_data/15Min/2025/site_5612_SIPCOT_Phase-1_Hosur_TNPCB_15Min.csv,https://airquality.cpcb.gov.in/dataRepository/download_file?file_name=Raw_data/15Min/2024/site_5612_SIPCOT_Phase-1_Hosur_TNPCB_15Min.csv,https://airquality.cpcb.gov.in/dataRepository/download_file?file_name=Raw_data/15Min/2023/site_5612_SIPCOT_Phase-1_Hosur_TNPCB_15Min.csv,https://airquality.cpcb.gov.in/dataRepository/download_file?file_name=Raw_data/15Min/2022/site_5612_SIPCOT_Phase-1_Hosur_TNPCB_15Min.csv,https://airquality.cpcb.gov.in/dataRepository/download_file?file_name=Raw_data/15Min/2021/site_5612_SIPCOT_Phase-1_Hosur_TNPCB_15Min.csv,https://airquality.cpcb.gov.in/dataRepository/download_file?file_name=Raw_data/15Min/2020/site_5612_SIPCOT_Phase-1_Hosur_TNPCB_15Min.csv,https://airquality.cpcb.gov.in/dataRepository/download_file?file_name=Raw_data/15Min/2019/site_5612_SIPCOT_Phase-1_Hosur_TNPCB_15Min.csv,https://airquality.cpcb.gov.in/dataRepository/download_file?file_name=Raw_data/15Min/2018/site_5612_SIPCOT_Phase-1_Hosur_TNPCB_15Min.csv,https://airquality.cpcb.gov.in/dataRepository/download_file?file_name=Raw_data/15Min/2017/site_5612_SIPCOT_Phase-1_Hosur_TNPCB_15Min.csv
site_5613,"Transport Nagar, Moradabad - UPPCB",Moradabad,Uttar Pradesh,https://airquality.cpcb.gov.in/dataRepository/download_file?file_name=Raw_data/15Min/2026/site_5613_Transport_Nagar_Moradabad_UPPCB_15Min.csv,https://airquality.cpcb.gov.in/dataRepository/download_file?file_name=Raw_data/15Min/2025/site_5613_Transport_Nagar_Moradabad_UPPCB_15Min.csv,https://airquality.cpcb.gov.in/dataRepository/download_file?file_name=Raw_data/15Min/2024/site_5613_Transport_Nagar_Moradabad_UPPCB_15Min.csv,https://airquality.cpcb.gov.in/dataRepository/download_file?file_name=Raw_data/15Min/2023/site_5613_Transport_Nagar_Moradabad_UPPCB_15Min.csv,https://airquality.cpcb.gov.in/dataRepository/download_file?file_name=Raw_data/15Min/2022/site_5613_Transport_Nagar_Moradabad_UPPCB_15Min.csv,https://airquality.cpcb.gov.in/dataRepository/download_file?file_name=Raw_data/15Min/2021/site_5613_Transport_Nagar_Moradabad_UPPCB_15Min.csv,https://airquality.cpcb.gov.in/dataRepository/download_file?file_name=Raw_data/15Min/2020/site_5613_Transport_Nagar_Moradabad_UPPCB_15Min.csv,https://airquality.cpcb.gov.in/dataRepository/download_file?file_name=Raw_data/15Min/2019/site_5613_Transport_Nagar_Moradabad_UPPCB_15Min.csv,https://airquality.cpcb.gov.in/dataRepository/download_file?file_name=Raw_data/15Min/2018/site_5613_Transport_Nagar_Moradabad_UPPCB_15Min.csv,https://airquality.cpcb.gov.in/dataRepository/download_file?file_name=Raw_data/15Min/2017/site_5613_Transport_Nagar_Moradabad_UPPCB_15Min.csv
site_5614,"Uchapatti, Madurai - TNPCB",Madurai,Tamil Nadu,https://airquality.cpcb.gov.in/dataRepository/download_file?file_name=Raw_data/15Min/2026/site_5614_Uchapatti_Madurai_TNPCB_15Min.csv,https://airquality.cpcb.gov.in/dataRepository/download_file?file_name=Raw_data/15Min/2025/site_5614_Uchapatti_Madurai_TNPCB_15Min.csv,https://airquality.cpcb.gov.in/dataRepository/download_file?file_name=Raw_data/15Min/2024/site_5614_Uchapatti_Madurai_TNPCB_15Min.csv,https://airquality.cpcb.gov.in/dataRepository/download_file?file_name=Raw_data/15Min/2023/site_5614_Uchapatti_Madurai_TNPCB_15Min.csv,https://airquality.cpcb.gov.in/dataRepository/download_file?file_name=Raw_data/15Min/2022/site_5614_Uchapatti_Madurai_TNPCB_15Min.csv,https://airquality.cpcb.gov.in/dataRepository/download_file?file_name=Raw_data/15Min/2021/site_5614_Uchapatti_Madurai_TNPCB_15Min.csv,https://airquality.cpcb.gov.in/dataRepository/download_file?file_name=Raw_data/15Min/2020/site_5614_Uchapatti_Madurai_TNPCB_15Min.csv,https://airquality.cpcb.gov.in/dataRepository/download_file?file_name=Raw_data/15Min/2019/site_5614_Uchapatti_Madurai_TNPCB_15Min.csv,https://airquality.cpcb.gov.in/dataRepository/download_file?file_name=Raw_data/15Min/2018/site_5614_Uchapatti_Madurai_TNPCB_15Min.csv,https://airquality.cpcb.gov.in/dataRepository/download_file?file_name=Raw_data/15Min/2017/site_5614_Uchapatti_Madurai_TNPCB_15Min.csv
site_5615,"Vasanthapuram, Vellore - TNPCB",Vellore,Tamil Nadu,https://airquality.cpcb.gov.in/dataRepository/download_file?file_name=Raw_data/15Min/2026/site_5615_Vasanthapuram_Vellore_TNPCB_15Min.csv,https://airquality.cpcb.gov.in/dataRepository/download_file?file_name=Raw_data/15Min/2025/site_5615_Vasanthapuram_Vellore_TNPCB_15Min.csv,https://airquality.cpcb.gov.in/dataRepository/download_file?file_name=Raw_data/15Min/2024/site_5615_Vasanthapuram_Vellore_TNPCB_15Min.csv,https://airquality.cpcb.gov.in/dataRepository/download_file?file_name=Raw_data/15Min/2023/site_5615_Vasanthapuram_Vellore_TNPCB_15Min.csv,https://airquality.cpcb.gov.in/dataRepository/download_file?file_name=Raw_data/15Min/2022/site_5615_Vasanthapuram_Vellore_TNPCB_15Min.csv,https://airquality.cpcb.gov.in/dataRepository/download_file?file_name=Raw_data/15Min/2021/site_5615_Vasanthapuram_Vellore_TNPCB_15Min.csv,https://airquality.cpcb.gov.in/dataRepository/download_file?file_name=Raw_data/15Min/2020/site_5615_Vasanthapuram_Vellore_TNPCB_15Min.csv,https://airquality.cpcb.gov.in/dataRepository/download_file?file_name=Raw_data/15Min/2019/site_5615_Vasanthapuram_Vellore_TNPCB_15Min.csv,https://airquality.cpcb.gov.in/dataRepository/download_file?file_name=Raw_data/15Min/2018/site_5615_Vasanthapuram_Vellore_TNPCB_15Min.csv,https://airquality.cpcb.gov.in/dataRepository/download_file?file_name=Raw_data/15Min/2017/site_5615_Vasanthapuram_Vellore_TNPCB_15Min.csv
site_5616,"Velippalayam, Nagapattinam - TNPCB",Nagapattinam,Tamil Nadu,https://airquality.cpcb.gov.in/dataRepository/download_file?file_name=Raw_data/15Min/2026/site_5616_Velippalayam_Nagapattinam_TNPCB_15Min.csv,https://airquality.cpcb.gov.in/dataRepository/download_file?file_name=Raw_data/15Min/2025/site_5616_Velippalayam_Nagapattinam_TNPCB_15Min.csv,https://airquality.cpcb.gov.in/dataRepository/download_file?file_name=Raw_data/15Min/2024/site_5616_Velippalayam_Nagapattinam_TNPCB_15Min.csv,https://airquality.cpcb.gov.in/dataRepository/download_file?file_name=Raw_data/15Min/2023/site_5616_Velippalayam_Nagapattinam_TNPCB_15Min.csv,https://airquality.cpcb.gov.in/dataRepository/download_file?file_name=Raw_data/15Min/2022/site_5616_Velippalayam_Nagapattinam_TNPCB_15Min.csv,https://airquality.cpcb.gov.in/dataRepository/download_file?file_name=Raw_data/15Min/2021/site_5616_Velippalayam_Nagapattinam_TNPCB_15Min.csv,https://airquality.cpcb.gov.in/dataRepository/download_file?file_name=Raw_data/15Min/2020/site_5616_Velippalayam_Nagapattinam_TNPCB_15Min.csv,https://airquality.cpcb.gov.in/dataRepository/download_file?file_name=Raw_data/15Min/2019/site_5616_Velippalayam_Nagapattinam_TNPCB_15Min.csv,https://airquality.cpcb.gov.in/dataRepository/download_file?file_name=Raw_data/15Min/2018/site_5616_Velippalayam_Nagapattinam_TNPCB_15Min.csv,https://airquality.cpcb.gov.in/dataRepository/download_file?file_name=Raw_data/15Min/2017/site_5616_Velippalayam_Nagapattinam_TNPCB_15Min.csv
site_5617,"VOC Nagar_SIPCOT, Ranipet - TNPCB",Ranipet,Tamil Nadu,https://airquality.cpcb.gov.in/dataRepository/download_file?file_name=Raw_data/15Min/2026/site_5617_VOC_Nagar_SIPCOT_Ranipet_TNPCB_15Min.csv,https://airquality.cpcb.gov.in/dataRepository/download_file?file_name=Raw_data/15Min/2025/site_5617_VOC_Nagar_SIPCOT_Ranipet_TNPCB_15Min.csv,https://airquality.cpcb.gov.in/dataRepository/download_file?file_name=Raw_data/15Min/2024/site_5617_VOC_Nagar_SIPCOT_Ranipet_TNPCB_15Min.csv,https://airquality.cpcb.gov.in/dataRepository/download_file?file_name=Raw_data/15Min/2023/site_5617_VOC_Nagar_SIPCOT_Ranipet_TNPCB_15Min.csv,https://airquality.cpcb.gov.in/dataRepository/download_file?file_name=Raw_data/15Min/2022/site_5617_VOC_Nagar_SIPCOT_Ranipet_TNPCB_15Min.csv,https://airquality.cpcb.gov.in/dataRepository/download_file?file_name=Raw_data/15Min/2021/site_5617_VOC_Nagar_SIPCOT_Ranipet_TNPCB_15Min.csv,https://airquality.cpcb.gov.in/dataRepository/download_file?file_name=Raw_data/15Min/2020/site_5617_VOC_Nagar_SIPCOT_Ranipet_TNPCB_15Min.csv,https://airquality.cpcb.gov.in/dataRepository/download_file?file_name=Raw_data/15Min/2019/site_5617_VOC_Nagar_SIPCOT_Ranipet_TNPCB_15Min.csv,https://airquality.cpcb.gov.in/dataRepository/download_file?file_name=Raw_data/15Min/2018/site_5617_VOC_Nagar_SIPCOT_Ranipet_TNPCB_15Min.csv,https://airquality.cpcb.gov.in/dataRepository/download_file?file_name=Raw_data/15Min/2017/site_5617_VOC_Nagar_SIPCOT_Ranipet_TNPCB_15Min.csv
site_5618,"Gandhi Nagar_Ennore, Chennai - TNPCB",Chennai,Tamil Nadu,https://airquality.cpcb.gov.in/dataRepository/download_file?file_name=Raw_data/15Min/2026/site_5618_Gandhi_Nagar_Ennore_Chennai_TNPCB_15Min.csv,https://airquality.cpcb.gov.in/dataRepository/download_file?file_name=Raw_data/15Min/2025/site_5618_Gandhi_Nagar_Ennore_Chennai_TNPCB_15Min.csv,https://airquality.cpcb.gov.in/dataRepository/download_file?file_name=Raw_data/15Min/2024/site_5618_Gandhi_Nagar_Ennore_Chennai_TNPCB_15Min.csv,https://airquality.cpcb.gov.in/dataRepository/download_file?file_name=Raw_data/15Min/2023/site_5618_Gandhi_Nagar_Ennore_Chennai_TNPCB_15Min.csv,https://airquality.cpcb.gov.in/dataRepository/download_file?file_name=Raw_data/15Min/2022/site_5618_Gandhi_Nagar_Ennore_Chennai_TNPCB_15Min.csv,https://airquality.cpcb.gov.in/dataRepository/download_file?file_name=Raw_data/15Min/2021/site_5618_Gandhi_Nagar_Ennore_Chennai_TNPCB_15Min.csv,https://airquality.cpcb.gov.in/dataRepository/download_file?file_name=Raw_data/15Min/2020/site_5618_Gandhi_Nagar_Ennore_Chennai_TNPCB_15Min.csv,https://airquality.cpcb.gov.in/dataRepository/download_file?file_name=Raw_data/15Min/2019/site_5618_Gandhi_Nagar_Ennore_Chennai_TNPCB_15Min.csv,https://airquality.cpcb.gov.in/dataRepository/download_file?file_name=Raw_data/15Min/2018/site_5618_Gandhi_Nagar_Ennore_Chennai_TNPCB_15Min.csv,https://airquality.cpcb.gov.in/dataRepository/download_file?file_name=Raw_data/15Min/2017/site_5618_Gandhi_Nagar_Ennore_Chennai_TNPCB_15Min.csv
site_5619,"Kilambi, Kanchipuram - TNPCB",Kanchipuram,Tamil Nadu,https://airquality.cpcb.gov.in/dataRepository/download_file?file_name=Raw_data/15Min/2026/site_5619_Kilambi_Kanchipuram_TNPCB_15Min.csv,https://airquality.cpcb.gov.in/dataRepository/download_file?file_name=Raw_data/15Min/2025/site_5619_Kilambi_Kanchipuram_TNPCB_15Min.csv,https://airquality.cpcb.gov.in/dataRepository/download_file?file_name=Raw_data/15Min/2024/site_5619_Kilambi_Kanchipuram_TNPCB_15Min.csv,https://airquality.cpcb.gov.in/dataRepository/download_file?file_name=Raw_data/15Min/2023/site_5619_Kilambi_Kanchipuram_TNPCB_15Min.csv,https://airquality.cpcb.gov.in/dataRepository/download_file?file_name=Raw_data/15Min/2022/site_5619_Kilambi_Kanchipuram_TNPCB_15Min.csv,https://airquality.cpcb.gov.in/dataRepository/download_file?file_name=Raw_data/15Min/2021/site_5619_Kilambi_Kanchipuram_TNPCB_15Min.csv,https://airquality.cpcb.gov.in/dataRepository/download_file?file_name=Raw_data/15Min/2020/site_5619_Kilambi_Kanchipuram_TNPCB_15Min.csv,https://airquality.cpcb.gov.in/dataRepository/download_file?file_name=Raw_data/15Min/2019/site_5619_Kilambi_Kanchipuram_TNPCB_15Min.csv,https://airquality.cpcb.gov.in/dataRepository/download_file?file_name=Raw_data/15Min/2018/site_5619_Kilambi_Kanchipuram_TNPCB_15Min.csv,https://airquality.cpcb.gov.in/dataRepository/download_file?file_name=Raw_data/15Min/2017/site_5619_Kilambi_Kanchipuram_TNPCB_15Min.csv
site_5620,"Kashiram Nagar, Moradabad - UPPCB",Moradabad,Uttar Pradesh,https://airquality.cpcb.gov.in/dataRepository/download_file?file_name=Raw_data/15Min/2026/site_5620_Kashiram_Nagar_Moradabad_UPPCB_15Min.csv,https://airquality.cpcb.gov.in/dataRepository/download_file?file_name=Raw_data/15Min/2025/site_5620_Kashiram_Nagar_Moradabad_UPPCB_15Min.csv,https://airquality.cpcb.gov.in/dataRepository/download_file?file_name=Raw_data/15Min/2024/site_5620_Kashiram_Nagar_Moradabad_UPPCB_15Min.csv,https://airquality.cpcb.gov.in/dataRepository/download_file?file_name=Raw_data/15Min/2023/site_5620_Kashiram_Nagar_Moradabad_UPPCB_15Min.csv,https://airquality.cpcb.gov.in/dataRepository/download_file?file_name=Raw_data/15Min/2022/site_5620_Kashiram_Nagar_Moradabad_UPPCB_15Min.csv,https://airquality.cpcb.gov.in/dataRepository/download_file?file_name=Raw_data/15Min/2021/site_5620_Kashiram_Nagar_Moradabad_UPPCB_15Min.csv,https://airquality.cpcb.gov.in/dataRepository/download_file?file_name=Raw_data/15Min/2020/site_5620_Kashiram_Nagar_Moradabad_UPPCB_15Min.csv,https://airquality.cpcb.gov.in/dataRepository/download_file?file_name=Raw_data/15Min/2019/site_5620_Kashiram_Nagar_Moradabad_UPPCB_15Min.csv,https://airquality.cpcb.gov.in/dataRepository/download_file?file_name=Raw_data/15Min/2018/site_5620_Kashiram_Nagar_Moradabad_UPPCB_15Min.csv,https://airquality.cpcb.gov.in/dataRepository/download_file?file_name=Raw_data/15Min/2017/site_5620_Kashiram_Nagar_Moradabad_UPPCB_15Min.csv
site_5621,"Kudikadu, Cuddalore - TNPCB",Cuddalore,Tamil Nadu,https://airquality.cpcb.gov.in/dataRepository/download_file?file_name=Raw_data/15Min/2026/site_5621_Kudikadu_Cuddalore_TNPCB_15Min.csv,https://airquality.cpcb.gov.in/dataRepository/download_file?file_name=Raw_data/15Min/2025/site_5621_Kudikadu_Cuddalore_TNPCB_15Min.csv,https://airquality.cpcb.gov.in/dataRepository/download_file?file_name=Raw_data/15Min/2024/site_5621_Kudikadu_Cuddalore_TNPCB_15Min.csv,https://airquality.cpcb.gov.in/dataRepository/download_file?file_name=Raw_data/15Min/2023/site_5621_Kudikadu_Cuddalore_TNPCB_15Min.csv,https://airquality.cpcb.gov.in/dataRepository/download_file?file_name=Raw_data/15Min/2022/site_5621_Kudikadu_Cuddalore_TNPCB_15Min.csv,https://airquality.cpcb.gov.in/dataRepository/download_file?file_name=Raw_data/15Min/2021/site_5621_Kudikadu_Cuddalore_TNPCB_15Min.csv,https://airquality.cpcb.gov.in/dataRepository/download_file?file_name=Raw_data/15Min/2020/site_5621_Kudikadu_Cuddalore_TNPCB_15Min.csv,https://airquality.cpcb.gov.in/dataRepository/download_file?file_name=Raw_data/15Min/2019/site_5621_Kudikadu_Cuddalore_TNPCB_15Min.csv,https://airquality.cpcb.gov.in/dataRepository/download_file?file_name=Raw_data/15Min/2018/site_5621_Kudikadu_Cuddalore_TNPCB_15Min.csv,https://airquality.cpcb.gov.in/dataRepository/download_file?file_name=Raw_data/15Min/2017/site_5621_Kudikadu_Cuddalore_TNPCB_15Min.csv
site_5622,"Sona College of Technology, Salem - TNPCB",Salem,Tamil Nadu,https://airquality.cpcb.gov.in/dataRepository/download_file?file_name=Raw_data/15Min/2026/site_5622_Sona_College_of_Technology_Salem_TNPCB_15Min.csv,https://airquality.cpcb.gov.in/dataRepository/download_file?file_name=Raw_data/15Min/2025/site_5622_Sona_College_of_Technology_Salem_TNPCB_15Min.csv,https://airquality.cpcb.gov.in/dataRepository/download_file?file_name=Raw_data/15Min/2024/site_5622_Sona_College_of_Technology_Salem_TNPCB_15Min.csv,https://airquality.cpcb.gov.in/dataRepository/download_file?file_name=Raw_data/15Min/2023/site_5622_Sona_College_of_Technology_Salem_TNPCB_15Min.csv,https://airquality.cpcb.gov.in/dataRepository/download_file?file_name=Raw_data/15Min/2022/site_5622_Sona_College_of_Technology_Salem_TNPCB_15Min.csv,https://airquality.cpcb.gov.in/dataRepository/download_file?file_name=Raw_data/15Min/2021/site_5622_Sona_College_of_Technology_Salem_TNPCB_15Min.csv,https://airquality.cpcb.gov.in/dataRepository/download_file?file_name=Raw_data/15Min/2020/site_5622_Sona_College_of_Technology_Salem_TNPCB_15Min.csv,https://airquality.cpcb.gov.in/dataRepository/download_file?file_name=Raw_data/15Min/2019/site_5622_Sona_College_of_Technology_Salem_TNPCB_15Min.csv,https://airquality.cpcb.gov.in/dataRepository/download_file?file_name=Raw_data/15Min/2018/site_5622_Sona_College_of_Technology_Salem_TNPCB_15Min.csv,https://airquality.cpcb.gov.in/dataRepository/download_file?file_name=Raw_data/15Min/2017/site_5622_Sona_College_of_Technology_Salem_TNPCB_15Min.csv
site_5623,"PSG College of Arts and Science, Coimbatore - TNPCB",Coimbatore,Tamil Nadu,https://airquality.cpcb.gov.in/dataRepository/download_file?file_name=Raw_data/15Min/2026/site_5623_PSG_College_of_Arts_and_Science_Coimbatore_TNPCB_15Min.csv,https://airquality.cpcb.gov.in/dataRepository/download_file?file_name=Raw_data/15Min/2025/site_5623_PSG_College_of_Arts_and_Science_Coimbatore_TNPCB_15Min.csv,https://airquality.cpcb.gov.in/dataRepository/download_file?file_name=Raw_data/15Min/2024/site_5623_PSG_College_of_Arts_and_Science_Coimbatore_TNPCB_15Min.csv,https://airquality.cpcb.gov.in/dataRepository/download_file?file_name=Raw_data/15Min/2023/site_5623_PSG_College_of_Arts_and_Science_Coimbatore_TNPCB_15Min.csv,https://airquality.cpcb.gov.in/dataRepository/download_file?file_name=Raw_data/15Min/2022/site_5623_PSG_College_of_Arts_and_Science_Coimbatore_TNPCB_15Min.csv,https://airquality.cpcb.gov.in/dataRepository/download_file?file_name=Raw_data/15Min/2021/site_5623_PSG_College_of_Arts_and_Science_Coimbatore_TNPCB_15Min.csv,https://airquality.cpcb.gov.in/dataRepository/download_file?file_name=Raw_data/15Min/2020/site_5623_PSG_College_of_Arts_and_Science_Coimbatore_TNPCB_15Min.csv,https://airquality.cpcb.gov.in/dataRepository/download_file?file_name=Raw_data/15Min/2019/site_5623_PSG_College_of_Arts_and_Science_Coimbatore_TNPCB_15Min.csv,https://airquality.cpcb.gov.in/dataRepository/download_file?file_name=Raw_data/15Min/2018/site_5623_PSG_College_of_Arts_and_Science_Coimbatore_TNPCB_15Min.csv,https://airquality.cpcb.gov.in/dataRepository/download_file?file_name=Raw_data/15Min/2017/site_5623_PSG_College_of_Arts_and_Science_Coimbatore_TNPCB_15Min.csv
site_5624,"Bombay Castel, Ooty - TNPCB",Ooty,Tamil Nadu,https://airquality.cpcb.gov.in/dataRepository/download_file?file_name=Raw_data/15Min/2026/site_5624_Bombay_Castel_Ooty_TNPCB_15Min.csv,https://airquality.cpcb.gov.in/dataRepository/download_file?file_name=Raw_data/15Min/2025/site_5624_Bombay_Castel_Ooty_TNPCB_15Min.csv,https://airquality.cpcb.gov.in/dataRepository/download_file?file_name=Raw_data/15Min/2024/site_5624_Bombay_Castel_Ooty_TNPCB_15Min.csv,https://airquality.cpcb.gov.in/dataRepository/download_file?file_name=Raw_data/15Min/2023/site_5624_Bombay_Castel_Ooty_TNPCB_15Min.csv,https://airquality.cpcb.gov.in/dataRepository/download_file?file_name=Raw_data/15Min/2022/site_5624_Bombay_Castel_Ooty_TNPCB_15Min.csv,https://airquality.cpcb.gov.in/dataRepository/download_file?file_name=Raw_data/15Min/2021/site_5624_Bombay_Castel_Ooty_TNPCB_15Min.csv,https://airquality.cpcb.gov.in/dataRepository/download_file?file_name=Raw_data/15Min/2020/site_5624_Bombay_Castel_Ooty_TNPCB_15Min.csv,https://airquality.cpcb.gov.in/dataRepository/download_file?file_name=Raw_data/15Min/2019/site_5624_Bombay_Castel_Ooty_TNPCB_15Min.csv,https://airquality.cpcb.gov.in/dataRepository/download_file?file_name=Raw_data/15Min/2018/site_5624_Bombay_Castel_Ooty_TNPCB_15Min.csv,https://airquality.cpcb.gov.in/dataRepository/download_file?file_name=Raw_data/15Min/2017/site_5624_Bombay_Castel_Ooty_TNPCB_15Min.csv
site_5625,"Chalai Bazaar, Ramanathapuram - TNPCB",Ramanathapuram,Tamil Nadu,https://airquality.cpcb.gov.in/dataRepository/download_file?file_name=Raw_data/15Min/2026/site_5625_Chalai_Bazaar_Ramanathapuram_TNPCB_15Min.csv,https://airquality.cpcb.gov.in/dataRepository/download_file?file_name=Raw_data/15Min/2025/site_5625_Chalai_Bazaar_Ramanathapuram_TNPCB_15Min.csv,https://airquality.cpcb.gov.in/dataRepository/download_file?file_name=Raw_data/15Min/2024/site_5625_Chalai_Bazaar_Ramanathapuram_TNPCB_15Min.csv,https://airquality.cpcb.gov.in/dataRepository/download_file?file_name=Raw_data/15Min/2023/site_5625_Chalai_Bazaar_Ramanathapuram_TNPCB_15Min.csv,https://airquality.cpcb.gov.in/dataRepository/download_file?file_name=Raw_data/15Min/2022/site_5625_Chalai_Bazaar_Ramanathapuram_TNPCB_15Min.csv,https://airquality.cpcb.gov.in/dataRepository/download_file?file_name=Raw_data/15Min/2021/site_5625_Chalai_Bazaar_Ramanathapuram_TNPCB_15Min.csv,https://airquality.cpcb.gov.in/dataRepository/download_file?file_name=Raw_data/15Min/2020/site_5625_Chalai_Bazaar_Ramanathapuram_TNPCB_15Min.csv,https://airquality.cpcb.gov.in/dataRepository/download_file?file_name=Raw_data/15Min/2019/site_5625_Chalai_Bazaar_Ramanathapuram_TNPCB_15Min.csv,https://airquality.cpcb.gov.in/dataRepository/download_file?file_name=Raw_data/15Min/2018/site_5625_Chalai_Bazaar_Ramanathapuram_TNPCB_15Min.csv,https://airquality.cpcb.gov.in/dataRepository/download_file?file_name=Raw_data/15Min/2017/site_5625_Chalai_Bazaar_Ramanathapuram_TNPCB_15Min.csv
site_5626,"Bharathidasan University, Palkalaiperur - TNPCB",Palkalaiperur,Tamil Nadu,https://airquality.cpcb.gov.in/dataRepository/download_file?file_name=Raw_data/15Min/2026/site_5626_Bharathidasan_University_Palkalaiperur_TNPCB_15Min.csv,https://airquality.cpcb.gov.in/dataRepository/download_file?file_name=Raw_data/15Min/2025/site_5626_Bharathidasan_University_Palkalaiperur_TNPCB_15Min.csv,https://airquality.cpcb.gov.in/dataRepository/download_file?file_name=Raw_data/15Min/2024/site_5626_Bharathidasan_University_Palkalaiperur_TNPCB_15Min.csv,https://airquality.cpcb.gov.in/dataRepository/download_file?file_name=Raw_data/15Min/2023/site_5626_Bharathidasan_University_Palkalaiperur_TNPCB_15Min.csv,https://airquality.cpcb.gov.in/dataRepository/download_file?file_name=Raw_data/15Min/2022/site_5626_Bharathidasan_University_Palkalaiperur_TNPCB_15Min.csv,https://airquality.cpcb.gov.in/dataRepository/download_file?file_name=Raw_data/15Min/2021/site_5626_Bharathidasan_University_Palkalaiperur_TNPCB_15Min.csv,https://airquality.cpcb.gov.in/dataRepository/download_file?file_name=Raw_data/15Min/2020/site_5626_Bharathidasan_University_Palkalaiperur_TNPCB_15Min.csv,https://airquality.cpcb.gov.in/dataRepository/download_file?file_name=Raw_data/15Min/2019/site_5626_Bharathidasan_University_Palkalaiperur_TNPCB_15Min.csv,https://airquality.cpcb.gov.in/dataRepository/download_file?file_name=Raw_data/15Min/2018/site_5626_Bharathidasan_University_Palkalaiperur_TNPCB_15Min.csv,https://airquality.cpcb.gov.in/dataRepository/download_file?file_name=Raw_data/15Min/2017/site_5626_Bharathidasan_University_Palkalaiperur_TNPCB_15Min.csv
site_5627,"Kamadenu Nagar, Karur - TNPCB",Karur,Tamil Nadu,https://airquality.cpcb.gov.in/dataRepository/download_file?file_name=Raw_data/15Min/2026/site_5627_Kamadenu_Nagar_Karur_TNPCB_15Min.csv,https://airquality.cpcb.gov.in/dataRepository/download_file?file_name=Raw_data/15Min/2025/site_5627_Kamadenu_Nagar_Karur_TNPCB_15Min.csv,https://airquality.cpcb.gov.in/dataRepository/download_file?file_name=Raw_data/15Min/2024/site_5627_Kamadenu_Nagar_Karur_TNPCB_15Min.csv,https://airquality.cpcb.gov.in/dataRepository/download_file?file_name=Raw_data/15Min/2023/site_5627_Kamadenu_Nagar_Karur_TNPCB_15Min.csv,https://airquality.cpcb.gov.in/dataRepository/download_file?file_name=Raw_data/15Min/2022/site_5627_Kamadenu_Nagar_Karur_TNPCB_15Min.csv,https://airquality.cpcb.gov.in/dataRepository/download_file?file_name=Raw_data/15Min/2021/site_5627_Kamadenu_Nagar_Karur_TNPCB_15Min.csv,https://airquality.cpcb.gov.in/dataRepository/download_file?file_name=Raw_data/15Min/2020/site_5627_Kamadenu_Nagar_Karur_TNPCB_15Min.csv,https://airquality.cpcb.gov.in/dataRepository/download_file?file_name=Raw_data/15Min/2019/site_5627_Kamadenu_Nagar_Karur_TNPCB_15Min.csv,https://airquality.cpcb.gov.in/dataRepository/download_file?file_name=Raw_data/15Min/2018/site_5627_Kamadenu_Nagar_Karur_TNPCB_15Min.csv,https://airquality.cpcb.gov.in/dataRepository/download_file?file_name=Raw_data/15Min/2017/site_5627_Kamadenu_Nagar_Karur_TNPCB_15Min.csv
site_5628,"Civil Lines, Bareilly - UPPCB",Bareilly,Uttar Pradesh,https://airquality.cpcb.gov.in/dataRepository/download_file?file_name=Raw_data/15Min/2026/site_5628_Civil_Lines_Bareilly_UPPCB_15Min.csv,https://airquality.cpcb.gov.in/dataRepository/download_file?file_name=Raw_data/15Min/2025/site_5628_Civil_Lines_Bareilly_UPPCB_15Min.csv,https://airquality.cpcb.gov.in/dataRepository/download_file?file_name=Raw_data/15Min/2024/site_5628_Civil_Lines_Bareilly_UPPCB_15Min.csv,https://airquality.cpcb.gov.in/dataRepository/download_file?file_name=Raw_data/15Min/2023/site_5628_Civil_Lines_Bareilly_UPPCB_15Min.csv,https://airquality.cpcb.gov.in/dataRepository/download_file?file_name=Raw_data/15Min/2022/site_5628_Civil_Lines_Bareilly_UPPCB_15Min.csv,https://airquality.cpcb.gov.in/dataRepository/download_file?file_name=Raw_data/15Min/2021/site_5628_Civil_Lines_Bareilly_UPPCB_15Min.csv,https://airquality.cpcb.gov.in/dataRepository/download_file?file_name=Raw_data/15Min/2020/site_5628_Civil_Lines_Bareilly_UPPCB_15Min.csv,https://airquality.cpcb.gov.in/dataRepository/download_file?file_name=Raw_data/15Min/2019/site_5628_Civil_Lines_Bareilly_UPPCB_15Min.csv,https://airquality.cpcb.gov.in/dataRepository/download_file?file_name=Raw_data/15Min/2018/site_5628_Civil_Lines_Bareilly_UPPCB_15Min.csv,https://airquality.cpcb.gov.in/dataRepository/download_file?file_name=Raw_data/15Min/2017/site_5628_Civil_Lines_Bareilly_UPPCB_15Min.csv
site_5630,"St Joseph College, Tiruchirappalli - TNPCB",Tiruchirappalli,Tamil Nadu,https://airquality.cpcb.gov.in/dataRepository/download_file?file_name=Raw_data/15Min/2026/site_5630_St_Joseph_College_Tiruchirappalli_TNPCB_15Min.csv,https://airquality.cpcb.gov.in/dataRepository/download_file?file_name=Raw_data/15Min/2025/site_5630_St_Joseph_College_Tiruchirappalli_TNPCB_15Min.csv,https://airquality.cpcb.gov.in/dataRepository/download_file?file_name=Raw_data/15Min/2024/site_5630_St_Joseph_College_Tiruchirappalli_TNPCB_15Min.csv,https://airquality.cpcb.gov.in/dataRepository/download_file?file_name=Raw_data/15Min/2023/site_5630_St_Joseph_College_Tiruchirappalli_TNPCB_15Min.csv,https://airquality.cpcb.gov.in/dataRepository/download_file?file_name=Raw_data/15Min/2022/site_5630_St_Joseph_College_Tiruchirappalli_TNPCB_15Min.csv,https://airquality.cpcb.gov.in/dataRepository/download_file?file_name=Raw_data/15Min/2021/site_5630_St_Joseph_College_Tiruchirappalli_TNPCB_15Min.csv,https://airquality.cpcb.gov.in/dataRepository/download_file?file_name=Raw_data/15Min/2020/site_5630_St_Joseph_College_Tiruchirappalli_TNPCB_15Min.csv,https://airquality.cpcb.gov.in/dataRepository/download_file?file_name=Raw_data/15Min/2019/site_5630_St_Joseph_College_Tiruchirappalli_TNPCB_15Min.csv,https://airquality.cpcb.gov.in/dataRepository/download_file?file_name=Raw_data/15Min/2018/site_5630_St_Joseph_College_Tiruchirappalli_TNPCB_15Min.csv,https://airquality.cpcb.gov.in/dataRepository/download_file?file_name=Raw_data/15Min/2017/site_5630_St_Joseph_College_Tiruchirappalli_TNPCB_15Min.csv
site_5632,"Gulzarpet, Anantapur - APPCB",Anantapur,Andhra Pradesh,https://airquality.cpcb.gov.in/dataRepository/download_file?file_name=Raw_data/15Min/2026/site_5632_Gulzarpet_Anantapur_APPCB_15Min.csv,https://airquality.cpcb.gov.in/dataRepository/download_file?file_name=Raw_data/15Min/2025/site_5632_Gulzarpet_Anantapur_APPCB_15Min.csv,https://airquality.cpcb.gov.in/dataRepository/download_file?file_name=Raw_data/15Min/2024/site_5632_Gulzarpet_Anantapur_APPCB_15Min.csv,https://airquality.cpcb.gov.in/dataRepository/download_file?file_name=Raw_data/15Min/2023/site_5632_Gulzarpet_Anantapur_APPCB_15Min.csv,https://airquality.cpcb.gov.in/dataRepository/download_file?file_name=Raw_data/15Min/2022/site_5632_Gulzarpet_Anantapur_APPCB_15Min.csv,https://airquality.cpcb.gov.in/dataRepository/download_file?file_name=Raw_data/15Min/2021/site_5632_Gulzarpet_Anantapur_APPCB_15Min.csv,https://airquality.cpcb.gov.in/dataRepository/download_file?file_name=Raw_data/15Min/2020/site_5632_Gulzarpet_Anantapur_APPCB_15Min.csv,https://airquality.cpcb.gov.in/dataRepository/download_file?file_name=Raw_data/15Min/2019/site_5632_Gulzarpet_Anantapur_APPCB_15Min.csv,https://airquality.cpcb.gov.in/dataRepository/download_file?file_name=Raw_data/15Min/2018/site_5632_Gulzarpet_Anantapur_APPCB_15Min.csv,https://airquality.cpcb.gov.in/dataRepository/download_file?file_name=Raw_data/15Min/2017/site_5632_Gulzarpet_Anantapur_APPCB_15Min.csv
site_5638,"Kalabhavan, Dharwad - KSPCB",Dharwad,Karnataka,https://airquality.cpcb.gov.in/dataRepository/download_file?file_name=Raw_data/15Min/2026/site_5638_Kalabhavan_Dharwad_KSPCB_15Min.csv,https://airquality.cpcb.gov.in/dataRepository/download_file?file_name=Raw_data/15Min/2025/site_5638_Kalabhavan_Dharwad_KSPCB_15Min.csv,https://airquality.cpcb.gov.in/dataRepository/download_file?file_name=Raw_data/15Min/2024/site_5638_Kalabhavan_Dharwad_KSPCB_15Min.csv,https://airquality.cpcb.gov.in/dataRepository/download_file?file_name=Raw_data/15Min/2023/site_5638_Kalabhavan_Dharwad_KSPCB_15Min.csv,https://airquality.cpcb.gov.in/dataRepository/download_file?file_name=Raw_data/15Min/2022/site_5638_Kalabhavan_Dharwad_KSPCB_15Min.csv,https://airquality.cpcb.gov.in/dataRepository/download_file?file_name=Raw_data/15Min/2021/site_5638_Kalabhavan_Dharwad_KSPCB_15Min.csv,https://airquality.cpcb.gov.in/dataRepository/download_file?file_name=Raw_data/15Min/2020/site_5638_Kalabhavan_Dharwad_KSPCB_15Min.csv,https://airquality.cpcb.gov.in/dataRepository/download_file?file_name=Raw_data/15Min/2019/site_5638_Kalabhavan_Dharwad_KSPCB_15Min.csv,https://airquality.cpcb.gov.in/dataRepository/download_file?file_name=Raw_data/15Min/2018/site_5638_Kalabhavan_Dharwad_KSPCB_15Min.csv,https://airquality.cpcb.gov.in/dataRepository/download_file?file_name=Raw_data/15Min/2017/site_5638_Kalabhavan_Dharwad_KSPCB_15Min.csv
site_5650,"Paryavaran Parisar, Bhopal - MPPCB",Bhopal,Madhya Pradesh,https://airquality.cpcb.gov.in/dataRepository/download_file?file_name=Raw_data/15Min/2026/site_5650_Paryavaran_Parisar_Bhopal_MPPCB_15Min.csv,https://airquality.cpcb.gov.in/dataRepository/download_file?file_name=Raw_data/15Min/2025/site_5650_Paryavaran_Parisar_Bhopal_MPPCB_15Min.csv,https://airquality.cpcb.gov.in/dataRepository/download_file?file_name=Raw_data/15Min/2024/site_5650_Paryavaran_Parisar_Bhopal_MPPCB_15Min.csv,https://airquality.cpcb.gov.in/dataRepository/download_file?file_name=Raw_data/15Min/2023/site_5650_Paryavaran_Parisar_Bhopal_MPPCB_15Min.csv,https://airquality.cpcb.gov.in/dataRepository/download_file?file_name=Raw_data/15Min/2022/site_5650_Paryavaran_Parisar_Bhopal_MPPCB_15Min.csv,https://airquality.cpcb.gov.in/dataRepository/download_file?file_name=Raw_data/15Min/2021/site_5650_Paryavaran_Parisar_Bhopal_MPPCB_15Min.csv,https://airquality.cpcb.gov.in/dataRepository/download_file?file_name=Raw_data/15Min/2020/site_5650_Paryavaran_Parisar_Bhopal_MPPCB_15Min.csv,https://airquality.cpcb.gov.in/dataRepository/download_file?file_name=Raw_data/15Min/2019/site_5650_Paryavaran_Parisar_Bhopal_MPPCB_15Min.csv,https://airquality.cpcb.gov.in/dataRepository/download_file?file_name=Raw_data/15Min/2018/site_5650_Paryavaran_Parisar_Bhopal_MPPCB_15Min.csv,https://airquality.cpcb.gov.in/dataRepository/download_file?file_name=Raw_data/15Min/2017/site_5650_Paryavaran_Parisar_Bhopal_MPPCB_15Min.csv
site_5651,"IITG, Guwahati - PCBA",Guwahati,Assam,https://airquality.cpcb.gov.in/dataRepository/download_file?file_name=Raw_data/15Min/2026/site_5651_IITG_Guwahati_PCBA_15Min.csv,https://airquality.cpcb.gov.in/dataRepository/download_file?file_name=Raw_data/15Min/2025/site_5651_IITG_Guwahati_PCBA_15Min.csv,https://airquality.cpcb.gov.in/dataRepository/download_file?file_name=Raw_data/15Min/2024/site_5651_IITG_Guwahati_PCBA_15Min.csv,https://airquality.cpcb.gov.in/dataRepository/download_file?file_name=Raw_data/15Min/2023/site_5651_IITG_Guwahati_PCBA_15Min.csv,https://airquality.cpcb.gov.in/dataRepository/download_file?file_name=Raw_data/15Min/2022/site_5651_IITG_Guwahati_PCBA_15Min.csv,https://airquality.cpcb.gov.in/dataRepository/download_file?file_name=Raw_data/15Min/2021/site_5651_IITG_Guwahati_PCBA_15Min.csv,https://airquality.cpcb.gov.in/dataRepository/download_file?file_name=Raw_data/15Min/2020/site_5651_IITG_Guwahati_PCBA_15Min.csv,https://airquality.cpcb.gov.in/dataRepository/download_file?file_name=Raw_data/15Min/2019/site_5651_IITG_Guwahati_PCBA_15Min.csv,https://airquality.cpcb.gov.in/dataRepository/download_file?file_name=Raw_data/15Min/2018/site_5651_IITG_Guwahati_PCBA_15Min.csv,https://airquality.cpcb.gov.in/dataRepository/download_file?file_name=Raw_data/15Min/2017/site_5651_IITG_Guwahati_PCBA_15Min.csv
site_5652,"AIIMS, Raipur - CECB",Raipur,Chhattisgarh,https://airquality.cpcb.gov.in/dataRepository/download_file?file_name=Raw_data/15Min/2026/site_5652_AIIMS_Raipur_CECB_15Min.csv,https://airquality.cpcb.gov.in/dataRepository/download_file?file_name=Raw_data/15Min/2025/site_5652_AIIMS_Raipur_CECB_15Min.csv,https://airquality.cpcb.gov.in/dataRepository/download_file?file_name=Raw_data/15Min/2024/site_5652_AIIMS_Raipur_CECB_15Min.csv,https://airquality.cpcb.gov.in/dataRepository/download_file?file_name=Raw_data/15Min/2023/site_5652_AIIMS_Raipur_CECB_15Min.csv,https://airquality.cpcb.gov.in/dataRepository/download_file?file_name=Raw_data/15Min/2022/site_5652_AIIMS_Raipur_CECB_15Min.csv,https://airquality.cpcb.gov.in/dataRepository/download_file?file_name=Raw_data/15Min/2021/site_5652_AIIMS_Raipur_CECB_15Min.csv,https://airquality.cpcb.gov.in/dataRepository/download_file?file_name=Raw_data/15Min/2020/site_5652_AIIMS_Raipur_CECB_15Min.csv,https://airquality.cpcb.gov.in/dataRepository/download_file?file_name=Raw_data/15Min/2019/site_5652_AIIMS_Raipur_CECB_15Min.csv,https://airquality.cpcb.gov.in/dataRepository/download_file?file_name=Raw_data/15Min/2018/site_5652_AIIMS_Raipur_CECB_15Min.csv,https://airquality.cpcb.gov.in/dataRepository/download_file?file_name=Raw_data/15Min/2017/site_5652_AIIMS_Raipur_CECB_15Min.csv
site_5653,"Siltara Phase-II, Raipur - CECB",Raipur,Chhattisgarh,,https://airquality.cpcb.gov.in/dataRepository/download_file?file_name=Raw_data/15Min/2025/site_5653_Siltara_Phase-II_Raipur_CECB_15Min.csv,https://airquality.cpcb.gov.in/dataRepository/download_file?file_name=Raw_data/15Min/2024/site_5653_Siltara_Phase-II_Raipur_CECB_15Min.csv,https://airquality.cpcb.gov.in/dataRepository/download_file?file_name=Raw_data/15Min/2023/site_5653_Siltara_Phase-II_Raipur_CECB_15Min.csv,https://airquality.cpcb.gov.in/dataRepository/download_file?file_name=Raw_data/15Min/2022/site_5653_Siltara_Phase-II_Raipur_CECB_15Min.csv,https://airquality.cpcb.gov.in/dataRepository/download_file?file_name=Raw_data/15Min/2021/site_5653_Siltara_Phase-II_Raipur_CECB_15Min.csv,https://airquality.cpcb.gov.in/dataRepository/download_file?file_name=Raw_data/15Min/2020/site_5653_Siltara_Phase-II_Raipur_CECB_15Min.csv,https://airquality.cpcb.gov.in/dataRepository/download_file?file_name=Raw_data/15Min/2019/site_5653_Siltara_Phase-II_Raipur_CECB_15Min.csv,https://airquality.cpcb.gov.in/dataRepository/download_file?file_name=Raw_data/15Min/2018/site_5653_Siltara_Phase-II_Raipur_CECB_15Min.csv,https://airquality.cpcb.gov.in/dataRepository/download_file?file_name=Raw_data/15Min/2017/site_5653_Siltara_Phase-II_Raipur_CECB_15Min.csv
site_5654,"Krishak Nagar, Raipur - CECB",Raipur,Chhattisgarh,https://airquality.cpcb.gov.in/dataRepository/download_file?file_name=Raw_data/15Min/2026/site_5654_Krishak_Nagar_Raipur_CECB_15Min.csv,https://airquality.cpcb.gov.in/dataRepository/download_file?file_name=Raw_data/15Min/2025/site_5654_Krishak_Nagar_Raipur_CECB_15Min.csv,https://airquality.cpcb.gov.in/dataRepository/download_file?file_name=Raw_data/15Min/2024/site_5654_Krishak_Nagar_Raipur_CECB_15Min.csv,https://airquality.cpcb.gov.in/dataRepository/download_file?file_name=Raw_data/15Min/2023/site_5654_Krishak_Nagar_Raipur_CECB_15Min.csv,https://airquality.cpcb.gov.in/dataRepository/download_file?file_name=Raw_data/15Min/2022/site_5654_Krishak_Nagar_Raipur_CECB_15Min.csv,https://airquality.cpcb.gov.in/dataRepository/download_file?file_name=Raw_data/15Min/2021/site_5654_Krishak_Nagar_Raipur_CECB_15Min.csv,https://airquality.cpcb.gov.in/dataRepository/download_file?file_name=Raw_data/15Min/2020/site_5654_Krishak_Nagar_Raipur_CECB_15Min.csv,https://airquality.cpcb.gov.in/dataRepository/download_file?file_name=Raw_data/15Min/2019/site_5654_Krishak_Nagar_Raipur_CECB_15Min.csv,https://airquality.cpcb.gov.in/dataRepository/download_file?file_name=Raw_data/15Min/2018/site_5654_Krishak_Nagar_Raipur_CECB_15Min.csv,https://airquality.cpcb.gov.in/dataRepository/download_file?file_name=Raw_data/15Min/2017/site_5654_Krishak_Nagar_Raipur_CECB_15Min.csv
site_5655,"Bhatagaon New ISBT, Raipur - CECB",Raipur,Chhattisgarh,https://airquality.cpcb.gov.in/dataRepository/download_file?file_name=Raw_data/15Min/2026/site_5655_Bhatagaon_New_ISBT_Raipur_CECB_15Min.csv,https://airquality.cpcb.gov.in/dataRepository/download_file?file_name=Raw_data/15Min/2025/site_5655_Bhatagaon_New_ISBT_Raipur_CECB_15Min.csv,https://airquality.cpcb.gov.in/dataRepository/download_file?file_name=Raw_data/15Min/2024/site_5655_Bhatagaon_New_ISBT_Raipur_CECB_15Min.csv,https://airquality.cpcb.gov.in/dataRepository/download_file?file_name=Raw_data/15Min/2023/site_5655_Bhatagaon_New_ISBT_Raipur_CECB_15Min.csv,https://airquality.cpcb.gov.in/dataRepository/download_file?file_name=Raw_data/15Min/2022/site_5655_Bhatagaon_New_ISBT_Raipur_CECB_15Min.csv,https://airquality.cpcb.gov.in/dataRepository/download_file?file_name=Raw_data/15Min/2021/site_5655_Bhatagaon_New_ISBT_Raipur_CECB_15Min.csv,https://airquality.cpcb.gov.in/dataRepository/download_file?file_name=Raw_data/15Min/2020/site_5655_Bhatagaon_New_ISBT_Raipur_CECB_15Min.csv,https://airquality.cpcb.gov.in/dataRepository/download_file?file_name=Raw_data/15Min/2019/site_5655_Bhatagaon_New_ISBT_Raipur_CECB_15Min.csv,https://airquality.cpcb.gov.in/dataRepository/download_file?file_name=Raw_data/15Min/2018/site_5655_Bhatagaon_New_ISBT_Raipur_CECB_15Min.csv,https://airquality.cpcb.gov.in/dataRepository/download_file?file_name=Raw_data/15Min/2017/site_5655_Bhatagaon_New_ISBT_Raipur_CECB_15Min.csv
site_5656,"Rampur, Korba - CECB",Korba,Chhattisgarh,https://airquality.cpcb.gov.in/dataRepository/download_file?file_name=Raw_data/15Min/2026/site_5656_Rampur_Korba_CECB_15Min.csv,https://airquality.cpcb.gov.in/dataRepository/download_file?file_name=Raw_data/15Min/2025/site_5656_Rampur_Korba_CECB_15Min.csv,https://airquality.cpcb.gov.in/dataRepository/download_file?file_name=Raw_data/15Min/2024/site_5656_Rampur_Korba_CECB_15Min.csv,https://airquality.cpcb.gov.in/dataRepository/download_file?file_name=Raw_data/15Min/2023/site_5656_Rampur_Korba_CECB_15Min.csv,https://airquality.cpcb.gov.in/dataRepository/download_file?file_name=Raw_data/15Min/2022/site_5656_Rampur_Korba_CECB_15Min.csv,https://airquality.cpcb.gov.in/dataRepository/download_file?file_name=Raw_data/15Min/2021/site_5656_Rampur_Korba_CECB_15Min.csv,https://airquality.cpcb.gov.in/dataRepository/download_file?file_name=Raw_data/15Min/2020/site_5656_Rampur_Korba_CECB_15Min.csv,https://airquality.cpcb.gov.in/dataRepository/download_file?file_name=Raw_data/15Min/2019/site_5656_Rampur_Korba_CECB_15Min.csv,https://airquality.cpcb.gov.in/dataRepository/download_file?file_name=Raw_data/15Min/2018/site_5656_Rampur_Korba_CECB_15Min.csv,https://airquality.cpcb.gov.in/dataRepository/download_file?file_name=Raw_data/15Min/2017/site_5656_Rampur_Korba_CECB_15Min.csv
site_5657,"Urja Nagar, Korba - CECB",Korba,Chhattisgarh,https://airquality.cpcb.gov.in/dataRepository/download_file?file_name=Raw_data/15Min/2026/site_5657_Urja_Nagar_Korba_CECB_15Min.csv,https://airquality.cpcb.gov.in/dataRepository/download_file?file_name=Raw_data/15Min/2025/site_5657_Urja_Nagar_Korba_CECB_15Min.csv,https://airquality.cpcb.gov.in/dataRepository/download_file?file_name=Raw_data/15Min/2024/site_5657_Urja_Nagar_Korba_CECB_15Min.csv,https://airquality.cpcb.gov.in/dataRepository/download_file?file_name=Raw_data/15Min/2023/site_5657_Urja_Nagar_Korba_CECB_15Min.csv,https://airquality.cpcb.gov.in/dataRepository/download_file?file_name=Raw_data/15Min/2022/site_5657_Urja_Nagar_Korba_CECB_15Min.csv,https://airquality.cpcb.gov.in/dataRepository/download_file?file_name=Raw_data/15Min/2021/site_5657_Urja_Nagar_Korba_CECB_15Min.csv,https://airquality.cpcb.gov.in/dataRepository/download_file?file_name=Raw_data/15Min/2020/site_5657_Urja_Nagar_Korba_CECB_15Min.csv,https://airquality.cpcb.gov.in/dataRepository/download_file?file_name=Raw_data/15Min/2019/site_5657_Urja_Nagar_Korba_CECB_15Min.csv,https://airquality.cpcb.gov.in/dataRepository/download_file?file_name=Raw_data/15Min/2018/site_5657_Urja_Nagar_Korba_CECB_15Min.csv,https://airquality.cpcb.gov.in/dataRepository/download_file?file_name=Raw_data/15Min/2017/site_5657_Urja_Nagar_Korba_CECB_15Min.csv
site_5658,"Girls College, Sivasagar - PCBA",Sivasagar,Assam,https://airquality.cpcb.gov.in/dataRepository/download_file?file_name=Raw_data/15Min/2026/site_5658_Girls_College_Sivasagar_PCBA_15Min.csv,https://airquality.cpcb.gov.in/dataRepository/download_file?file_name=Raw_data/15Min/2025/site_5658_Girls_College_Sivasagar_PCBA_15Min.csv,https://airquality.cpcb.gov.in/dataRepository/download_file?file_name=Raw_data/15Min/2024/site_5658_Girls_College_Sivasagar_PCBA_15Min.csv,https://airquality.cpcb.gov.in/dataRepository/download_file?file_name=Raw_data/15Min/2023/site_5658_Girls_College_Sivasagar_PCBA_15Min.csv,https://airquality.cpcb.gov.in/dataRepository/download_file?file_name=Raw_data/15Min/2022/site_5658_Girls_College_Sivasagar_PCBA_15Min.csv,https://airquality.cpcb.gov.in/dataRepository/download_file?file_name=Raw_data/15Min/2021/site_5658_Girls_College_Sivasagar_PCBA_15Min.csv,https://airquality.cpcb.gov.in/dataRepository/download_file?file_name=Raw_data/15Min/2020/site_5658_Girls_College_Sivasagar_PCBA_15Min.csv,https://airquality.cpcb.gov.in/dataRepository/download_file?file_name=Raw_data/15Min/2019/site_5658_Girls_College_Sivasagar_PCBA_15Min.csv,https://airquality.cpcb.gov.in/dataRepository/download_file?file_name=Raw_data/15Min/2018/site_5658_Girls_College_Sivasagar_PCBA_15Min.csv,https://airquality.cpcb.gov.in/dataRepository/download_file?file_name=Raw_data/15Min/2017/site_5658_Girls_College_Sivasagar_PCBA_15Min.csv
site_5659,"Hathkhoj, Bhilai - CECB",Bhilai,Chhattisgarh,https://airquality.cpcb.gov.in/dataRepository/download_file?file_name=Raw_data/15Min/2026/site_5659_Hathkhoj_Bhilai_CECB_15Min.csv,https://airquality.cpcb.gov.in/dataRepository/download_file?file_name=Raw_data/15Min/2025/site_5659_Hathkhoj_Bhilai_CECB_15Min.csv,https://airquality.cpcb.gov.in/dataRepository/download_file?file_name=Raw_data/15Min/2024/site_5659_Hathkhoj_Bhilai_CECB_15Min.csv,https://airquality.cpcb.gov.in/dataRepository/download_file?file_name=Raw_data/15Min/2023/site_5659_Hathkhoj_Bhilai_CECB_15Min.csv,https://airquality.cpcb.gov.in/dataRepository/download_file?file_name=Raw_data/15Min/2022/site_5659_Hathkhoj_Bhilai_CECB_15Min.csv,https://airquality.cpcb.gov.in/dataRepository/download_file?file_name=Raw_data/15Min/2021/site_5659_Hathkhoj_Bhilai_CECB_15Min.csv,https://airquality.cpcb.gov.in/dataRepository/download_file?file_name=Raw_data/15Min/2020/site_5659_Hathkhoj_Bhilai_CECB_15Min.csv,https://airquality.cpcb.gov.in/dataRepository/download_file?file_name=Raw_data/15Min/2019/site_5659_Hathkhoj_Bhilai_CECB_15Min.csv,https://airquality.cpcb.gov.in/dataRepository/download_file?file_name=Raw_data/15Min/2018/site_5659_Hathkhoj_Bhilai_CECB_15Min.csv,https://airquality.cpcb.gov.in/dataRepository/download_file?file_name=Raw_data/15Min/2017/site_5659_Hathkhoj_Bhilai_CECB_15Min.csv
site_5660,"32Bungalows, Bhilai - CECB",Bhilai,Chhattisgarh,https://airquality.cpcb.gov.in/dataRepository/download_file?file_name=Raw_data/15Min/2026/site_5660_32Bungalows_Bhilai_CECB_15Min.csv,https://airquality.cpcb.gov.in/dataRepository/download_file?file_name=Raw_data/15Min/2025/site_5660_32Bungalows_Bhilai_CECB_15Min.csv,https://airquality.cpcb.gov.in/dataRepository/download_file?file_name=Raw_data/15Min/2024/site_5660_32Bungalows_Bhilai_CECB_15Min.csv,https://airquality.cpcb.gov.in/dataRepository/download_file?file_name=Raw_data/15Min/2023/site_5660_32Bungalows_Bhilai_CECB_15Min.csv,https://airquality.cpcb.gov.in/dataRepository/download_file?file_name=Raw_data/15Min/2022/site_5660_32Bungalows_Bhilai_CECB_15Min.csv,https://airquality.cpcb.gov.in/dataRepository/download_file?file_name=Raw_data/15Min/2021/site_5660_32Bungalows_Bhilai_CECB_15Min.csv,https://airquality.cpcb.gov.in/dataRepository/download_file?file_name=Raw_data/15Min/2020/site_5660_32Bungalows_Bhilai_CECB_15Min.csv,https://airquality.cpcb.gov.in/dataRepository/download_file?file_name=Raw_data/15Min/2019/site_5660_32Bungalows_Bhilai_CECB_15Min.csv,https://airquality.cpcb.gov.in/dataRepository/download_file?file_name=Raw_data/15Min/2018/site_5660_32Bungalows_Bhilai_CECB_15Min.csv,https://airquality.cpcb.gov.in/dataRepository/download_file?file_name=Raw_data/15Min/2017/site_5660_32Bungalows_Bhilai_CECB_15Min.csv
site_5661,"Maharaj Bada, Gwalior - MPPCB",Gwalior,Madhya Pradesh,https://airquality.cpcb.gov.in/dataRepository/download_file?file_name=Raw_data/15Min/2026/site_5661_Maharaj_Bada_Gwalior_MPPCB_15Min.csv,https://airquality.cpcb.gov.in/dataRepository/download_file?file_name=Raw_data/15Min/2025/site_5661_Maharaj_Bada_Gwalior_MPPCB_15Min.csv,https://airquality.cpcb.gov.in/dataRepository/download_file?file_name=Raw_data/15Min/2024/site_5661_Maharaj_Bada_Gwalior_MPPCB_15Min.csv,https://airquality.cpcb.gov.in/dataRepository/download_file?file_name=Raw_data/15Min/2023/site_5661_Maharaj_Bada_Gwalior_MPPCB_15Min.csv,https://airquality.cpcb.gov.in/dataRepository/download_file?file_name=Raw_data/15Min/2022/site_5661_Maharaj_Bada_Gwalior_MPPCB_15Min.csv,https://airquality.cpcb.gov.in/dataRepository/download_file?file_name=Raw_data/15Min/2021/site_5661_Maharaj_Bada_Gwalior_MPPCB_15Min.csv,https://airquality.cpcb.gov.in/dataRepository/download_file?file_name=Raw_data/15Min/2020/site_5661_Maharaj_Bada_Gwalior_MPPCB_15Min.csv,https://airquality.cpcb.gov.in/dataRepository/download_file?file_name=Raw_data/15Min/2019/site_5661_Maharaj_Bada_Gwalior_MPPCB_15Min.csv,https://airquality.cpcb.gov.in/dataRepository/download_file?file_name=Raw_data/15Min/2018/site_5661_Maharaj_Bada_Gwalior_MPPCB_15Min.csv,https://airquality.cpcb.gov.in/dataRepository/download_file?file_name=Raw_data/15Min/2017/site_5661_Maharaj_Bada_Gwalior_MPPCB_15Min.csv
site_5662,"Civil Lines, Sagar - MPPCB",Sagar,Madhya Pradesh,https://airquality.cpcb.gov.in/dataRepository/download_file?file_name=Raw_data/15Min/2026/site_5662_Civil_Lines_Sagar_MPPCB_15Min.csv,https://airquality.cpcb.gov.in/dataRepository/download_file?file_name=Raw_data/15Min/2025/site_5662_Civil_Lines_Sagar_MPPCB_15Min.csv,https://airquality.cpcb.gov.in/dataRepository/download_file?file_name=Raw_data/15Min/2024/site_5662_Civil_Lines_Sagar_MPPCB_15Min.csv,https://airquality.cpcb.gov.in/dataRepository/download_file?file_name=Raw_data/15Min/2023/site_5662_Civil_Lines_Sagar_MPPCB_15Min.csv,https://airquality.cpcb.gov.in/dataRepository/download_file?file_name=Raw_data/15Min/2022/site_5662_Civil_Lines_Sagar_MPPCB_15Min.csv,https://airquality.cpcb.gov.in/dataRepository/download_file?file_name=Raw_data/15Min/2021/site_5662_Civil_Lines_Sagar_MPPCB_15Min.csv,https://airquality.cpcb.gov.in/dataRepository/download_file?file_name=Raw_data/15Min/2020/site_5662_Civil_Lines_Sagar_MPPCB_15Min.csv,https://airquality.cpcb.gov.in/dataRepository/download_file?file_name=Raw_data/15Min/2019/site_5662_Civil_Lines_Sagar_MPPCB_15Min.csv,https://airquality.cpcb.gov.in/dataRepository/download_file?file_name=Raw_data/15Min/2018/site_5662_Civil_Lines_Sagar_MPPCB_15Min.csv,https://airquality.cpcb.gov.in/dataRepository/download_file?file_name=Raw_data/15Min/2017/site_5662_Civil_Lines_Sagar_MPPCB_15Min.csv
site_5664,"Science Center, Surat - SMC",Surat,Gujarat,https://airquality.cpcb.gov.in/dataRepository/download_file?file_name=Raw_data/15Min/2026/site_5664_Science_Center_Surat_SMC_15Min.csv,https://airquality.cpcb.gov.in/dataRepository/download_file?file_name=Raw_data/15Min/2025/site_5664_Science_Center_Surat_SMC_15Min.csv,https://airquality.cpcb.gov.in/dataRepository/download_file?file_name=Raw_data/15Min/2024/site_5664_Science_Center_Surat_SMC_15Min.csv,https://airquality.cpcb.gov.in/dataRepository/download_file?file_name=Raw_data/15Min/2023/site_5664_Science_Center_Surat_SMC_15Min.csv,https://airquality.cpcb.gov.in/dataRepository/download_file?file_name=Raw_data/15Min/2022/site_5664_Science_Center_Surat_SMC_15Min.csv,,,,https://airquality.cpcb.gov.in/dataRepository/download_file?file_name=Raw_data/15Min/2018/site_5664_Science_Center_Surat_SMC_15Min.csv,https://airquality.cpcb.gov.in/dataRepository/download_file?file_name=Raw_data/15Min/2017/site_5664_Science_Center_Surat_SMC_15Min.csv
site_5665,"Gangineni Cheruvu, Chittoor - APPCB",Chittoor,Andhra Pradesh,https://airquality.cpcb.gov.in/dataRepository/download_file?file_name=Raw_data/15Min/2026/site_5665_Gangineni_Cheruvu_Chittoor_APPCB_15Min.csv,https://airquality.cpcb.gov.in/dataRepository/download_file?file_name=Raw_data/15Min/2025/site_5665_Gangineni_Cheruvu_Chittoor_APPCB_15Min.csv,https://airquality.cpcb.gov.in/dataRepository/download_file?file_name=Raw_data/15Min/2024/site_5665_Gangineni_Cheruvu_Chittoor_APPCB_15Min.csv,https://airquality.cpcb.gov.in/dataRepository/download_file?file_name=Raw_data/15Min/2023/site_5665_Gangineni_Cheruvu_Chittoor_APPCB_15Min.csv,https://airquality.cpcb.gov.in/dataRepository/download_file?file_name=Raw_data/15Min/2022/site_5665_Gangineni_Cheruvu_Chittoor_APPCB_15Min.csv,,,,https://airquality.cpcb.gov.in/dataRepository/download_file?file_name=Raw_data/15Min/2018/site_5665_Gangineni_Cheruvu_Chittoor_APPCB_15Min.csv,https://airquality.cpcb.gov.in/dataRepository/download_file?file_name=Raw_data/15Min/2017/site_5665_Gangineni_Cheruvu_Chittoor_APPCB_15Min.csv
site_5666,"Vaikuntapuram, Tirupati - APPCB",Tirupati,Andhra Pradesh,https://airquality.cpcb.gov.in/dataRepository/download_file?file_name=Raw_data/15Min/2026/site_5666_Vaikuntapuram_Tirupati_APPCB_15Min.csv,https://airquality.cpcb.gov.in/dataRepository/download_file?file_name=Raw_data/15Min/2025/site_5666_Vaikuntapuram_Tirupati_APPCB_15Min.csv,https://airquality.cpcb.gov.in/dataRepository/download_file?file_name=Raw_data/15Min/2024/site_5666_Vaikuntapuram_Tirupati_APPCB_15Min.csv,https://airquality.cpcb.gov.in/dataRepository/download_file?file_name=Raw_data/15Min/2023/site_5666_Vaikuntapuram_Tirupati_APPCB_15Min.csv,https://airquality.cpcb.gov.in/dataRepository/download_file?file_name=Raw_data/15Min/2022/site_5666_Vaikuntapuram_Tirupati_APPCB_15Min.csv,,,,https://airquality.cpcb.gov.in/dataRepository/download_file?file_name=Raw_data/15Min/2018/site_5666_Vaikuntapuram_Tirupati_APPCB_15Min.csv,https://airquality.cpcb.gov.in/dataRepository/download_file?file_name=Raw_data/15Min/2017/site_5666_Vaikuntapuram_Tirupati_APPCB_15Min.csv
site_5667,"Deen Dayal Nagar, Gwalior - MPPCB",Gwalior,Madhya Pradesh,https://airquality.cpcb.gov.in/dataRepository/download_file?file_name=Raw_data/15Min/2026/site_5667_Deen_Dayal_Nagar_Gwalior_MPPCB_15Min.csv,https://airquality.cpcb.gov.in/dataRepository/download_file?file_name=Raw_data/15Min/2025/site_5667_Deen_Dayal_Nagar_Gwalior_MPPCB_15Min.csv,https://airquality.cpcb.gov.in/dataRepository/download_file?file_name=Raw_data/15Min/2024/site_5667_Deen_Dayal_Nagar_Gwalior_MPPCB_15Min.csv,https://airquality.cpcb.gov.in/dataRepository/download_file?file_name=Raw_data/15Min/2023/site_5667_Deen_Dayal_Nagar_Gwalior_MPPCB_15Min.csv,https://airquality.cpcb.gov.in/dataRepository/download_file?file_name=Raw_data/15Min/2022/site_5667_Deen_Dayal_Nagar_Gwalior_MPPCB_15Min.csv,,,,https://airquality.cpcb.gov.in/dataRepository/download_file?file_name=Raw_data/15Min/2018/site_5667_Deen_Dayal_Nagar_Gwalior_MPPCB_15Min.csv,https://airquality.cpcb.gov.in/dataRepository/download_file?file_name=Raw_data/15Min/2017/site_5667_Deen_Dayal_Nagar_Gwalior_MPPCB_15Min.csv
site_5668,"Bata Chowk, Nalbari - PCBA",Nalbari,Assam,https://airquality.cpcb.gov.in/dataRepository/download_file?file_name=Raw_data/15Min/2026/site_5668_Bata_Chowk_Nalbari_PCBA_15Min.csv,https://airquality.cpcb.gov.in/dataRepository/download_file?file_name=Raw_data/15Min/2025/site_5668_Bata_Chowk_Nalbari_PCBA_15Min.csv,https://airquality.cpcb.gov.in/dataRepository/download_file?file_name=Raw_data/15Min/2024/site_5668_Bata_Chowk_Nalbari_PCBA_15Min.csv,https://airquality.cpcb.gov.in/dataRepository/download_file?file_name=Raw_data/15Min/2023/site_5668_Bata_Chowk_Nalbari_PCBA_15Min.csv,https://airquality.cpcb.gov.in/dataRepository/download_file?file_name=Raw_data/15Min/2022/site_5668_Bata_Chowk_Nalbari_PCBA_15Min.csv,,,,https://airquality.cpcb.gov.in/dataRepository/download_file?file_name=Raw_data/15Min/2018/site_5668_Bata_Chowk_Nalbari_PCBA_15Min.csv,https://airquality.cpcb.gov.in/dataRepository/download_file?file_name=Raw_data/15Min/2017/site_5668_Bata_Chowk_Nalbari_PCBA_15Min.csv
site_5669,"Central Academy for SFS, Byrnihat - PCBA",Byrnihat,Assam,https://airquality.cpcb.gov.in/dataRepository/download_file?file_name=Raw_data/15Min/2026/site_5669_Central_Academy_for_SFS_Byrnihat_PCBA_15Min.csv,https://airquality.cpcb.gov.in/dataRepository/download_file?file_name=Raw_data/15Min/2025/site_5669_Central_Academy_for_SFS_Byrnihat_PCBA_15Min.csv,https://airquality.cpcb.gov.in/dataRepository/download_file?file_name=Raw_data/15Min/2024/site_5669_Central_Academy_for_SFS_Byrnihat_PCBA_15Min.csv,https://airquality.cpcb.gov.in/dataRepository/download_file?file_name=Raw_data/15Min/2023/site_5669_Central_Academy_for_SFS_Byrnihat_PCBA_15Min.csv,https://airquality.cpcb.gov.in/dataRepository/download_file?file_name=Raw_data/15Min/2022/site_5669_Central_Academy_for_SFS_Byrnihat_PCBA_15Min.csv,,,,https://airquality.cpcb.gov.in/dataRepository/download_file?file_name=Raw_data/15Min/2018/site_5669_Central_Academy_for_SFS_Byrnihat_PCBA_15Min.csv,https://airquality.cpcb.gov.in/dataRepository/download_file?file_name=Raw_data/15Min/2017/site_5669_Central_Academy_for_SFS_Byrnihat_PCBA_15Min.csv
site_5670,"Meher Colony, Baripada - OSPCB",Baripada,Odisha,https://airquality.cpcb.gov.in/dataRepository/download_file?file_name=Raw_data/15Min/2026/site_5670_Meher_Colony_Baripada_OSPCB_15Min.csv,https://airquality.cpcb.gov.in/dataRepository/download_file?file_name=Raw_data/15Min/2025/site_5670_Meher_Colony_Baripada_OSPCB_15Min.csv,https://airquality.cpcb.gov.in/dataRepository/download_file?file_name=Raw_data/15Min/2024/site_5670_Meher_Colony_Baripada_OSPCB_15Min.csv,https://airquality.cpcb.gov.in/dataRepository/download_file?file_name=Raw_data/15Min/2023/site_5670_Meher_Colony_Baripada_OSPCB_15Min.csv,https://airquality.cpcb.gov.in/dataRepository/download_file?file_name=Raw_data/15Min/2022/site_5670_Meher_Colony_Baripada_OSPCB_15Min.csv,,,,https://airquality.cpcb.gov.in/dataRepository/download_file?file_name=Raw_data/15Min/2018/site_5670_Meher_Colony_Baripada_OSPCB_15Min.csv,https://airquality.cpcb.gov.in/dataRepository/download_file?file_name=Raw_data/15Min/2017/site_5670_Meher_Colony_Baripada_OSPCB_15Min.csv
site_5671,"Jagamohanpur, Keonjhar - OSPCB",Keonjhar,Odisha,https://airquality.cpcb.gov.in/dataRepository/download_file?file_name=Raw_data/15Min/2026/site_5671_Jagamohanpur_Keonjhar_OSPCB_15Min.csv,https://airquality.cpcb.gov.in/dataRepository/download_file?file_name=Raw_data/15Min/2025/site_5671_Jagamohanpur_Keonjhar_OSPCB_15Min.csv,https://airquality.cpcb.gov.in/dataRepository/download_file?file_name=Raw_data/15Min/2024/site_5671_Jagamohanpur_Keonjhar_OSPCB_15Min.csv,https://airquality.cpcb.gov.in/dataRepository/download_file?file_name=Raw_data/15Min/2023/site_5671_Jagamohanpur_Keonjhar_OSPCB_15Min.csv,https://airquality.cpcb.gov.in/dataRepository/download_file?file_name=Raw_data/15Min/2022/site_5671_Jagamohanpur_Keonjhar_OSPCB_15Min.csv,,,,https://airquality.cpcb.gov.in/dataRepository/download_file?file_name=Raw_data/15Min/2018/site_5671_Jagamohanpur_Keonjhar_OSPCB_15Min.csv,https://airquality.cpcb.gov.in/dataRepository/download_file?file_name=Raw_data/15Min/2017/site_5671_Jagamohanpur_Keonjhar_OSPCB_15Min.csv
site_5672,"Divisional Forest Office, Rairangpur - OSPCB",Rairangpur,Odisha,https://airquality.cpcb.gov.in/dataRepository/download_file?file_name=Raw_data/15Min/2026/site_5672_Divisional_Forest_Office_Rairangpur_OSPCB_15Min.csv,https://airquality.cpcb.gov.in/dataRepository/download_file?file_name=Raw_data/15Min/2025/site_5672_Divisional_Forest_Office_Rairangpur_OSPCB_15Min.csv,https://airquality.cpcb.gov.in/dataRepository/download_file?file_name=Raw_data/15Min/2024/site_5672_Divisional_Forest_Office_Rairangpur_OSPCB_15Min.csv,https://airquality.cpcb.gov.in/dataRepository/download_file?file_name=Raw_data/15Min/2023/site_5672_Divisional_Forest_Office_Rairangpur_OSPCB_15Min.csv,https://airquality.cpcb.gov.in/dataRepository/download_file?file_name=Raw_data/15Min/2022/site_5672_Divisional_Forest_Office_Rairangpur_OSPCB_15Min.csv,,,,https://airquality.cpcb.gov.in/dataRepository/download_file?file_name=Raw_data/15Min/2018/site_5672_Divisional_Forest_Office_Rairangpur_OSPCB_15Min.csv,https://airquality.cpcb.gov.in/dataRepository/download_file?file_name=Raw_data/15Min/2017/site_5672_Divisional_Forest_Office_Rairangpur_OSPCB_15Min.csv
site_5673,"Tata Township, Bileipada - OSPCB",Bileipada,Odisha,https://airquality.cpcb.gov.in/dataRepository/download_file?file_name=Raw_data/15Min/2026/site_5673_Tata_Township_Bileipada_OSPCB_15Min.csv,https://airquality.cpcb.gov.in/dataRepository/download_file?file_name=Raw_data/15Min/2025/site_5673_Tata_Township_Bileipada_OSPCB_15Min.csv,https://airquality.cpcb.gov.in/dataRepository/download_file?file_name=Raw_data/15Min/2024/site_5673_Tata_Township_Bileipada_OSPCB_15Min.csv,https://airquality.cpcb.gov.in/dataRepository/download_file?file_name=Raw_data/15Min/2023/site_5673_Tata_Township_Bileipada_OSPCB_15Min.csv,https://airquality.cpcb.gov.in/dataRepository/download_file?file_name=Raw_data/15Min/2022/site_5673_Tata_Township_Bileipada_OSPCB_15Min.csv,,,,https://airquality.cpcb.gov.in/dataRepository/download_file?file_name=Raw_data/15Min/2018/site_5673_Tata_Township_Bileipada_OSPCB_15Min.csv,https://airquality.cpcb.gov.in/dataRepository/download_file?file_name=Raw_data/15Min/2017/site_5673_Tata_Township_Bileipada_OSPCB_15Min.csv
site_5674,"Dabuna, Nayagarh - OSPCB",Nayagarh,Odisha,https://airquality.cpcb.gov.in/dataRepository/download_file?file_name=Raw_data/15Min/2026/site_5674_Dabuna_Nayagarh_OSPCB_15Min.csv,https://airquality.cpcb.gov.in/dataRepository/download_file?file_name=Raw_data/15Min/2025/site_5674_Dabuna_Nayagarh_OSPCB_15Min.csv,https://airquality.cpcb.gov.in/dataRepository/download_file?file_name=Raw_data/15Min/2024/site_5674_Dabuna_Nayagarh_OSPCB_15Min.csv,https://airquality.cpcb.gov.in/dataRepository/download_file?file_name=Raw_data/15Min/2023/site_5674_Dabuna_Nayagarh_OSPCB_15Min.csv,https://airquality.cpcb.gov.in/dataRepository/download_file?file_name=Raw_data/15Min/2022/site_5674_Dabuna_Nayagarh_OSPCB_15Min.csv,,,,https://airquality.cpcb.gov.in/dataRepository/download_file?file_name=Raw_data/15Min/2018/site_5674_Dabuna_Nayagarh_OSPCB_15Min.csv,https://airquality.cpcb.gov.in/dataRepository/download_file?file_name=Raw_data/15Min/2017/site_5674_Dabuna_Nayagarh_OSPCB_15Min.csv
site_5675,"Raghunathpali, Rourkela - OSPCB",Rourkela,Odisha,https://airquality.cpcb.gov.in/dataRepository/download_file?file_name=Raw_data/15Min/2026/site_5675_Raghunathpali_Rourkela_OSPCB_15Min.csv,https://airquality.cpcb.gov.in/dataRepository/download_file?file_name=Raw_data/15Min/2025/site_5675_Raghunathpali_Rourkela_OSPCB_15Min.csv,https://airquality.cpcb.gov.in/dataRepository/download_file?file_name=Raw_data/15Min/2024/site_5675_Raghunathpali_Rourkela_OSPCB_15Min.csv,https://airquality.cpcb.gov.in/dataRepository/download_file?file_name=Raw_data/15Min/2023/site_5675_Raghunathpali_Rourkela_OSPCB_15Min.csv,https://airquality.cpcb.gov.in/dataRepository/download_file?file_name=Raw_data/15Min/2022/site_5675_Raghunathpali_Rourkela_OSPCB_15Min.csv,,,,https://airquality.cpcb.gov.in/dataRepository/download_file?file_name=Raw_data/15Min/2018/site_5675_Raghunathpali_Rourkela_OSPCB_15Min.csv,https://airquality.cpcb.gov.in/dataRepository/download_file?file_name=Raw_data/15Min/2017/site_5675_Raghunathpali_Rourkela_OSPCB_15Min.csv
site_5676,"OMC Colony, Suakati - OSPCB",Suakati,Odisha,https://airquality.cpcb.gov.in/dataRepository/download_file?file_name=Raw_data/15Min/2026/site_5676_OMC_Colony_Suakati_OSPCB_15Min.csv,https://airquality.cpcb.gov.in/dataRepository/download_file?file_name=Raw_data/15Min/2025/site_5676_OMC_Colony_Suakati_OSPCB_15Min.csv,https://airquality.cpcb.gov.in/dataRepository/download_file?file_name=Raw_data/15Min/2024/site_5676_OMC_Colony_Suakati_OSPCB_15Min.csv,https://airquality.cpcb.gov.in/dataRepository/download_file?file_name=Raw_data/15Min/2023/site_5676_OMC_Colony_Suakati_OSPCB_15Min.csv,https://airquality.cpcb.gov.in/dataRepository/download_file?file_name=Raw_data/15Min/2022/site_5676_OMC_Colony_Suakati_OSPCB_15Min.csv,,,,https://airquality.cpcb.gov.in/dataRepository/download_file?file_name=Raw_data/15Min/2018/site_5676_OMC_Colony_Suakati_OSPCB_15Min.csv,https://airquality.cpcb.gov.in/dataRepository/download_file?file_name=Raw_data/15Min/2017/site_5676_OMC_Colony_Suakati_OSPCB_15Min.csv
site_5677,"Barsua Iron Ore Mines, Tensa - OSPCB",Tensa,Odisha,https://airquality.cpcb.gov.in/dataRepository/download_file?file_name=Raw_data/15Min/2026/site_5677_Barsua_Iron_Ore_Mines_Tensa_OSPCB_15Min.csv,https://airquality.cpcb.gov.in/dataRepository/download_file?file_name=Raw_data/15Min/2025/site_5677_Barsua_Iron_Ore_Mines_Tensa_OSPCB_15Min.csv,https://airquality.cpcb.gov.in/dataRepository/download_file?file_name=Raw_data/15Min/2024/site_5677_Barsua_Iron_Ore_Mines_Tensa_OSPCB_15Min.csv,https://airquality.cpcb.gov.in/dataRepository/download_file?file_name=Raw_data/15Min/2023/site_5677_Barsua_Iron_Ore_Mines_Tensa_OSPCB_15Min.csv,https://airquality.cpcb.gov.in/dataRepository/download_file?file_name=Raw_data/15Min/2022/site_5677_Barsua_Iron_Ore_Mines_Tensa_OSPCB_15Min.csv,,,,https://airquality.cpcb.gov.in/dataRepository/download_file?file_name=Raw_data/15Min/2018/site_5677_Barsua_Iron_Ore_Mines_Tensa_OSPCB_15Min.csv,https://airquality.cpcb.gov.in/dataRepository/download_file?file_name=Raw_data/15Min/2017/site_5677_Barsua_Iron_Ore_Mines_Tensa_OSPCB_15Min.csv
site_5678,"RVCE-Mailasandra, Bengaluru - KSPCB",Bengaluru,Karnataka,,https://airquality.cpcb.gov.in/dataRepository/download_file?file_name=Raw_data/15Min/2025/site_5678_RVCE-Mailasandra_Bengaluru_KSPCB_15Min.csv,https://airquality.cpcb.gov.in/dataRepository/download_file?file_name=Raw_data/15Min/2024/site_5678_RVCE-Mailasandra_Bengaluru_KSPCB_15Min.csv,https://airquality.cpcb.gov.in/dataRepository/download_file?file_name=Raw_data/15Min/2023/site_5678_RVCE-Mailasandra_Bengaluru_KSPCB_15Min.csv,https://airquality.cpcb.gov.in/dataRepository/download_file?file_name=Raw_data/15Min/2022/site_5678_RVCE-Mailasandra_Bengaluru_KSPCB_15Min.csv,,,,https://airquality.cpcb.gov.in/dataRepository/download_file?file_name=Raw_data/15Min/2018/site_5678_RVCE-Mailasandra_Bengaluru_KSPCB_15Min.csv,https://airquality.cpcb.gov.in/dataRepository/download_file?file_name=Raw_data/15Min/2017/site_5678_RVCE-Mailasandra_Bengaluru_KSPCB_15Min.csv
site_5679,"Mahatma Basaveswar Colony, Kalaburgi - KSPCB",Kalaburagi,Karnataka,https://airquality.cpcb.gov.in/dataRepository/download_file?file_name=Raw_data/15Min/2026/site_5679_Mahatma_Basaveswar_Colony_Kalaburgi_KSPCB_15Min.csv,https://airquality.cpcb.gov.in/dataRepository/download_file?file_name=Raw_data/15Min/2025/site_5679_Mahatma_Basaveswar_Colony_Kalaburgi_KSPCB_15Min.csv,https://airquality.cpcb.gov.in/dataRepository/download_file?file_name=Raw_data/15Min/2024/site_5679_Mahatma_Basaveswar_Colony_Kalaburgi_KSPCB_15Min.csv,https://airquality.cpcb.gov.in/dataRepository/download_file?file_name=Raw_data/15Min/2023/site_5679_Mahatma_Basaveswar_Colony_Kalaburgi_KSPCB_15Min.csv,https://airquality.cpcb.gov.in/dataRepository/download_file?file_name=Raw_data/15Min/2022/site_5679_Mahatma_Basaveswar_Colony_Kalaburgi_KSPCB_15Min.csv,,,,https://airquality.cpcb.gov.in/dataRepository/download_file?file_name=Raw_data/15Min/2018/site_5679_Mahatma_Basaveswar_Colony_Kalaburgi_KSPCB_15Min.csv,https://airquality.cpcb.gov.in/dataRepository/download_file?file_name=Raw_data/15Min/2017/site_5679_Mahatma_Basaveswar_Colony_Kalaburgi_KSPCB_15Min.csv
site_5680,"Lingaraj Nagar, Hubballi - KSPCB",Hubballi,Karnataka,https://airquality.cpcb.gov.in/dataRepository/download_file?file_name=Raw_data/15Min/2026/site_5680_Lingaraj_Nagar_Hubballi_KSPCB_15Min.csv,https://airquality.cpcb.gov.in/dataRepository/download_file?file_name=Raw_data/15Min/2025/site_5680_Lingaraj_Nagar_Hubballi_KSPCB_15Min.csv,https://airquality.cpcb.gov.in/dataRepository/download_file?file_name=Raw_data/15Min/2024/site_5680_Lingaraj_Nagar_Hubballi_KSPCB_15Min.csv,https://airquality.cpcb.gov.in/dataRepository/download_file?file_name=Raw_data/15Min/2023/site_5680_Lingaraj_Nagar_Hubballi_KSPCB_15Min.csv,https://airquality.cpcb.gov.in/dataRepository/download_file?file_name=Raw_data/15Min/2022/site_5680_Lingaraj_Nagar_Hubballi_KSPCB_15Min.csv,,,,https://airquality.cpcb.gov.in/dataRepository/download_file?file_name=Raw_data/15Min/2018/site_5680_Lingaraj_Nagar_Hubballi_KSPCB_15Min.csv,https://airquality.cpcb.gov.in/dataRepository/download_file?file_name=Raw_data/15Min/2017/site_5680_Lingaraj_Nagar_Hubballi_KSPCB_15Min.csv
site_5681,"Kasturi Nagar, Bengaluru - KSPCB",Bengaluru,Karnataka,https://airquality.cpcb.gov.in/dataRepository/download_file?file_name=Raw_data/15Min/2026/site_5681_Kasturi_Nagar_Bengaluru_KSPCB_15Min.csv,https://airquality.cpcb.gov.in/dataRepository/download_file?file_name=Raw_data/15Min/2025/site_5681_Kasturi_Nagar_Bengaluru_KSPCB_15Min.csv,https://airquality.cpcb.gov.in/dataRepository/download_file?file_name=Raw_data/15Min/2024/site_5681_Kasturi_Nagar_Bengaluru_KSPCB_15Min.csv,https://airquality.cpcb.gov.in/dataRepository/download_file?file_name=Raw_data/15Min/2023/site_5681_Kasturi_Nagar_Bengaluru_KSPCB_15Min.csv,https://airquality.cpcb.gov.in/dataRepository/download_file?file_name=Raw_data/15Min/2022/site_5681_Kasturi_Nagar_Bengaluru_KSPCB_15Min.csv,,,,https://airquality.cpcb.gov.in/dataRepository/download_file?file_name=Raw_data/15Min/2018/site_5681_Kasturi_Nagar_Bengaluru_KSPCB_15Min.csv,https://airquality.cpcb.gov.in/dataRepository/download_file?file_name=Raw_data/15Min/2017/site_5681_Kasturi_Nagar_Bengaluru_KSPCB_15Min.csv
site_5682,"Thimmalapura, Tumakuru - KSPCB",Tumakuru,Karnataka,https://airquality.cpcb.gov.in/dataRepository/download_file?file_name=Raw_data/15Min/2026/site_5682_Thimmalapura_Tumakuru_KSPCB_15Min.csv,https://airquality.cpcb.gov.in/dataRepository/download_file?file_name=Raw_data/15Min/2025/site_5682_Thimmalapura_Tumakuru_KSPCB_15Min.csv,https://airquality.cpcb.gov.in/dataRepository/download_file?file_name=Raw_data/15Min/2024/site_5682_Thimmalapura_Tumakuru_KSPCB_15Min.csv,https://airquality.cpcb.gov.in/dataRepository/download_file?file_name=Raw_data/15Min/2023/site_5682_Thimmalapura_Tumakuru_KSPCB_15Min.csv,https://airquality.cpcb.gov.in/dataRepository/download_file?file_name=Raw_data/15Min/2022/site_5682_Thimmalapura_Tumakuru_KSPCB_15Min.csv,,,,https://airquality.cpcb.gov.in/dataRepository/download_file?file_name=Raw_data/15Min/2018/site_5682_Thimmalapura_Tumakuru_KSPCB_15Min.csv,https://airquality.cpcb.gov.in/dataRepository/download_file?file_name=Raw_data/15Min/2017/site_5682_Thimmalapura_Tumakuru_KSPCB_15Min.csv
site_5683,"LGBI Airport, Guwahati - PCBA",Guwahati,Assam,https://airquality.cpcb.gov.in/dataRepository/download_file?file_name=Raw_data/15Min/2026/site_5683_LGBI_Airport_Guwahati_PCBA_15Min.csv,https://airquality.cpcb.gov.in/dataRepository/download_file?file_name=Raw_data/15Min/2025/site_5683_LGBI_Airport_Guwahati_PCBA_15Min.csv,https://airquality.cpcb.gov.in/dataRepository/download_file?file_name=Raw_data/15Min/2024/site_5683_LGBI_Airport_Guwahati_PCBA_15Min.csv,https://airquality.cpcb.gov.in/dataRepository/download_file?file_name=Raw_data/15Min/2023/site_5683_LGBI_Airport_Guwahati_PCBA_15Min.csv,https://airquality.cpcb.gov.in/dataRepository/download_file?file_name=Raw_data/15Min/2022/site_5683_LGBI_Airport_Guwahati_PCBA_15Min.csv,,,,https://airquality.cpcb.gov.in/dataRepository/download_file?file_name=Raw_data/15Min/2018/site_5683_LGBI_Airport_Guwahati_PCBA_15Min.csv,https://airquality.cpcb.gov.in/dataRepository/download_file?file_name=Raw_data/15Min/2017/site_5683_LGBI_Airport_Guwahati_PCBA_15Min.csv
site_5684,"Tarapur, Silchar - PCBA",Silchar,Assam,https://airquality.cpcb.gov.in/dataRepository/download_file?file_name=Raw_data/15Min/2026/site_5684_Tarapur_Silchar_PCBA_15Min.csv,https://airquality.cpcb.gov.in/dataRepository/download_file?file_name=Raw_data/15Min/2025/site_5684_Tarapur_Silchar_PCBA_15Min.csv,https://airquality.cpcb.gov.in/dataRepository/download_file?file_name=Raw_data/15Min/2024/site_5684_Tarapur_Silchar_PCBA_15Min.csv,https://airquality.cpcb.gov.in/dataRepository/download_file?file_name=Raw_data/15Min/2023/site_5684_Tarapur_Silchar_PCBA_15Min.csv,https://airquality.cpcb.gov.in/dataRepository/download_file?file_name=Raw_data/15Min/2022/site_5684_Tarapur_Silchar_PCBA_15Min.csv,,,,https://airquality.cpcb.gov.in/dataRepository/download_file?file_name=Raw_data/15Min/2018/site_5684_Tarapur_Silchar_PCBA_15Min.csv,https://airquality.cpcb.gov.in/dataRepository/download_file?file_name=Raw_data/15Min/2017/site_5684_Tarapur_Silchar_PCBA_15Min.csv
site_5685,"Kanuru, Vijayawada - APPCB",Vijayawada,Andhra Pradesh,https://airquality.cpcb.gov.in/dataRepository/download_file?file_name=Raw_data/15Min/2026/site_5685_Kanuru_Vijayawada_APPCB_15Min.csv,https://airquality.cpcb.gov.in/dataRepository/download_file?file_name=Raw_data/15Min/2025/site_5685_Kanuru_Vijayawada_APPCB_15Min.csv,https://airquality.cpcb.gov.in/dataRepository/download_file?file_name=Raw_data/15Min/2024/site_5685_Kanuru_Vijayawada_APPCB_15Min.csv,https://airquality.cpcb.gov.in/dataRepository/download_file?file_name=Raw_data/15Min/2023/site_5685_Kanuru_Vijayawada_APPCB_15Min.csv,https://airquality.cpcb.gov.in/dataRepository/download_file?file_name=Raw_data/15Min/2022/site_5685_Kanuru_Vijayawada_APPCB_15Min.csv,,,,https://airquality.cpcb.gov.in/dataRepository/download_file?file_name=Raw_data/15Min/2018/site_5685_Kanuru_Vijayawada_APPCB_15Min.csv,https://airquality.cpcb.gov.in/dataRepository/download_file?file_name=Raw_data/15Min/2017/site_5685_Kanuru_Vijayawada_APPCB_15Min.csv
site_5686,"Shivapura_Peenya, Bengaluru - KSPCB",Bengaluru,Karnataka,https://airquality.cpcb.gov.in/dataRepository/download_file?file_name=Raw_data/15Min/2026/site_5686_Shivapura_Peenya_Bengaluru_KSPCB_15Min.csv,https://airquality.cpcb.gov.in/dataRepository/download_file?file_name=Raw_data/15Min/2025/site_5686_Shivapura_Peenya_Bengaluru_KSPCB_15Min.csv,https://airquality.cpcb.gov.in/dataRepository/download_file?file_name=Raw_data/15Min/2024/site_5686_Shivapura_Peenya_Bengaluru_KSPCB_15Min.csv,https://airquality.cpcb.gov.in/dataRepository/download_file?file_name=Raw_data/15Min/2023/site_5686_Shivapura_Peenya_Bengaluru_KSPCB_15Min.csv,https://airquality.cpcb.gov.in/dataRepository/download_file?file_name=Raw_data/15Min/2022/site_5686_Shivapura_Peenya_Bengaluru_KSPCB_15Min.csv,,,,https://airquality.cpcb.gov.in/dataRepository/download_file?file_name=Raw_data/15Min/2018/site_5686_Shivapura_Peenya_Bengaluru_KSPCB_15Min.csv,https://airquality.cpcb.gov.in/dataRepository/download_file?file_name=Raw_data/15Min/2017/site_5686_Shivapura_Peenya_Bengaluru_KSPCB_15Min.csv
site_5687,"Fertilizer Township, Rourkela - OSPCB",Rourkela,Odisha,https://airquality.cpcb.gov.in/dataRepository/download_file?file_name=Raw_data/15Min/2026/site_5687_Fertilizer_Township_Rourkela_OSPCB_15Min.csv,https://airquality.cpcb.gov.in/dataRepository/download_file?file_name=Raw_data/15Min/2025/site_5687_Fertilizer_Township_Rourkela_OSPCB_15Min.csv,https://airquality.cpcb.gov.in/dataRepository/download_file?file_name=Raw_data/15Min/2024/site_5687_Fertilizer_Township_Rourkela_OSPCB_15Min.csv,https://airquality.cpcb.gov.in/dataRepository/download_file?file_name=Raw_data/15Min/2023/site_5687_Fertilizer_Township_Rourkela_OSPCB_15Min.csv,https://airquality.cpcb.gov.in/dataRepository/download_file?file_name=Raw_data/15Min/2022/site_5687_Fertilizer_Township_Rourkela_OSPCB_15Min.csv,,,,https://airquality.cpcb.gov.in/dataRepository/download_file?file_name=Raw_data/15Min/2018/site_5687_Fertilizer_Township_Rourkela_OSPCB_15Min.csv,https://airquality.cpcb.gov.in/dataRepository/download_file?file_name=Raw_data/15Min/2017/site_5687_Fertilizer_Township_Rourkela_OSPCB_15Min.csv
site_5688,"Sector-2, Rourkela - OSPCB",Rourkela,Odisha,,https://airquality.cpcb.gov.in/dataRepository/download_file?file_name=Raw_data/15Min/2025/site_5688_Sector-2_Rourkela_OSPCB_15Min.csv,https://airquality.cpcb.gov.in/dataRepository/download_file?file_name=Raw_data/15Min/2024/site_5688_Sector-2_Rourkela_OSPCB_15Min.csv,https://airquality.cpcb.gov.in/dataRepository/download_file?file_name=Raw_data/15Min/2023/site_5688_Sector-2_Rourkela_OSPCB_15Min.csv,https://airquality.cpcb.gov.in/dataRepository/download_file?file_name=Raw_data/15Min/2022/site_5688_Sector-2_Rourkela_OSPCB_15Min.csv,,,,https://airquality.cpcb.gov.in/dataRepository/download_file?file_name=Raw_data/15Min/2018/site_5688_Sector-2_Rourkela_OSPCB_15Min.csv,https://airquality.cpcb.gov.in/dataRepository/download_file?file_name=Raw_data/15Min/2017/site_5688_Sector-2_Rourkela_OSPCB_15Min.csv
site_5689,"Nawapara SECL Colony, Chhal - CECB",Chhal,Chhattisgarh,https://airquality.cpcb.gov.in/dataRepository/download_file?file_name=Raw_data/15Min/2026/site_5689_Nawapara_SECL_Colony_Chhal_CECB_15Min.csv,https://airquality.cpcb.gov.in/dataRepository/download_file?file_name=Raw_data/15Min/2025/site_5689_Nawapara_SECL_Colony_Chhal_CECB_15Min.csv,https://airquality.cpcb.gov.in/dataRepository/download_file?file_name=Raw_data/15Min/2024/site_5689_Nawapara_SECL_Colony_Chhal_CECB_15Min.csv,https://airquality.cpcb.gov.in/dataRepository/download_file?file_name=Raw_data/15Min/2023/site_5689_Nawapara_SECL_Colony_Chhal_CECB_15Min.csv,https://airquality.cpcb.gov.in/dataRepository/download_file?file_name=Raw_data/15Min/2022/site_5689_Nawapara_SECL_Colony_Chhal_CECB_15Min.csv,,,,https://airquality.cpcb.gov.in/dataRepository/download_file?file_name=Raw_data/15Min/2018/site_5689_Nawapara_SECL_Colony_Chhal_CECB_15Min.csv,https://airquality.cpcb.gov.in/dataRepository/download_file?file_name=Raw_data/15Min/2017/site_5689_Nawapara_SECL_Colony_Chhal_CECB_15Min.csv
site_5690,"OP Jindal School, Kunjemura - CECB",Kunjemura,Chhattisgarh,https://airquality.cpcb.gov.in/dataRepository/download_file?file_name=Raw_data/15Min/2026/site_5690_OP_Jindal_School_Kunjemura_CECB_15Min.csv,https://airquality.cpcb.gov.in/dataRepository/download_file?file_name=Raw_data/15Min/2025/site_5690_OP_Jindal_School_Kunjemura_CECB_15Min.csv,https://airquality.cpcb.gov.in/dataRepository/download_file?file_name=Raw_data/15Min/2024/site_5690_OP_Jindal_School_Kunjemura_CECB_15Min.csv,https://airquality.cpcb.gov.in/dataRepository/download_file?file_name=Raw_data/15Min/2023/site_5690_OP_Jindal_School_Kunjemura_CECB_15Min.csv,https://airquality.cpcb.gov.in/dataRepository/download_file?file_name=Raw_data/15Min/2022/site_5690_OP_Jindal_School_Kunjemura_CECB_15Min.csv,,,,https://airquality.cpcb.gov.in/dataRepository/download_file?file_name=Raw_data/15Min/2018/site_5690_OP_Jindal_School_Kunjemura_CECB_15Min.csv,https://airquality.cpcb.gov.in/dataRepository/download_file?file_name=Raw_data/15Min/2017/site_5690_OP_Jindal_School_Kunjemura_CECB_15Min.csv
site_5691,"Govt. Higher Secondary School, Milupara - CECB",Milupara,Chhattisgarh,https://airquality.cpcb.gov.in/dataRepository/download_file?file_name=Raw_data/15Min/2026/site_5691_Govt._Higher_Secondary_School_Milupara_CECB_15Min.csv,https://airquality.cpcb.gov.in/dataRepository/download_file?file_name=Raw_data/15Min/2025/site_5691_Govt._Higher_Secondary_School_Milupara_CECB_15Min.csv,https://airquality.cpcb.gov.in/dataRepository/download_file?file_name=Raw_data/15Min/2024/site_5691_Govt._Higher_Secondary_School_Milupara_CECB_15Min.csv,https://airquality.cpcb.gov.in/dataRepository/download_file?file_name=Raw_data/15Min/2023/site_5691_Govt._Higher_Secondary_School_Milupara_CECB_15Min.csv,https://airquality.cpcb.gov.in/dataRepository/download_file?file_name=Raw_data/15Min/2022/site_5691_Govt._Higher_Secondary_School_Milupara_CECB_15Min.csv,,,,https://airquality.cpcb.gov.in/dataRepository/download_file?file_name=Raw_data/15Min/2018/site_5691_Govt._Higher_Secondary_School_Milupara_CECB_15Min.csv,https://airquality.cpcb.gov.in/dataRepository/download_file?file_name=Raw_data/15Min/2017/site_5691_Govt._Higher_Secondary_School_Milupara_CECB_15Min.csv
site_5692,"OP Jindal Industrial Park, Tumidih - CECB",Tumidih,Chhattisgarh,https://airquality.cpcb.gov.in/dataRepository/download_file?file_name=Raw_data/15Min/2026/site_5692_OP_Jindal_Industrial_Park_Tumidih_CECB_15Min.csv,https://airquality.cpcb.gov.in/dataRepository/download_file?file_name=Raw_data/15Min/2025/site_5692_OP_Jindal_Industrial_Park_Tumidih_CECB_15Min.csv,https://airquality.cpcb.gov.in/dataRepository/download_file?file_name=Raw_data/15Min/2024/site_5692_OP_Jindal_Industrial_Park_Tumidih_CECB_15Min.csv,https://airquality.cpcb.gov.in/dataRepository/download_file?file_name=Raw_data/15Min/2023/site_5692_OP_Jindal_Industrial_Park_Tumidih_CECB_15Min.csv,https://airquality.cpcb.gov.in/dataRepository/download_file?file_name=Raw_data/15Min/2022/site_5692_OP_Jindal_Industrial_Park_Tumidih_CECB_15Min.csv,,,,https://airquality.cpcb.gov.in/dataRepository/download_file?file_name=Raw_data/15Min/2018/site_5692_OP_Jindal_Industrial_Park_Tumidih_CECB_15Min.csv,https://airquality.cpcb.gov.in/dataRepository/download_file?file_name=Raw_data/15Min/2017/site_5692_OP_Jindal_Industrial_Park_Tumidih_CECB_15Min.csv
site_5693,"Yerramukkapalli, Kadapa - APPCB",Kadapa,Andhra Pradesh,https://airquality.cpcb.gov.in/dataRepository/download_file?file_name=Raw_data/15Min/2026/site_5693_Yerramukkapalli_Kadapa_APPCB_15Min.csv,https://airquality.cpcb.gov.in/dataRepository/download_file?file_name=Raw_data/15Min/2025/site_5693_Yerramukkapalli_Kadapa_APPCB_15Min.csv,https://airquality.cpcb.gov.in/dataRepository/download_file?file_name=Raw_data/15Min/2024/site_5693_Yerramukkapalli_Kadapa_APPCB_15Min.csv,https://airquality.cpcb.gov.in/dataRepository/download_file?file_name=Raw_data/15Min/2023/site_5693_Yerramukkapalli_Kadapa_APPCB_15Min.csv,https://airquality.cpcb.gov.in/dataRepository/download_file?file_name=Raw_data/15Min/2022/site_5693_Yerramukkapalli_Kadapa_APPCB_15Min.csv,,,,https://airquality.cpcb.gov.in/dataRepository/download_file?file_name=Raw_data/15Min/2018/site_5693_Yerramukkapalli_Kadapa_APPCB_15Min.csv,https://airquality.cpcb.gov.in/dataRepository/download_file?file_name=Raw_data/15Min/2017/site_5693_Yerramukkapalli_Kadapa_APPCB_15Min.csv
site_5694,"Samrat Ashok Udhyan, Jodhpur - RSPCB",Jodhpur,Rajasthan,https://airquality.cpcb.gov.in/dataRepository/download_file?file_name=Raw_data/15Min/2026/site_5694_Samrat_Ashok_Udhyan_Jodhpur_RSPCB_15Min.csv,https://airquality.cpcb.gov.in/dataRepository/download_file?file_name=Raw_data/15Min/2025/site_5694_Samrat_Ashok_Udhyan_Jodhpur_RSPCB_15Min.csv,https://airquality.cpcb.gov.in/dataRepository/download_file?file_name=Raw_data/15Min/2024/site_5694_Samrat_Ashok_Udhyan_Jodhpur_RSPCB_15Min.csv,https://airquality.cpcb.gov.in/dataRepository/download_file?file_name=Raw_data/15Min/2023/site_5694_Samrat_Ashok_Udhyan_Jodhpur_RSPCB_15Min.csv,https://airquality.cpcb.gov.in/dataRepository/download_file?file_name=Raw_data/15Min/2022/site_5694_Samrat_Ashok_Udhyan_Jodhpur_RSPCB_15Min.csv,,,,https://airquality.cpcb.gov.in/dataRepository/download_file?file_name=Raw_data/15Min/2018/site_5694_Samrat_Ashok_Udhyan_Jodhpur_RSPCB_15Min.csv,https://airquality.cpcb.gov.in/dataRepository/download_file?file_name=Raw_data/15Min/2017/site_5694_Samrat_Ashok_Udhyan_Jodhpur_RSPCB_15Min.csv
site_5695,"Krishna Nagar, Bharatpur - RSPCB",Bharatpur,Rajasthan,https://airquality.cpcb.gov.in/dataRepository/download_file?file_name=Raw_data/15Min/2026/site_5695_Krishna_Nagar_Bharatpur_RSPCB_15Min.csv,https://airquality.cpcb.gov.in/dataRepository/download_file?file_name=Raw_data/15Min/2025/site_5695_Krishna_Nagar_Bharatpur_RSPCB_15Min.csv,https://airquality.cpcb.gov.in/dataRepository/download_file?file_name=Raw_data/15Min/2024/site_5695_Krishna_Nagar_Bharatpur_RSPCB_15Min.csv,https://airquality.cpcb.gov.in/dataRepository/download_file?file_name=Raw_data/15Min/2023/site_5695_Krishna_Nagar_Bharatpur_RSPCB_15Min.csv,https://airquality.cpcb.gov.in/dataRepository/download_file?file_name=Raw_data/15Min/2022/site_5695_Krishna_Nagar_Bharatpur_RSPCB_15Min.csv,,,,https://airquality.cpcb.gov.in/dataRepository/download_file?file_name=Raw_data/15Min/2018/site_5695_Krishna_Nagar_Bharatpur_RSPCB_15Min.csv,https://airquality.cpcb.gov.in/dataRepository/download_file?file_name=Raw_data/15Min/2017/site_5695_Krishna_Nagar_Bharatpur_RSPCB_15Min.csv
site_5696,"MM Ground, Bikaner - RSPCB",Bikaner,Rajasthan,https://airquality.cpcb.gov.in/dataRepository/download_file?file_name=Raw_data/15Min/2026/site_5696_MM_Ground_Bikaner_RSPCB_15Min.csv,https://airquality.cpcb.gov.in/dataRepository/download_file?file_name=Raw_data/15Min/2025/site_5696_MM_Ground_Bikaner_RSPCB_15Min.csv,https://airquality.cpcb.gov.in/dataRepository/download_file?file_name=Raw_data/15Min/2024/site_5696_MM_Ground_Bikaner_RSPCB_15Min.csv,https://airquality.cpcb.gov.in/dataRepository/download_file?file_name=Raw_data/15Min/2023/site_5696_MM_Ground_Bikaner_RSPCB_15Min.csv,https://airquality.cpcb.gov.in/dataRepository/download_file?file_name=Raw_data/15Min/2022/site_5696_MM_Ground_Bikaner_RSPCB_15Min.csv,,,,https://airquality.cpcb.gov.in/dataRepository/download_file?file_name=Raw_data/15Min/2018/site_5696_MM_Ground_Bikaner_RSPCB_15Min.csv,https://airquality.cpcb.gov.in/dataRepository/download_file?file_name=Raw_data/15Min/2017/site_5696_MM_Ground_Bikaner_RSPCB_15Min.csv
site_5699,"Subash Chowk, Churu - RSPCB",Churu,Rajasthan,https://airquality.cpcb.gov.in/dataRepository/download_file?file_name=Raw_data/15Min/2026/site_5699_Subash_Chowk_Churu_RSPCB_15Min.csv,https://airquality.cpcb.gov.in/dataRepository/download_file?file_name=Raw_data/15Min/2025/site_5699_Subash_Chowk_Churu_RSPCB_15Min.csv,https://airquality.cpcb.gov.in/dataRepository/download_file?file_name=Raw_data/15Min/2024/site_5699_Subash_Chowk_Churu_RSPCB_15Min.csv,https://airquality.cpcb.gov.in/dataRepository/download_file?file_name=Raw_data/15Min/2023/site_5699_Subash_Chowk_Churu_RSPCB_15Min.csv,,,,,,https://airquality.cpcb.gov.in/dataRepository/download_file?file_name=Raw_data/15Min/2017/site_5699_Subash_Chowk_Churu_RSPCB_15Min.csv
site_5700,"Raja Ganj, Dholpur - RSPCB",Dholpur,Rajasthan,https://airquality.cpcb.gov.in/dataRepository/download_file?file_name=Raw_data/15Min/2026/site_5700_Raja_Ganj_Dholpur_RSPCB_15Min.csv,https://airquality.cpcb.gov.in/dataRepository/download_file?file_name=Raw_data/15Min/2025/site_5700_Raja_Ganj_Dholpur_RSPCB_15Min.csv,https://airquality.cpcb.gov.in/dataRepository/download_file?file_name=Raw_data/15Min/2024/site_5700_Raja_Ganj_Dholpur_RSPCB_15Min.csv,https://airquality.cpcb.gov.in/dataRepository/download_file?file_name=Raw_data/15Min/2023/site_5700_Raja_Ganj_Dholpur_RSPCB_15Min.csv,,,,,,https://airquality.cpcb.gov.in/dataRepository/download_file?file_name=Raw_data/15Min/2017/site_5700_Raja_Ganj_Dholpur_RSPCB_15Min.csv
site_5701,"Nayapura, Kota - RSPCB",Kota,Rajasthan,https://airquality.cpcb.gov.in/dataRepository/download_file?file_name=Raw_data/15Min/2026/site_5701_Nayapura_Kota_RSPCB_15Min.csv,https://airquality.cpcb.gov.in/dataRepository/download_file?file_name=Raw_data/15Min/2025/site_5701_Nayapura_Kota_RSPCB_15Min.csv,https://airquality.cpcb.gov.in/dataRepository/download_file?file_name=Raw_data/15Min/2024/site_5701_Nayapura_Kota_RSPCB_15Min.csv,https://airquality.cpcb.gov.in/dataRepository/download_file?file_name=Raw_data/15Min/2023/site_5701_Nayapura_Kota_RSPCB_15Min.csv,,,,,,https://airquality.cpcb.gov.in/dataRepository/download_file?file_name=Raw_data/15Min/2017/site_5701_Nayapura_Kota_RSPCB_15Min.csv
site_5702,"Shastri Nagar, Tonk - RSPCB",Tonk,Rajasthan,https://airquality.cpcb.gov.in/dataRepository/download_file?file_name=Raw_data/15Min/2026/site_5702_Shastri_Nagar_Tonk_RSPCB_15Min.csv,https://airquality.cpcb.gov.in/dataRepository/download_file?file_name=Raw_data/15Min/2025/site_5702_Shastri_Nagar_Tonk_RSPCB_15Min.csv,https://airquality.cpcb.gov.in/dataRepository/download_file?file_name=Raw_data/15Min/2024/site_5702_Shastri_Nagar_Tonk_RSPCB_15Min.csv,https://airquality.cpcb.gov.in/dataRepository/download_file?file_name=Raw_data/15Min/2023/site_5702_Shastri_Nagar_Tonk_RSPCB_15Min.csv,,,,,,https://airquality.cpcb.gov.in/dataRepository/download_file?file_name=Raw_data/15Min/2017/site_5702_Shastri_Nagar_Tonk_RSPCB_15Min.csv
site_5703,"Shivaji Nagar, Rishikesh - UKPCB",Rishikesh,Uttarakhand,https://airquality.cpcb.gov.in/dataRepository/download_file?file_name=Raw_data/15Min/2026/site_5703_Shivaji_Nagar_Rishikesh_UKPCB_15Min.csv,https://airquality.cpcb.gov.in/dataRepository/download_file?file_name=Raw_data/15Min/2025/site_5703_Shivaji_Nagar_Rishikesh_UKPCB_15Min.csv,https://airquality.cpcb.gov.in/dataRepository/download_file?file_name=Raw_data/15Min/2024/site_5703_Shivaji_Nagar_Rishikesh_UKPCB_15Min.csv,https://airquality.cpcb.gov.in/dataRepository/download_file?file_name=Raw_data/15Min/2023/site_5703_Shivaji_Nagar_Rishikesh_UKPCB_15Min.csv,,,,,,https://airquality.cpcb.gov.in/dataRepository/download_file?file_name=Raw_data/15Min/2017/site_5703_Shivaji_Nagar_Rishikesh_UKPCB_15Min.csv
site_5704,"Govt. Girls Inter College, Kashipur - UKPCB",Kashipur,Uttarakhand,https://airquality.cpcb.gov.in/dataRepository/download_file?file_name=Raw_data/15Min/2026/site_5704_Govt._Girls_Inter_College_Kashipur_UKPCB_15Min.csv,https://airquality.cpcb.gov.in/dataRepository/download_file?file_name=Raw_data/15Min/2025/site_5704_Govt._Girls_Inter_College_Kashipur_UKPCB_15Min.csv,https://airquality.cpcb.gov.in/dataRepository/download_file?file_name=Raw_data/15Min/2024/site_5704_Govt._Girls_Inter_College_Kashipur_UKPCB_15Min.csv,https://airquality.cpcb.gov.in/dataRepository/download_file?file_name=Raw_data/15Min/2023/site_5704_Govt._Girls_Inter_College_Kashipur_UKPCB_15Min.csv,,,,,,https://airquality.cpcb.gov.in/dataRepository/download_file?file_name=Raw_data/15Min/2017/site_5704_Govt._Girls_Inter_College_Kashipur_UKPCB_15Min.csv
site_5705,"Vedhaynath Colony, Sirohi - RSPCB",Sirohi,Rajasthan,https://airquality.cpcb.gov.in/dataRepository/download_file?file_name=Raw_data/15Min/2026/site_5705_Vedhaynath_Colony_Sirohi_RSPCB_15Min.csv,https://airquality.cpcb.gov.in/dataRepository/download_file?file_name=Raw_data/15Min/2025/site_5705_Vedhaynath_Colony_Sirohi_RSPCB_15Min.csv,https://airquality.cpcb.gov.in/dataRepository/download_file?file_name=Raw_data/15Min/2024/site_5705_Vedhaynath_Colony_Sirohi_RSPCB_15Min.csv,https://airquality.cpcb.gov.in/dataRepository/download_file?file_name=Raw_data/15Min/2023/site_5705_Vedhaynath_Colony_Sirohi_RSPCB_15Min.csv,,,,,,https://airquality.cpcb.gov.in/dataRepository/download_file?file_name=Raw_data/15Min/2017/site_5705_Vedhaynath_Colony_Sirohi_RSPCB_15Min.csv
site_5706,"Christianpatty, Nagaon - PCBA",Nagaon,Assam,https://airquality.cpcb.gov.in/dataRepository/download_file?file_name=Raw_data/15Min/2026/site_5706_Christianpatty_Nagaon_PCBA_15Min.csv,https://airquality.cpcb.gov.in/dataRepository/download_file?file_name=Raw_data/15Min/2025/site_5706_Christianpatty_Nagaon_PCBA_15Min.csv,https://airquality.cpcb.gov.in/dataRepository/download_file?file_name=Raw_data/15Min/2024/site_5706_Christianpatty_Nagaon_PCBA_15Min.csv,https://airquality.cpcb.gov.in/dataRepository/download_file?file_name=Raw_data/15Min/2023/site_5706_Christianpatty_Nagaon_PCBA_15Min.csv,,,,,,https://airquality.cpcb.gov.in/dataRepository/download_file?file_name=Raw_data/15Min/2017/site_5706_Christianpatty_Nagaon_PCBA_15Min.csv
site_5707,"Dhanmandi, Kota - RSPCB",Kota,Rajasthan,https://airquality.cpcb.gov.in/dataRepository/download_file?file_name=Raw_data/15Min/2026/site_5707_Dhanmandi_Kota_RSPCB_15Min.csv,https://airquality.cpcb.gov.in/dataRepository/download_file?file_name=Raw_data/15Min/2025/site_5707_Dhanmandi_Kota_RSPCB_15Min.csv,https://airquality.cpcb.gov.in/dataRepository/download_file?file_name=Raw_data/15Min/2024/site_5707_Dhanmandi_Kota_RSPCB_15Min.csv,https://airquality.cpcb.gov.in/dataRepository/download_file?file_name=Raw_data/15Min/2023/site_5707_Dhanmandi_Kota_RSPCB_15Min.csv,,,,,,https://airquality.cpcb.gov.in/dataRepository/download_file?file_name=Raw_data/15Min/2017/site_5707_Dhanmandi_Kota_RSPCB_15Min.csv
site_5708,"Idgah Hills, Bhopal - MPPCB",Bhopal,Madhya Pradesh,https://airquality.cpcb.gov.in/dataRepository/download_file?file_name=Raw_data/15Min/2026/site_5708_Idgah_Hills_Bhopal_MPPCB_15Min.csv,https://airquality.cpcb.gov.in/dataRepository/download_file?file_name=Raw_data/15Min/2025/site_5708_Idgah_Hills_Bhopal_MPPCB_15Min.csv,https://airquality.cpcb.gov.in/dataRepository/download_file?file_name=Raw_data/15Min/2024/site_5708_Idgah_Hills_Bhopal_MPPCB_15Min.csv,https://airquality.cpcb.gov.in/dataRepository/download_file?file_name=Raw_data/15Min/2023/site_5708_Idgah_Hills_Bhopal_MPPCB_15Min.csv,,,,,,https://airquality.cpcb.gov.in/dataRepository/download_file?file_name=Raw_data/15Min/2017/site_5708_Idgah_Hills_Bhopal_MPPCB_15Min.csv
site_5709,"Vijay Nagar Scheme-78, Indore - Glenmark",Indore,Madhya Pradesh,,https://airquality.cpcb.gov.in/dataRepository/download_file?file_name=Raw_data/15Min/2025/site_5709_Vijay_Nagar_Scheme-78_Indore_Glenmark_15Min.csv,https://airquality.cpcb.gov.in/dataRepository/download_file?file_name=Raw_data/15Min/2024/site_5709_Vijay_Nagar_Scheme-78_Indore_Glenmark_15Min.csv,https://airquality.cpcb.gov.in/dataRepository/download_file?file_name=Raw_data/15Min/2023/site_5709_Vijay_Nagar_Scheme-78_Indore_Glenmark_15Min.csv,,,,,,https://airquality.cpcb.gov.in/dataRepository/download_file?file_name=Raw_data/15Min/2017/site_5709_Vijay_Nagar_Scheme-78_Indore_Glenmark_15Min.csv
site_5710,"Sardar Patel Nagar, Dhanbad - JSPCB",Dhanbad,Jharkhand,https://airquality.cpcb.gov.in/dataRepository/download_file?file_name=Raw_data/15Min/2026/site_5710_Sardar_Patel_Nagar_Dhanbad_JSPCB_15Min.csv,https://airquality.cpcb.gov.in/dataRepository/download_file?file_name=Raw_data/15Min/2025/site_5710_Sardar_Patel_Nagar_Dhanbad_JSPCB_15Min.csv,https://airquality.cpcb.gov.in/dataRepository/download_file?file_name=Raw_data/15Min/2024/site_5710_Sardar_Patel_Nagar_Dhanbad_JSPCB_15Min.csv,https://airquality.cpcb.gov.in/dataRepository/download_file?file_name=Raw_data/15Min/2023/site_5710_Sardar_Patel_Nagar_Dhanbad_JSPCB_15Min.csv,,,,,,https://airquality.cpcb.gov.in/dataRepository/download_file?file_name=Raw_data/15Min/2017/site_5710_Sardar_Patel_Nagar_Dhanbad_JSPCB_15Min.csv
site_5711,"Rati Talai, Banswara - RSPCB",Banswara,Rajasthan,https://airquality.cpcb.gov.in/dataRepository/download_file?file_name=Raw_data/15Min/2026/site_5711_Rati_Talai_Banswara_RSPCB_15Min.csv,https://airquality.cpcb.gov.in/dataRepository/download_file?file_name=Raw_data/15Min/2025/site_5711_Rati_Talai_Banswara_RSPCB_15Min.csv,https://airquality.cpcb.gov.in/dataRepository/download_file?file_name=Raw_data/15Min/2024/site_5711_Rati_Talai_Banswara_RSPCB_15Min.csv,https://airquality.cpcb.gov.in/dataRepository/download_file?file_name=Raw_data/15Min/2023/site_5711_Rati_Talai_Banswara_RSPCB_15Min.csv,,,,,,https://airquality.cpcb.gov.in/dataRepository/download_file?file_name=Raw_data/15Min/2017/site_5711_Rati_Talai_Banswara_RSPCB_15Min.csv
site_5712,"Shastri Nagar, Chittorgarh - RSPCB",Chittorgarh,Rajasthan,https://airquality.cpcb.gov.in/dataRepository/download_file?file_name=Raw_data/15Min/2026/site_5712_Shastri_Nagar_Chittorgarh_RSPCB_15Min.csv,https://airquality.cpcb.gov.in/dataRepository/download_file?file_name=Raw_data/15Min/2025/site_5712_Shastri_Nagar_Chittorgarh_RSPCB_15Min.csv,https://airquality.cpcb.gov.in/dataRepository/download_file?file_name=Raw_data/15Min/2024/site_5712_Shastri_Nagar_Chittorgarh_RSPCB_15Min.csv,https://airquality.cpcb.gov.in/dataRepository/download_file?file_name=Raw_data/15Min/2023/site_5712_Shastri_Nagar_Chittorgarh_RSPCB_15Min.csv,,,,,,https://airquality.cpcb.gov.in/dataRepository/download_file?file_name=Raw_data/15Min/2017/site_5712_Shastri_Nagar_Chittorgarh_RSPCB_15Min.csv
site_5713,"Khatikan Mohalla, Dausa - RSPCB",Dausa,Rajasthan,https://airquality.cpcb.gov.in/dataRepository/download_file?file_name=Raw_data/15Min/2026/site_5713_Khatikan_Mohalla_Dausa_RSPCB_15Min.csv,https://airquality.cpcb.gov.in/dataRepository/download_file?file_name=Raw_data/15Min/2025/site_5713_Khatikan_Mohalla_Dausa_RSPCB_15Min.csv,https://airquality.cpcb.gov.in/dataRepository/download_file?file_name=Raw_data/15Min/2024/site_5713_Khatikan_Mohalla_Dausa_RSPCB_15Min.csv,https://airquality.cpcb.gov.in/dataRepository/download_file?file_name=Raw_data/15Min/2023/site_5713_Khatikan_Mohalla_Dausa_RSPCB_15Min.csv,,,,,,https://airquality.cpcb.gov.in/dataRepository/download_file?file_name=Raw_data/15Min/2017/site_5713_Khatikan_Mohalla_Dausa_RSPCB_15Min.csv
site_5714,"Railway Colony, Barmer - RSPCB",Barmer,Rajasthan,https://airquality.cpcb.gov.in/dataRepository/download_file?file_name=Raw_data/15Min/2026/site_5714_Railway_Colony_Barmer_RSPCB_15Min.csv,https://airquality.cpcb.gov.in/dataRepository/download_file?file_name=Raw_data/15Min/2025/site_5714_Railway_Colony_Barmer_RSPCB_15Min.csv,https://airquality.cpcb.gov.in/dataRepository/download_file?file_name=Raw_data/15Min/2024/site_5714_Railway_Colony_Barmer_RSPCB_15Min.csv,https://airquality.cpcb.gov.in/dataRepository/download_file?file_name=Raw_data/15Min/2023/site_5714_Railway_Colony_Barmer_RSPCB_15Min.csv,,,,,,https://airquality.cpcb.gov.in/dataRepository/download_file?file_name=Raw_data/15Min/2017/site_5714_Railway_Colony_Barmer_RSPCB_15Min.csv
site_5715,"Housing Board, Hanumangarh - RSPCB",Hanumangarh,Rajasthan,https://airquality.cpcb.gov.in/dataRepository/download_file?file_name=Raw_data/15Min/2026/site_5715_Housing_Board_Hanumangarh_RSPCB_15Min.csv,https://airquality.cpcb.gov.in/dataRepository/download_file?file_name=Raw_data/15Min/2025/site_5715_Housing_Board_Hanumangarh_RSPCB_15Min.csv,https://airquality.cpcb.gov.in/dataRepository/download_file?file_name=Raw_data/15Min/2024/site_5715_Housing_Board_Hanumangarh_RSPCB_15Min.csv,https://airquality.cpcb.gov.in/dataRepository/download_file?file_name=Raw_data/15Min/2023/site_5715_Housing_Board_Hanumangarh_RSPCB_15Min.csv,,,,,,https://airquality.cpcb.gov.in/dataRepository/download_file?file_name=Raw_data/15Min/2017/site_5715_Housing_Board_Hanumangarh_RSPCB_15Min.csv
site_5716,"Sahu Nagar, Sawai Madhopur - RSPCB",Sawai Madhopur,Rajasthan,https://airquality.cpcb.gov.in/dataRepository/download_file?file_name=Raw_data/15Min/2026/site_5716_Sahu_Nagar_Sawai_Madhopur_RSPCB_15Min.csv,https://airquality.cpcb.gov.in/dataRepository/download_file?file_name=Raw_data/15Min/2025/site_5716_Sahu_Nagar_Sawai_Madhopur_RSPCB_15Min.csv,https://airquality.cpcb.gov.in/dataRepository/download_file?file_name=Raw_data/15Min/2024/site_5716_Sahu_Nagar_Sawai_Madhopur_RSPCB_15Min.csv,https://airquality.cpcb.gov.in/dataRepository/download_file?file_name=Raw_data/15Min/2023/site_5716_Sahu_Nagar_Sawai_Madhopur_RSPCB_15Min.csv,,,,,,https://airquality.cpcb.gov.in/dataRepository/download_file?file_name=Raw_data/15Min/2017/site_5716_Sahu_Nagar_Sawai_Madhopur_RSPCB_15Min.csv
site_5717,"Indra Nagar, Jhunjhunu - RSPCB",Jhunjhunu,Rajasthan,https://airquality.cpcb.gov.in/dataRepository/download_file?file_name=Raw_data/15Min/2026/site_5717_Indra_Nagar_Jhunjhunu_RSPCB_15Min.csv,https://airquality.cpcb.gov.in/dataRepository/download_file?file_name=Raw_data/15Min/2025/site_5717_Indra_Nagar_Jhunjhunu_RSPCB_15Min.csv,https://airquality.cpcb.gov.in/dataRepository/download_file?file_name=Raw_data/15Min/2024/site_5717_Indra_Nagar_Jhunjhunu_RSPCB_15Min.csv,https://airquality.cpcb.gov.in/dataRepository/download_file?file_name=Raw_data/15Min/2023/site_5717_Indra_Nagar_Jhunjhunu_RSPCB_15Min.csv,,,,,,https://airquality.cpcb.gov.in/dataRepository/download_file?file_name=Raw_data/15Min/2017/site_5717_Indra_Nagar_Jhunjhunu_RSPCB_15Min.csv
site_5718,"Dhoinda, Rajsamand - RSPCB",Rajsamand,Rajasthan,https://airquality.cpcb.gov.in/dataRepository/download_file?file_name=Raw_data/15Min/2026/site_5718_Dhoinda_Rajsamand_RSPCB_15Min.csv,https://airquality.cpcb.gov.in/dataRepository/download_file?file_name=Raw_data/15Min/2025/site_5718_Dhoinda_Rajsamand_RSPCB_15Min.csv,https://airquality.cpcb.gov.in/dataRepository/download_file?file_name=Raw_data/15Min/2024/site_5718_Dhoinda_Rajsamand_RSPCB_15Min.csv,https://airquality.cpcb.gov.in/dataRepository/download_file?file_name=Raw_data/15Min/2023/site_5718_Dhoinda_Rajsamand_RSPCB_15Min.csv,,,,,,https://airquality.cpcb.gov.in/dataRepository/download_file?file_name=Raw_data/15Min/2017/site_5718_Dhoinda_Rajsamand_RSPCB_15Min.csv
site_5719,"Old City, Sri Ganganagar - RSPCB",Sri Ganganagar,Rajasthan,https://airquality.cpcb.gov.in/dataRepository/download_file?file_name=Raw_data/15Min/2026/site_5719_Old_City_Sri_Ganganagar_RSPCB_15Min.csv,https://airquality.cpcb.gov.in/dataRepository/download_file?file_name=Raw_data/15Min/2025/site_5719_Old_City_Sri_Ganganagar_RSPCB_15Min.csv,https://airquality.cpcb.gov.in/dataRepository/download_file?file_name=Raw_data/15Min/2024/site_5719_Old_City_Sri_Ganganagar_RSPCB_15Min.csv,https://airquality.cpcb.gov.in/dataRepository/download_file?file_name=Raw_data/15Min/2023/site_5719_Old_City_Sri_Ganganagar_RSPCB_15Min.csv,,,,,,https://airquality.cpcb.gov.in/dataRepository/download_file?file_name=Raw_data/15Min/2017/site_5719_Old_City_Sri_Ganganagar_RSPCB_15Min.csv
site_5720,"Jhalamand, Jodhpur - RSPCB",Jodhpur,Rajasthan,https://airquality.cpcb.gov.in/dataRepository/download_file?file_name=Raw_data/15Min/2026/site_5720_Jhalamand_Jodhpur_RSPCB_15Min.csv,https://airquality.cpcb.gov.in/dataRepository/download_file?file_name=Raw_data/15Min/2025/site_5720_Jhalamand_Jodhpur_RSPCB_15Min.csv,https://airquality.cpcb.gov.in/dataRepository/download_file?file_name=Raw_data/15Min/2024/site_5720_Jhalamand_Jodhpur_RSPCB_15Min.csv,https://airquality.cpcb.gov.in/dataRepository/download_file?file_name=Raw_data/15Min/2023/site_5720_Jhalamand_Jodhpur_RSPCB_15Min.csv,,,,,,https://airquality.cpcb.gov.in/dataRepository/download_file?file_name=Raw_data/15Min/2017/site_5720_Jhalamand_Jodhpur_RSPCB_15Min.csv
site_5721,"Pragati Nagar, Pratapgarh - RSPCB",Pratapgarh,Rajasthan,https://airquality.cpcb.gov.in/dataRepository/download_file?file_name=Raw_data/15Min/2026/site_5721_Pragati_Nagar_Pratapgarh_RSPCB_15Min.csv,https://airquality.cpcb.gov.in/dataRepository/download_file?file_name=Raw_data/15Min/2025/site_5721_Pragati_Nagar_Pratapgarh_RSPCB_15Min.csv,https://airquality.cpcb.gov.in/dataRepository/download_file?file_name=Raw_data/15Min/2024/site_5721_Pragati_Nagar_Pratapgarh_RSPCB_15Min.csv,https://airquality.cpcb.gov.in/dataRepository/download_file?file_name=Raw_data/15Min/2023/site_5721_Pragati_Nagar_Pratapgarh_RSPCB_15Min.csv,,,,,,https://airquality.cpcb.gov.in/dataRepository/download_file?file_name=Raw_data/15Min/2017/site_5721_Pragati_Nagar_Pratapgarh_RSPCB_15Min.csv
site_5722,"Radhakishan Pura, Sikar - RSPCB",Sikar,Rajasthan,https://airquality.cpcb.gov.in/dataRepository/download_file?file_name=Raw_data/15Min/2026/site_5722_Radhakishan_Pura_Sikar_RSPCB_15Min.csv,https://airquality.cpcb.gov.in/dataRepository/download_file?file_name=Raw_data/15Min/2025/site_5722_Radhakishan_Pura_Sikar_RSPCB_15Min.csv,https://airquality.cpcb.gov.in/dataRepository/download_file?file_name=Raw_data/15Min/2024/site_5722_Radhakishan_Pura_Sikar_RSPCB_15Min.csv,https://airquality.cpcb.gov.in/dataRepository/download_file?file_name=Raw_data/15Min/2023/site_5722_Radhakishan_Pura_Sikar_RSPCB_15Min.csv,,,,,,https://airquality.cpcb.gov.in/dataRepository/download_file?file_name=Raw_data/15Min/2017/site_5722_Radhakishan_Pura_Sikar_RSPCB_15Min.csv
site_5723,"Satyawati Vihar, Karauli - RSPCB",Karauli,Rajasthan,https://airquality.cpcb.gov.in/dataRepository/download_file?file_name=Raw_data/15Min/2026/site_5723_Satyawati_Vihar_Karauli_RSPCB_15Min.csv,https://airquality.cpcb.gov.in/dataRepository/download_file?file_name=Raw_data/15Min/2025/site_5723_Satyawati_Vihar_Karauli_RSPCB_15Min.csv,https://airquality.cpcb.gov.in/dataRepository/download_file?file_name=Raw_data/15Min/2024/site_5723_Satyawati_Vihar_Karauli_RSPCB_15Min.csv,https://airquality.cpcb.gov.in/dataRepository/download_file?file_name=Raw_data/15Min/2023/site_5723_Satyawati_Vihar_Karauli_RSPCB_15Min.csv,,,,,,https://airquality.cpcb.gov.in/dataRepository/download_file?file_name=Raw_data/15Min/2017/site_5723_Satyawati_Vihar_Karauli_RSPCB_15Min.csv
site_5724,"Rajlaxmi Nagar, Jhalawar - RSPCB",Jhalawar,Rajasthan,https://airquality.cpcb.gov.in/dataRepository/download_file?file_name=Raw_data/15Min/2026/site_5724_Rajlaxmi_Nagar_Jhalawar_RSPCB_15Min.csv,https://airquality.cpcb.gov.in/dataRepository/download_file?file_name=Raw_data/15Min/2025/site_5724_Rajlaxmi_Nagar_Jhalawar_RSPCB_15Min.csv,https://airquality.cpcb.gov.in/dataRepository/download_file?file_name=Raw_data/15Min/2024/site_5724_Rajlaxmi_Nagar_Jhalawar_RSPCB_15Min.csv,https://airquality.cpcb.gov.in/dataRepository/download_file?file_name=Raw_data/15Min/2023/site_5724_Rajlaxmi_Nagar_Jhalawar_RSPCB_15Min.csv,,,,,,https://airquality.cpcb.gov.in/dataRepository/download_file?file_name=Raw_data/15Min/2017/site_5724_Rajlaxmi_Nagar_Jhalawar_RSPCB_15Min.csv
site_5725,"Mansarovar Sector-12, Jaipur - RSPCB",Jaipur,Rajasthan,,https://airquality.cpcb.gov.in/dataRepository/download_file?file_name=Raw_data/15Min/2025/site_5725_Mansarovar_Sector-12_Jaipur_RSPCB_15Min.csv,https://airquality.cpcb.gov.in/dataRepository/download_file?file_name=Raw_data/15Min/2024/site_5725_Mansarovar_Sector-12_Jaipur_RSPCB_15Min.csv,https://airquality.cpcb.gov.in/dataRepository/download_file?file_name=Raw_data/15Min/2023/site_5725_Mansarovar_Sector-12_Jaipur_RSPCB_15Min.csv,,,,,,https://airquality.cpcb.gov.in/dataRepository/download_file?file_name=Raw_data/15Min/2017/site_5725_Mansarovar_Sector-12_Jaipur_RSPCB_15Min.csv
site_5726,"Digari Kalan, Jodhpur - RSPCB",Jodhpur,Rajasthan,https://airquality.cpcb.gov.in/dataRepository/download_file?file_name=Raw_data/15Min/2026/site_5726_Digari_Kalan_Jodhpur_RSPCB_15Min.csv,https://airquality.cpcb.gov.in/dataRepository/download_file?file_name=Raw_data/15Min/2025/site_5726_Digari_Kalan_Jodhpur_RSPCB_15Min.csv,https://airquality.cpcb.gov.in/dataRepository/download_file?file_name=Raw_data/15Min/2024/site_5726_Digari_Kalan_Jodhpur_RSPCB_15Min.csv,https://airquality.cpcb.gov.in/dataRepository/download_file?file_name=Raw_data/15Min/2023/site_5726_Digari_Kalan_Jodhpur_RSPCB_15Min.csv,,,,,,https://airquality.cpcb.gov.in/dataRepository/download_file?file_name=Raw_data/15Min/2017/site_5726_Digari_Kalan_Jodhpur_RSPCB_15Min.csv
site_5727,"Sector-2 Murlipura, Jaipur - RSPCB",Jaipur,Rajasthan,,https://airquality.cpcb.gov.in/dataRepository/download_file?file_name=Raw_data/15Min/2025/site_5727_Sector-2_Murlipura_Jaipur_RSPCB_15Min.csv,https://airquality.cpcb.gov.in/dataRepository/download_file?file_name=Raw_data/15Min/2024/site_5727_Sector-2_Murlipura_Jaipur_RSPCB_15Min.csv,https://airquality.cpcb.gov.in/dataRepository/download_file?file_name=Raw_data/15Min/2023/site_5727_Sector-2_Murlipura_Jaipur_RSPCB_15Min.csv,,,,,,https://airquality.cpcb.gov.in/dataRepository/download_file?file_name=Raw_data/15Min/2017/site_5727_Sector-2_Murlipura_Jaipur_RSPCB_15Min.csv
site_5728,"RIICO Sitapura, Jaipur - RSPCB",Jaipur,Rajasthan,https://airquality.cpcb.gov.in/dataRepository/download_file?file_name=Raw_data/15Min/2026/site_5728_RIICO_Sitapura_Jaipur_RSPCB_15Min.csv,https://airquality.cpcb.gov.in/dataRepository/download_file?file_name=Raw_data/15Min/2025/site_5728_RIICO_Sitapura_Jaipur_RSPCB_15Min.csv,https://airquality.cpcb.gov.in/dataRepository/download_file?file_name=Raw_data/15Min/2024/site_5728_RIICO_Sitapura_Jaipur_RSPCB_15Min.csv,https://airquality.cpcb.gov.in/dataRepository/download_file?file_name=Raw_data/15Min/2023/site_5728_RIICO_Sitapura_Jaipur_RSPCB_15Min.csv,,,,,,https://airquality.cpcb.gov.in/dataRepository/download_file?file_name=Raw_data/15Min/2017/site_5728_RIICO_Sitapura_Jaipur_RSPCB_15Min.csv
site_5729,"Jigani, Bengaluru - KSPCB",Bengaluru,Karnataka,https://airquality.cpcb.gov.in/dataRepository/download_file?file_name=Raw_data/15Min/2026/site_5729_Jigani_Bengaluru_KSPCB_15Min.csv,https://airquality.cpcb.gov.in/dataRepository/download_file?file_name=Raw_data/15Min/2025/site_5729_Jigani_Bengaluru_KSPCB_15Min.csv,https://airquality.cpcb.gov.in/dataRepository/download_file?file_name=Raw_data/15Min/2024/site_5729_Jigani_Bengaluru_KSPCB_15Min.csv,https://airquality.cpcb.gov.in/dataRepository/download_file?file_name=Raw_data/15Min/2023/site_5729_Jigani_Bengaluru_KSPCB_15Min.csv,,,,,,https://airquality.cpcb.gov.in/dataRepository/download_file?file_name=Raw_data/15Min/2017/site_5729_Jigani_Bengaluru_KSPCB_15Min.csv
site_5763,"Gavalinagar, Pimpri Chinchwad - MPCB",Pimpri-Chinchwad,Maharashtra,https://airquality.cpcb.gov.in/dataRepository/download_file?file_name=Raw_data/15Min/2026/site_5763_Gavalinagar_Pimpri_Chinchwad_MPCB_15Min.csv,https://airquality.cpcb.gov.in/dataRepository/download_file?file_name=Raw_data/15Min/2025/site_5763_Gavalinagar_Pimpri_Chinchwad_MPCB_15Min.csv,https://airquality.cpcb.gov.in/dataRepository/download_file?file_name=Raw_data/15Min/2024/site_5763_Gavalinagar_Pimpri_Chinchwad_MPCB_15Min.csv,https://airquality.cpcb.gov.in/dataRepository/download_file?file_name=Raw_data/15Min/2023/site_5763_Gavalinagar_Pimpri_Chinchwad_MPCB_15Min.csv,,,,,,https://airquality.cpcb.gov.in/dataRepository/download_file?file_name=Raw_data/15Min/2017/site_5763_Gavalinagar_Pimpri_Chinchwad_MPCB_15Min.csv
site_5764,"Park Street Wakad, Pimpri Chinchwad - MPCB",Pimpri-Chinchwad,Maharashtra,https://airquality.cpcb.gov.in/dataRepository/download_file?file_name=Raw_data/15Min/2026/site_5764_Park_Street_Wakad_Pimpri_Chinchwad_MPCB_15Min.csv,https://airquality.cpcb.gov.in/dataRepository/download_file?file_name=Raw_data/15Min/2025/site_5764_Park_Street_Wakad_Pimpri_Chinchwad_MPCB_15Min.csv,https://airquality.cpcb.gov.in/dataRepository/download_file?file_name=Raw_data/15Min/2024/site_5764_Park_Street_Wakad_Pimpri_Chinchwad_MPCB_15Min.csv,https://airquality.cpcb.gov.in/dataRepository/download_file?file_name=Raw_data/15Min/2023/site_5764_Park_Street_Wakad_Pimpri_Chinchwad_MPCB_15Min.csv,,,,,,https://airquality.cpcb.gov.in/dataRepository/download_file?file_name=Raw_data/15Min/2017/site_5764_Park_Street_Wakad_Pimpri_Chinchwad_MPCB_15Min.csv
site_5765,"Thergaon, Pimpri Chinchwad - MPCB",Pimpri-Chinchwad,Maharashtra,https://airquality.cpcb.gov.in/dataRepository/download_file?file_name=Raw_data/15Min/2026/site_5765_Thergaon_Pimpri_Chinchwad_MPCB_15Min.csv,https://airquality.cpcb.gov.in/dataRepository/download_file?file_name=Raw_data/15Min/2025/site_5765_Thergaon_Pimpri_Chinchwad_MPCB_15Min.csv,https://airquality.cpcb.gov.in/dataRepository/download_file?file_name=Raw_data/15Min/2024/site_5765_Thergaon_Pimpri_Chinchwad_MPCB_15Min.csv,https://airquality.cpcb.gov.in/dataRepository/download_file?file_name=Raw_data/15Min/2023/site_5765_Thergaon_Pimpri_Chinchwad_MPCB_15Min.csv,,,,,,https://airquality.cpcb.gov.in/dataRepository/download_file?file_name=Raw_data/15Min/2017/site_5765_Thergaon_Pimpri_Chinchwad_MPCB_15Min.csv
site_5766,"Katraj Dairy, Pune - MPCB",Pune,Maharashtra,https://airquality.cpcb.gov.in/dataRepository/download_file?file_name=Raw_data/15Min/2026/site_5766_Katraj_Dairy_Pune_MPCB_15Min.csv,https://airquality.cpcb.gov.in/dataRepository/download_file?file_name=Raw_data/15Min/2025/site_5766_Katraj_Dairy_Pune_MPCB_15Min.csv,https://airquality.cpcb.gov.in/dataRepository/download_file?file_name=Raw_data/15Min/2024/site_5766_Katraj_Dairy_Pune_MPCB_15Min.csv,https://airquality.cpcb.gov.in/dataRepository/download_file?file_name=Raw_data/15Min/2023/site_5766_Katraj_Dairy_Pune_MPCB_15Min.csv,,,,,,https://airquality.cpcb.gov.in/dataRepository/download_file?file_name=Raw_data/15Min/2017/site_5766_Katraj_Dairy_Pune_MPCB_15Min.csv
site_5767,"Savitribai Phule Pune University, Pune - MPCB",Pune,Maharashtra,https://airquality.cpcb.gov.in/dataRepository/download_file?file_name=Raw_data/15Min/2026/site_5767_Savitribai_Phule_Pune_University_Pune_MPCB_15Min.csv,https://airquality.cpcb.gov.in/dataRepository/download_file?file_name=Raw_data/15Min/2025/site_5767_Savitribai_Phule_Pune_University_Pune_MPCB_15Min.csv,https://airquality.cpcb.gov.in/dataRepository/download_file?file_name=Raw_data/15Min/2024/site_5767_Savitribai_Phule_Pune_University_Pune_MPCB_15Min.csv,https://airquality.cpcb.gov.in/dataRepository/download_file?file_name=Raw_data/15Min/2023/site_5767_Savitribai_Phule_Pune_University_Pune_MPCB_15Min.csv,,,,,,https://airquality.cpcb.gov.in/dataRepository/download_file?file_name=Raw_data/15Min/2017/site_5767_Savitribai_Phule_Pune_University_Pune_MPCB_15Min.csv
site_5768,"Shivaji University, Kolhapur - MPCB",Kolhapur,Maharashtra,https://airquality.cpcb.gov.in/dataRepository/download_file?file_name=Raw_data/15Min/2026/site_5768_Shivaji_University_Kolhapur_MPCB_15Min.csv,https://airquality.cpcb.gov.in/dataRepository/download_file?file_name=Raw_data/15Min/2025/site_5768_Shivaji_University_Kolhapur_MPCB_15Min.csv,https://airquality.cpcb.gov.in/dataRepository/download_file?file_name=Raw_data/15Min/2024/site_5768_Shivaji_University_Kolhapur_MPCB_15Min.csv,https://airquality.cpcb.gov.in/dataRepository/download_file?file_name=Raw_data/15Min/2023/site_5768_Shivaji_University_Kolhapur_MPCB_15Min.csv,,,,,,https://airquality.cpcb.gov.in/dataRepository/download_file?file_name=Raw_data/15Min/2017/site_5768_Shivaji_University_Kolhapur_MPCB_15Min.csv
site_5769,"Sinchan Bhavan, Kolhapur - MPCB",Kolhapur,Maharashtra,https://airquality.cpcb.gov.in/dataRepository/download_file?file_name=Raw_data/15Min/2026/site_5769_Sinchan_Bhavan_Kolhapur_MPCB_15Min.csv,https://airquality.cpcb.gov.in/dataRepository/download_file?file_name=Raw_data/15Min/2025/site_5769_Sinchan_Bhavan_Kolhapur_MPCB_15Min.csv,https://airquality.cpcb.gov.in/dataRepository/download_file?file_name=Raw_data/15Min/2024/site_5769_Sinchan_Bhavan_Kolhapur_MPCB_15Min.csv,https://airquality.cpcb.gov.in/dataRepository/download_file?file_name=Raw_data/15Min/2023/site_5769_Sinchan_Bhavan_Kolhapur_MPCB_15Min.csv,,,,,,https://airquality.cpcb.gov.in/dataRepository/download_file?file_name=Raw_data/15Min/2017/site_5769_Sinchan_Bhavan_Kolhapur_MPCB_15Min.csv
site_5770,"Pratap Nagar, Bhilwara - RSPCB",Bhilwara,Rajasthan,https://airquality.cpcb.gov.in/dataRepository/download_file?file_name=Raw_data/15Min/2026/site_5770_Pratap_Nagar_Bhilwara_RSPCB_15Min.csv,https://airquality.cpcb.gov.in/dataRepository/download_file?file_name=Raw_data/15Min/2025/site_5770_Pratap_Nagar_Bhilwara_RSPCB_15Min.csv,https://airquality.cpcb.gov.in/dataRepository/download_file?file_name=Raw_data/15Min/2024/site_5770_Pratap_Nagar_Bhilwara_RSPCB_15Min.csv,https://airquality.cpcb.gov.in/dataRepository/download_file?file_name=Raw_data/15Min/2023/site_5770_Pratap_Nagar_Bhilwara_RSPCB_15Min.csv,,,,,,https://airquality.cpcb.gov.in/dataRepository/download_file?file_name=Raw_data/15Min/2017/site_5770_Pratap_Nagar_Bhilwara_RSPCB_15Min.csv
site_5771,"New Colony, Bundi - RSPCB",Bundi,Rajasthan,https://airquality.cpcb.gov.in/dataRepository/download_file?file_name=Raw_data/15Min/2026/site_5771_New_Colony_Bundi_RSPCB_15Min.csv,https://airquality.cpcb.gov.in/dataRepository/download_file?file_name=Raw_data/15Min/2025/site_5771_New_Colony_Bundi_RSPCB_15Min.csv,https://airquality.cpcb.gov.in/dataRepository/download_file?file_name=Raw_data/15Min/2024/site_5771_New_Colony_Bundi_RSPCB_15Min.csv,https://airquality.cpcb.gov.in/dataRepository/download_file?file_name=Raw_data/15Min/2023/site_5771_New_Colony_Bundi_RSPCB_15Min.csv,,,,,,https://airquality.cpcb.gov.in/dataRepository/download_file?file_name=Raw_data/15Min/2017/site_5771_New_Colony_Bundi_RSPCB_15Min.csv
site_5772,"Sadar Bazar, Jaisalmer - RSPCB",Jaisalmer,Rajasthan,https://airquality.cpcb.gov.in/dataRepository/download_file?file_name=Raw_data/15Min/2026/site_5772_Sadar_Bazar_Jaisalmer_RSPCB_15Min.csv,https://airquality.cpcb.gov.in/dataRepository/download_file?file_name=Raw_data/15Min/2025/site_5772_Sadar_Bazar_Jaisalmer_RSPCB_15Min.csv,https://airquality.cpcb.gov.in/dataRepository/download_file?file_name=Raw_data/15Min/2024/site_5772_Sadar_Bazar_Jaisalmer_RSPCB_15Min.csv,https://airquality.cpcb.gov.in/dataRepository/download_file?file_name=Raw_data/15Min/2023/site_5772_Sadar_Bazar_Jaisalmer_RSPCB_15Min.csv,,,,,,https://airquality.cpcb.gov.in/dataRepository/download_file?file_name=Raw_data/15Min/2017/site_5772_Sadar_Bazar_Jaisalmer_RSPCB_15Min.csv
site_5773,"Mandor, Jodhpur - RSPCB",Jodhpur,Rajasthan,https://airquality.cpcb.gov.in/dataRepository/download_file?file_name=Raw_data/15Min/2026/site_5773_Mandor_Jodhpur_RSPCB_15Min.csv,https://airquality.cpcb.gov.in/dataRepository/download_file?file_name=Raw_data/15Min/2025/site_5773_Mandor_Jodhpur_RSPCB_15Min.csv,https://airquality.cpcb.gov.in/dataRepository/download_file?file_name=Raw_data/15Min/2024/site_5773_Mandor_Jodhpur_RSPCB_15Min.csv,https://airquality.cpcb.gov.in/dataRepository/download_file?file_name=Raw_data/15Min/2023/site_5773_Mandor_Jodhpur_RSPCB_15Min.csv,,,,,,https://airquality.cpcb.gov.in/dataRepository/download_file?file_name=Raw_data/15Min/2017/site_5773_Mandor_Jodhpur_RSPCB_15Min.csv
site_5774,"Vijay Nagar, Sangli - MPCB",Sangli,Maharashtra,https://airquality.cpcb.gov.in/dataRepository/download_file?file_name=Raw_data/15Min/2026/site_5774_Vijay_Nagar_Sangli_MPCB_15Min.csv,https://airquality.cpcb.gov.in/dataRepository/download_file?file_name=Raw_data/15Min/2025/site_5774_Vijay_Nagar_Sangli_MPCB_15Min.csv,https://airquality.cpcb.gov.in/dataRepository/download_file?file_name=Raw_data/15Min/2024/site_5774_Vijay_Nagar_Sangli_MPCB_15Min.csv,https://airquality.cpcb.gov.in/dataRepository/download_file?file_name=Raw_data/15Min/2023/site_5774_Vijay_Nagar_Sangli_MPCB_15Min.csv,,,,,,https://airquality.cpcb.gov.in/dataRepository/download_file?file_name=Raw_data/15Min/2017/site_5774_Vijay_Nagar_Sangli_MPCB_15Min.csv
site_5775,"Bamboliya, Baran - RSPCB",Baran,Rajasthan,https://airquality.cpcb.gov.in/dataRepository/download_file?file_name=Raw_data/15Min/2026/site_5775_Bamboliya_Baran_RSPCB_15Min.csv,https://airquality.cpcb.gov.in/dataRepository/download_file?file_name=Raw_data/15Min/2025/site_5775_Bamboliya_Baran_RSPCB_15Min.csv,https://airquality.cpcb.gov.in/dataRepository/download_file?file_name=Raw_data/15Min/2024/site_5775_Bamboliya_Baran_RSPCB_15Min.csv,https://airquality.cpcb.gov.in/dataRepository/download_file?file_name=Raw_data/15Min/2023/site_5775_Bamboliya_Baran_RSPCB_15Min.csv,,,,,,https://airquality.cpcb.gov.in/dataRepository/download_file?file_name=Raw_data/15Min/2017/site_5775_Bamboliya_Baran_RSPCB_15Min.csv
site_5776,"Ratandeep Housing Society, Solapur - MPCB",Solapur,Maharashtra,https://airquality.cpcb.gov.in/dataRepository/download_file?file_name=Raw_data/15Min/2026/site_5776_Ratandeep_Housing_Society_Solapur_MPCB_15Min.csv,https://airquality.cpcb.gov.in/dataRepository/download_file?file_name=Raw_data/15Min/2025/site_5776_Ratandeep_Housing_Society_Solapur_MPCB_15Min.csv,https://airquality.cpcb.gov.in/dataRepository/download_file?file_name=Raw_data/15Min/2024/site_5776_Ratandeep_Housing_Society_Solapur_MPCB_15Min.csv,https://airquality.cpcb.gov.in/dataRepository/download_file?file_name=Raw_data/15Min/2023/site_5776_Ratandeep_Housing_Society_Solapur_MPCB_15Min.csv,,,,,,https://airquality.cpcb.gov.in/dataRepository/download_file?file_name=Raw_data/15Min/2017/site_5776_Ratandeep_Housing_Society_Solapur_MPCB_15Min.csv
site_5777,"Dnyaneshwar Nagar, Solapur - MPCB",Solapur,Maharashtra,https://airquality.cpcb.gov.in/dataRepository/download_file?file_name=Raw_data/15Min/2026/site_5777_Dnyaneshwar_Nagar_Solapur_MPCB_15Min.csv,https://airquality.cpcb.gov.in/dataRepository/download_file?file_name=Raw_data/15Min/2025/site_5777_Dnyaneshwar_Nagar_Solapur_MPCB_15Min.csv,https://airquality.cpcb.gov.in/dataRepository/download_file?file_name=Raw_data/15Min/2024/site_5777_Dnyaneshwar_Nagar_Solapur_MPCB_15Min.csv,https://airquality.cpcb.gov.in/dataRepository/download_file?file_name=Raw_data/15Min/2023/site_5777_Dnyaneshwar_Nagar_Solapur_MPCB_15Min.csv,,,,,,https://airquality.cpcb.gov.in/dataRepository/download_file?file_name=Raw_data/15Min/2017/site_5777_Dnyaneshwar_Nagar_Solapur_MPCB_15Min.csv
site_5778,"Karni Colony, Nagaur - RSPCB",Nagaur,Rajasthan,https://airquality.cpcb.gov.in/dataRepository/download_file?file_name=Raw_data/15Min/2026/site_5778_Karni_Colony_Nagaur_RSPCB_15Min.csv,https://airquality.cpcb.gov.in/dataRepository/download_file?file_name=Raw_data/15Min/2025/site_5778_Karni_Colony_Nagaur_RSPCB_15Min.csv,https://airquality.cpcb.gov.in/dataRepository/download_file?file_name=Raw_data/15Min/2024/site_5778_Karni_Colony_Nagaur_RSPCB_15Min.csv,https://airquality.cpcb.gov.in/dataRepository/download_file?file_name=Raw_data/15Min/2023/site_5778_Karni_Colony_Nagaur_RSPCB_15Min.csv,,,,,,https://airquality.cpcb.gov.in/dataRepository/download_file?file_name=Raw_data/15Min/2017/site_5778_Karni_Colony_Nagaur_RSPCB_15Min.csv
site_5779,"Pandav Nagari, Nashik - MPCB",Nashik,Maharashtra,https://airquality.cpcb.gov.in/dataRepository/download_file?file_name=Raw_data/15Min/2026/site_5779_Pandav_Nagari_Nashik_MPCB_15Min.csv,https://airquality.cpcb.gov.in/dataRepository/download_file?file_name=Raw_data/15Min/2025/site_5779_Pandav_Nagari_Nashik_MPCB_15Min.csv,https://airquality.cpcb.gov.in/dataRepository/download_file?file_name=Raw_data/15Min/2024/site_5779_Pandav_Nagari_Nashik_MPCB_15Min.csv,https://airquality.cpcb.gov.in/dataRepository/download_file?file_name=Raw_data/15Min/2023/site_5779_Pandav_Nagari_Nashik_MPCB_15Min.csv,,,,,,https://airquality.cpcb.gov.in/dataRepository/download_file?file_name=Raw_data/15Min/2017/site_5779_Pandav_Nagari_Nashik_MPCB_15Min.csv
site_5780,"Sawe Wadi, Latur - MPCB",Latur,Maharashtra,https://airquality.cpcb.gov.in/dataRepository/download_file?file_name=Raw_data/15Min/2026/site_5780_Sawe_Wadi_Latur_MPCB_15Min.csv,https://airquality.cpcb.gov.in/dataRepository/download_file?file_name=Raw_data/15Min/2025/site_5780_Sawe_Wadi_Latur_MPCB_15Min.csv,https://airquality.cpcb.gov.in/dataRepository/download_file?file_name=Raw_data/15Min/2024/site_5780_Sawe_Wadi_Latur_MPCB_15Min.csv,https://airquality.cpcb.gov.in/dataRepository/download_file?file_name=Raw_data/15Min/2023/site_5780_Sawe_Wadi_Latur_MPCB_15Min.csv,,,,,,https://airquality.cpcb.gov.in/dataRepository/download_file?file_name=Raw_data/15Min/2017/site_5780_Sawe_Wadi_Latur_MPCB_15Min.csv
site_5781,"MIDC Ambad, Nashik - MPCB",Nashik,Maharashtra,https://airquality.cpcb.gov.in/dataRepository/download_file?file_name=Raw_data/15Min/2026/site_5781_MIDC_Ambad_Nashik_MPCB_15Min.csv,https://airquality.cpcb.gov.in/dataRepository/download_file?file_name=Raw_data/15Min/2025/site_5781_MIDC_Ambad_Nashik_MPCB_15Min.csv,https://airquality.cpcb.gov.in/dataRepository/download_file?file_name=Raw_data/15Min/2024/site_5781_MIDC_Ambad_Nashik_MPCB_15Min.csv,https://airquality.cpcb.gov.in/dataRepository/download_file?file_name=Raw_data/15Min/2023/site_5781_MIDC_Ambad_Nashik_MPCB_15Min.csv,,,,,,https://airquality.cpcb.gov.in/dataRepository/download_file?file_name=Raw_data/15Min/2017/site_5781_MIDC_Ambad_Nashik_MPCB_15Min.csv
site_5782,"Hirawadi, Nashik - MPCB",Nashik,Maharashtra,https://airquality.cpcb.gov.in/dataRepository/download_file?file_name=Raw_data/15Min/2026/site_5782_Hirawadi_Nashik_MPCB_15Min.csv,https://airquality.cpcb.gov.in/dataRepository/download_file?file_name=Raw_data/15Min/2025/site_5782_Hirawadi_Nashik_MPCB_15Min.csv,https://airquality.cpcb.gov.in/dataRepository/download_file?file_name=Raw_data/15Min/2024/site_5782_Hirawadi_Nashik_MPCB_15Min.csv,https://airquality.cpcb.gov.in/dataRepository/download_file?file_name=Raw_data/15Min/2023/site_5782_Hirawadi_Nashik_MPCB_15Min.csv,,,,,,https://airquality.cpcb.gov.in/dataRepository/download_file?file_name=Raw_data/15Min/2017/site_5782_Hirawadi_Nashik_MPCB_15Min.csv
site_5783,"Kamble Tarf Birwadi, Mahad - MPCB",Mahad,Maharashtra,https://airquality.cpcb.gov.in/dataRepository/download_file?file_name=Raw_data/15Min/2026/site_5783_Kamble_Tarf_Birwadi_Mahad_MPCB_15Min.csv,https://airquality.cpcb.gov.in/dataRepository/download_file?file_name=Raw_data/15Min/2025/site_5783_Kamble_Tarf_Birwadi_Mahad_MPCB_15Min.csv,https://airquality.cpcb.gov.in/dataRepository/download_file?file_name=Raw_data/15Min/2024/site_5783_Kamble_Tarf_Birwadi_Mahad_MPCB_15Min.csv,https://airquality.cpcb.gov.in/dataRepository/download_file?file_name=Raw_data/15Min/2023/site_5783_Kamble_Tarf_Birwadi_Mahad_MPCB_15Min.csv,,,,,,https://airquality.cpcb.gov.in/dataRepository/download_file?file_name=Raw_data/15Min/2017/site_5783_Kamble_Tarf_Birwadi_Mahad_MPCB_15Min.csv
site_5784,"Ramdaspeth, Akola - MPCB",Akola,Maharashtra,https://airquality.cpcb.gov.in/dataRepository/download_file?file_name=Raw_data/15Min/2026/site_5784_Ramdaspeth_Akola_MPCB_15Min.csv,https://airquality.cpcb.gov.in/dataRepository/download_file?file_name=Raw_data/15Min/2025/site_5784_Ramdaspeth_Akola_MPCB_15Min.csv,https://airquality.cpcb.gov.in/dataRepository/download_file?file_name=Raw_data/15Min/2024/site_5784_Ramdaspeth_Akola_MPCB_15Min.csv,https://airquality.cpcb.gov.in/dataRepository/download_file?file_name=Raw_data/15Min/2023/site_5784_Ramdaspeth_Akola_MPCB_15Min.csv,,,,,,https://airquality.cpcb.gov.in/dataRepository/download_file?file_name=Raw_data/15Min/2017/site_5784_Ramdaspeth_Akola_MPCB_15Min.csv
site_5785,"Tarakpur, Ahmednagar - MPCB",Ahmednagar,Maharashtra,https://airquality.cpcb.gov.in/dataRepository/download_file?file_name=Raw_data/15Min/2026/site_5785_Tarakpur_Ahmednagar_MPCB_15Min.csv,https://airquality.cpcb.gov.in/dataRepository/download_file?file_name=Raw_data/15Min/2025/site_5785_Tarakpur_Ahmednagar_MPCB_15Min.csv,https://airquality.cpcb.gov.in/dataRepository/download_file?file_name=Raw_data/15Min/2024/site_5785_Tarakpur_Ahmednagar_MPCB_15Min.csv,https://airquality.cpcb.gov.in/dataRepository/download_file?file_name=Raw_data/15Min/2023/site_5785_Tarakpur_Ahmednagar_MPCB_15Min.csv,,,,,,https://airquality.cpcb.gov.in/dataRepository/download_file?file_name=Raw_data/15Min/2017/site_5785_Tarakpur_Ahmednagar_MPCB_15Min.csv
site_5786,"Shivneri Colony, Amravati - MPCB",Amravati,Maharashtra,https://airquality.cpcb.gov.in/dataRepository/download_file?file_name=Raw_data/15Min/2026/site_5786_Shivneri_Colony_Amravati_MPCB_15Min.csv,https://airquality.cpcb.gov.in/dataRepository/download_file?file_name=Raw_data/15Min/2025/site_5786_Shivneri_Colony_Amravati_MPCB_15Min.csv,https://airquality.cpcb.gov.in/dataRepository/download_file?file_name=Raw_data/15Min/2024/site_5786_Shivneri_Colony_Amravati_MPCB_15Min.csv,https://airquality.cpcb.gov.in/dataRepository/download_file?file_name=Raw_data/15Min/2023/site_5786_Shivneri_Colony_Amravati_MPCB_15Min.csv,,,,,,https://airquality.cpcb.gov.in/dataRepository/download_file?file_name=Raw_data/15Min/2017/site_5786_Shivneri_Colony_Amravati_MPCB_15Min.csv
site_5787,"Shri Shivaji Science College, Amaravati - MPCB",Amravati,Maharashtra,,,https://airquality.cpcb.gov.in/dataRepository/download_file?file_name=Raw_data/15Min/2024/site_5787_Shri_Shivaji_Science_College_Amaravati_MPCB_15Min.csv,https://airquality.cpcb.gov.in/dataRepository/download_file?file_name=Raw_data/15Min/2023/site_5787_Shri_Shivaji_Science_College_Amaravati_MPCB_15Min.csv,,,,,,https://airquality.cpcb.gov.in/dataRepository/download_file?file_name=Raw_data/15Min/2017/site_5787_Shri_Shivaji_Science_College_Amaravati_MPCB_15Min.csv
site_5788,"MIDC Chilkalthana, Aurangabad - MPCB",Aurangabad,Maharashtra,https://airquality.cpcb.gov.in/dataRepository/download_file?file_name=Raw_data/15Min/2026/site_5788_MIDC_Chilkalthana_Aurangabad_MPCB_15Min.csv,https://airquality.cpcb.gov.in/dataRepository/download_file?file_name=Raw_data/15Min/2025/site_5788_MIDC_Chilkalthana_Aurangabad_MPCB_15Min.csv,https://airquality.cpcb.gov.in/dataRepository/download_file?file_name=Raw_data/15Min/2024/site_5788_MIDC_Chilkalthana_Aurangabad_MPCB_15Min.csv,https://airquality.cpcb.gov.in/dataRepository/download_file?file_name=Raw_data/15Min/2023/site_5788_MIDC_Chilkalthana_Aurangabad_MPCB_15Min.csv,,,,,,https://airquality.cpcb.gov.in/dataRepository/download_file?file_name=Raw_data/15Min/2017/site_5788_MIDC_Chilkalthana_Aurangabad_MPCB_15Min.csv
site_5789,"Rachnakar Colony, Aurangabad - MPCB",Aurangabad,Maharashtra,https://airquality.cpcb.gov.in/dataRepository/download_file?file_name=Raw_data/15Min/2026/site_5789_Rachnakar_Colony_Aurangabad_MPCB_15Min.csv,https://airquality.cpcb.gov.in/dataRepository/download_file?file_name=Raw_data/15Min/2025/site_5789_Rachnakar_Colony_Aurangabad_MPCB_15Min.csv,https://airquality.cpcb.gov.in/dataRepository/download_file?file_name=Raw_data/15Min/2024/site_5789_Rachnakar_Colony_Aurangabad_MPCB_15Min.csv,https://airquality.cpcb.gov.in/dataRepository/download_file?file_name=Raw_data/15Min/2023/site_5789_Rachnakar_Colony_Aurangabad_MPCB_15Min.csv,,,,,,https://airquality.cpcb.gov.in/dataRepository/download_file?file_name=Raw_data/15Min/2017/site_5789_Rachnakar_Colony_Aurangabad_MPCB_15Min.csv
site_5790,"Prabhat Colony, Jalgaon - MPCB",Jalgaon,Maharashtra,https://airquality.cpcb.gov.in/dataRepository/download_file?file_name=Raw_data/15Min/2026/site_5790_Prabhat_Colony_Jalgaon_MPCB_15Min.csv,https://airquality.cpcb.gov.in/dataRepository/download_file?file_name=Raw_data/15Min/2025/site_5790_Prabhat_Colony_Jalgaon_MPCB_15Min.csv,https://airquality.cpcb.gov.in/dataRepository/download_file?file_name=Raw_data/15Min/2024/site_5790_Prabhat_Colony_Jalgaon_MPCB_15Min.csv,https://airquality.cpcb.gov.in/dataRepository/download_file?file_name=Raw_data/15Min/2023/site_5790_Prabhat_Colony_Jalgaon_MPCB_15Min.csv,,,,,,https://airquality.cpcb.gov.in/dataRepository/download_file?file_name=Raw_data/15Min/2017/site_5790_Prabhat_Colony_Jalgaon_MPCB_15Min.csv
site_5791,"Old MIDC, Jalna - MPCB",Jalna,Maharashtra,https://airquality.cpcb.gov.in/dataRepository/download_file?file_name=Raw_data/15Min/2026/site_5791_Old_MIDC_Jalna_MPCB_15Min.csv,https://airquality.cpcb.gov.in/dataRepository/download_file?file_name=Raw_data/15Min/2025/site_5791_Old_MIDC_Jalna_MPCB_15Min.csv,https://airquality.cpcb.gov.in/dataRepository/download_file?file_name=Raw_data/15Min/2024/site_5791_Old_MIDC_Jalna_MPCB_15Min.csv,https://airquality.cpcb.gov.in/dataRepository/download_file?file_name=Raw_data/15Min/2023/site_5791_Old_MIDC_Jalna_MPCB_15Min.csv,,,,,,https://airquality.cpcb.gov.in/dataRepository/download_file?file_name=Raw_data/15Min/2017/site_5791_Old_MIDC_Jalna_MPCB_15Min.csv
site_5792,"Ambazari, Nagpur - MPCB",Nagpur,Maharashtra,https://airquality.cpcb.gov.in/dataRepository/download_file?file_name=Raw_data/15Min/2026/site_5792_Ambazari_Nagpur_MPCB_15Min.csv,https://airquality.cpcb.gov.in/dataRepository/download_file?file_name=Raw_data/15Min/2025/site_5792_Ambazari_Nagpur_MPCB_15Min.csv,https://airquality.cpcb.gov.in/dataRepository/download_file?file_name=Raw_data/15Min/2024/site_5792_Ambazari_Nagpur_MPCB_15Min.csv,https://airquality.cpcb.gov.in/dataRepository/download_file?file_name=Raw_data/15Min/2023/site_5792_Ambazari_Nagpur_MPCB_15Min.csv,,,,,,https://airquality.cpcb.gov.in/dataRepository/download_file?file_name=Raw_data/15Min/2017/site_5792_Ambazari_Nagpur_MPCB_15Min.csv
site_5793,"Ram Nagar, Nagpur - MPCB",Nagpur,Maharashtra,https://airquality.cpcb.gov.in/dataRepository/download_file?file_name=Raw_data/15Min/2026/site_5793_Ram_Nagar_Nagpur_MPCB_15Min.csv,https://airquality.cpcb.gov.in/dataRepository/download_file?file_name=Raw_data/15Min/2025/site_5793_Ram_Nagar_Nagpur_MPCB_15Min.csv,https://airquality.cpcb.gov.in/dataRepository/download_file?file_name=Raw_data/15Min/2024/site_5793_Ram_Nagar_Nagpur_MPCB_15Min.csv,https://airquality.cpcb.gov.in/dataRepository/download_file?file_name=Raw_data/15Min/2023/site_5793_Ram_Nagar_Nagpur_MPCB_15Min.csv,,,,,,https://airquality.cpcb.gov.in/dataRepository/download_file?file_name=Raw_data/15Min/2017/site_5793_Ram_Nagar_Nagpur_MPCB_15Min.csv
site_5794,"Masoom Colony, Parbhani - MPCB",Parbhani,Maharashtra,https://airquality.cpcb.gov.in/dataRepository/download_file?file_name=Raw_data/15Min/2026/site_5794_Masoom_Colony_Parbhani_MPCB_15Min.csv,https://airquality.cpcb.gov.in/dataRepository/download_file?file_name=Raw_data/15Min/2025/site_5794_Masoom_Colony_Parbhani_MPCB_15Min.csv,https://airquality.cpcb.gov.in/dataRepository/download_file?file_name=Raw_data/15Min/2024/site_5794_Masoom_Colony_Parbhani_MPCB_15Min.csv,https://airquality.cpcb.gov.in/dataRepository/download_file?file_name=Raw_data/15Min/2023/site_5794_Masoom_Colony_Parbhani_MPCB_15Min.csv,,,,,,https://airquality.cpcb.gov.in/dataRepository/download_file?file_name=Raw_data/15Min/2017/site_5794_Masoom_Colony_Parbhani_MPCB_15Min.csv
site_5795,"Sneh Nagar, Nanded - MPCB",Nanded,Maharashtra,https://airquality.cpcb.gov.in/dataRepository/download_file?file_name=Raw_data/15Min/2026/site_5795_Sneh_Nagar_Nanded_MPCB_15Min.csv,https://airquality.cpcb.gov.in/dataRepository/download_file?file_name=Raw_data/15Min/2025/site_5795_Sneh_Nagar_Nanded_MPCB_15Min.csv,https://airquality.cpcb.gov.in/dataRepository/download_file?file_name=Raw_data/15Min/2024/site_5795_Sneh_Nagar_Nanded_MPCB_15Min.csv,https://airquality.cpcb.gov.in/dataRepository/download_file?file_name=Raw_data/15Min/2023/site_5795_Sneh_Nagar_Nanded_MPCB_15Min.csv,,,,,,https://airquality.cpcb.gov.in/dataRepository/download_file?file_name=Raw_data/15Min/2017/site_5795_Sneh_Nagar_Nanded_MPCB_15Min.csv
site_5796,"Mahal, Nagpur - MPCB",Nagpur,Maharashtra,https://airquality.cpcb.gov.in/dataRepository/download_file?file_name=Raw_data/15Min/2026/site_5796_Mahal_Nagpur_MPCB_15Min.csv,https://airquality.cpcb.gov.in/dataRepository/download_file?file_name=Raw_data/15Min/2025/site_5796_Mahal_Nagpur_MPCB_15Min.csv,https://airquality.cpcb.gov.in/dataRepository/download_file?file_name=Raw_data/15Min/2024/site_5796_Mahal_Nagpur_MPCB_15Min.csv,https://airquality.cpcb.gov.in/dataRepository/download_file?file_name=Raw_data/15Min/2023/site_5796_Mahal_Nagpur_MPCB_15Min.csv,,,,,,https://airquality.cpcb.gov.in/dataRepository/download_file?file_name=Raw_data/15Min/2017/site_5796_Mahal_Nagpur_MPCB_15Min.csv
site_5797,"Kasarvadavali, Thane - MPCB",Thane,Maharashtra,https://airquality.cpcb.gov.in/dataRepository/download_file?file_name=Raw_data/15Min/2026/site_5797_Kasarvadavali_Thane_MPCB_15Min.csv,https://airquality.cpcb.gov.in/dataRepository/download_file?file_name=Raw_data/15Min/2025/site_5797_Kasarvadavali_Thane_MPCB_15Min.csv,https://airquality.cpcb.gov.in/dataRepository/download_file?file_name=Raw_data/15Min/2024/site_5797_Kasarvadavali_Thane_MPCB_15Min.csv,https://airquality.cpcb.gov.in/dataRepository/download_file?file_name=Raw_data/15Min/2023/site_5797_Kasarvadavali_Thane_MPCB_15Min.csv,,,,,,https://airquality.cpcb.gov.in/dataRepository/download_file?file_name=Raw_data/15Min/2017/site_5797_Kasarvadavali_Thane_MPCB_15Min.csv
site_5798,"Katrap, Badlapur - MPCB",Badlapur,Maharashtra,https://airquality.cpcb.gov.in/dataRepository/download_file?file_name=Raw_data/15Min/2026/site_5798_Katrap_Badlapur_MPCB_15Min.csv,https://airquality.cpcb.gov.in/dataRepository/download_file?file_name=Raw_data/15Min/2025/site_5798_Katrap_Badlapur_MPCB_15Min.csv,https://airquality.cpcb.gov.in/dataRepository/download_file?file_name=Raw_data/15Min/2024/site_5798_Katrap_Badlapur_MPCB_15Min.csv,https://airquality.cpcb.gov.in/dataRepository/download_file?file_name=Raw_data/15Min/2023/site_5798_Katrap_Badlapur_MPCB_15Min.csv,,,,,,https://airquality.cpcb.gov.in/dataRepository/download_file?file_name=Raw_data/15Min/2017/site_5798_Katrap_Badlapur_MPCB_15Min.csv
site_5799,"Sector-2E Kalamboli, Navi Mumbai - MPCB",Navi Mumbai,Maharashtra,,https://airquality.cpcb.gov.in/dataRepository/download_file?file_name=Raw_data/15Min/2025/site_5799_Sector-2E_Kalamboli_Navi_Mumbai_MPCB_15Min.csv,https://airquality.cpcb.gov.in/dataRepository/download_file?file_name=Raw_data/15Min/2024/site_5799_Sector-2E_Kalamboli_Navi_Mumbai_MPCB_15Min.csv,https://airquality.cpcb.gov.in/dataRepository/download_file?file_name=Raw_data/15Min/2023/site_5799_Sector-2E_Kalamboli_Navi_Mumbai_MPCB_15Min.csv,,,,,,https://airquality.cpcb.gov.in/dataRepository/download_file?file_name=Raw_data/15Min/2017/site_5799_Sector-2E_Kalamboli_Navi_Mumbai_MPCB_15Min.csv
site_5800,"Upvan Fort, Thane - MPCB",Thane,Maharashtra,https://airquality.cpcb.gov.in/dataRepository/download_file?file_name=Raw_data/15Min/2026/site_5800_Upvan_Fort_Thane_MPCB_15Min.csv,https://airquality.cpcb.gov.in/dataRepository/download_file?file_name=Raw_data/15Min/2025/site_5800_Upvan_Fort_Thane_MPCB_15Min.csv,https://airquality.cpcb.gov.in/dataRepository/download_file?file_name=Raw_data/15Min/2024/site_5800_Upvan_Fort_Thane_MPCB_15Min.csv,https://airquality.cpcb.gov.in/dataRepository/download_file?file_name=Raw_data/15Min/2023/site_5800_Upvan_Fort_Thane_MPCB_15Min.csv,,,,,,https://airquality.cpcb.gov.in/dataRepository/download_file?file_name=Raw_data/15Min/2017/site_5800_Upvan_Fort_Thane_MPCB_15Min.csv
site_5801,"Deopur, Dhule - MPCB",Dhule,Maharashtra,https://airquality.cpcb.gov.in/dataRepository/download_file?file_name=Raw_data/15Min/2026/site_5801_Deopur_Dhule_MPCB_15Min.csv,https://airquality.cpcb.gov.in/dataRepository/download_file?file_name=Raw_data/15Min/2025/site_5801_Deopur_Dhule_MPCB_15Min.csv,https://airquality.cpcb.gov.in/dataRepository/download_file?file_name=Raw_data/15Min/2024/site_5801_Deopur_Dhule_MPCB_15Min.csv,https://airquality.cpcb.gov.in/dataRepository/download_file?file_name=Raw_data/15Min/2023/site_5801_Deopur_Dhule_MPCB_15Min.csv,,,,,,https://airquality.cpcb.gov.in/dataRepository/download_file?file_name=Raw_data/15Min/2017/site_5801_Deopur_Dhule_MPCB_15Min.csv
site_5802,"Mahesh Nagar, Malegaon - MPCB",Malegaon,Maharashtra,https://airquality.cpcb.gov.in/dataRepository/download_file?file_name=Raw_data/15Min/2026/site_5802_Mahesh_Nagar_Malegaon_MPCB_15Min.csv,https://airquality.cpcb.gov.in/dataRepository/download_file?file_name=Raw_data/15Min/2025/site_5802_Mahesh_Nagar_Malegaon_MPCB_15Min.csv,https://airquality.cpcb.gov.in/dataRepository/download_file?file_name=Raw_data/15Min/2024/site_5802_Mahesh_Nagar_Malegaon_MPCB_15Min.csv,https://airquality.cpcb.gov.in/dataRepository/download_file?file_name=Raw_data/15Min/2023/site_5802_Mahesh_Nagar_Malegaon_MPCB_15Min.csv,,,,,,https://airquality.cpcb.gov.in/dataRepository/download_file?file_name=Raw_data/15Min/2017/site_5802_Mahesh_Nagar_Malegaon_MPCB_15Min.csv
site_5803,"Tondare-Taloja, Navi Mumbai - MPCB",Navi Mumbai,Maharashtra,,https://airquality.cpcb.gov.in/dataRepository/download_file?file_name=Raw_data/15Min/2025/site_5803_Tondare-Taloja_Navi_Mumbai_MPCB_15Min.csv,https://airquality.cpcb.gov.in/dataRepository/download_file?file_name=Raw_data/15Min/2024/site_5803_Tondare-Taloja_Navi_Mumbai_MPCB_15Min.csv,https://airquality.cpcb.gov.in/dataRepository/download_file?file_name=Raw_data/15Min/2023/site_5803_Tondare-Taloja_Navi_Mumbai_MPCB_15Min.csv,,,,,,https://airquality.cpcb.gov.in/dataRepository/download_file?file_name=Raw_data/15Min/2017/site_5803_Tondare-Taloja_Navi_Mumbai_MPCB_15Min.csv
site_5804,"CBD Belapur, Belapur - MPCB",Belapur,Maharashtra,https://airquality.cpcb.gov.in/dataRepository/download_file?file_name=Raw_data/15Min/2026/site_5804_CBD_Belapur_Belapur_MPCB_15Min.csv,https://airquality.cpcb.gov.in/dataRepository/download_file?file_name=Raw_data/15Min/2025/site_5804_CBD_Belapur_Belapur_MPCB_15Min.csv,https://airquality.cpcb.gov.in/dataRepository/download_file?file_name=Raw_data/15Min/2024/site_5804_CBD_Belapur_Belapur_MPCB_15Min.csv,https://airquality.cpcb.gov.in/dataRepository/download_file?file_name=Raw_data/15Min/2023/site_5804_CBD_Belapur_Belapur_MPCB_15Min.csv,,,,,,https://airquality.cpcb.gov.in/dataRepository/download_file?file_name=Raw_data/15Min/2017/site_5804_CBD_Belapur_Belapur_MPCB_15Min.csv
site_5805,"Kopripada-Vashi, Navi Mumbai - MPCB",Navi Mumbai,Maharashtra,,https://airquality.cpcb.gov.in/dataRepository/download_file?file_name=Raw_data/15Min/2025/site_5805_Kopripada-Vashi_Navi_Mumbai_MPCB_15Min.csv,https://airquality.cpcb.gov.in/dataRepository/download_file?file_name=Raw_data/15Min/2024/site_5805_Kopripada-Vashi_Navi_Mumbai_MPCB_15Min.csv,https://airquality.cpcb.gov.in/dataRepository/download_file?file_name=Raw_data/15Min/2023/site_5805_Kopripada-Vashi_Navi_Mumbai_MPCB_15Min.csv,,,,,,https://airquality.cpcb.gov.in/dataRepository/download_file?file_name=Raw_data/15Min/2017/site_5805_Kopripada-Vashi_Navi_Mumbai_MPCB_15Min.csv
site_5806,"Bhayandar West, Mira-Bhayandar - MPCB",Mira-Bhayandar,Maharashtra,,https://airquality.cpcb.gov.in/dataRepository/download_file?file_name=Raw_data/15Min/2025/site_5806_Bhayandar_West_Mira-Bhayandar_MPCB_15Min.csv,https://airquality.cpcb.gov.in/dataRepository/download_file?file_name=Raw_data/15Min/2024/site_5806_Bhayandar_West_Mira-Bhayandar_MPCB_15Min.csv,https://airquality.cpcb.gov.in/dataRepository/download_file?file_name=Raw_data/15Min/2023/site_5806_Bhayandar_West_Mira-Bhayandar_MPCB_15Min.csv,,,,,,https://airquality.cpcb.gov.in/dataRepository/download_file?file_name=Raw_data/15Min/2017/site_5806_Bhayandar_West_Mira-Bhayandar_MPCB_15Min.csv
site_5807,"Mindspace-Malad West, Mumbai - MPCB",Mumbai,Maharashtra,,https://airquality.cpcb.gov.in/dataRepository/download_file?file_name=Raw_data/15Min/2025/site_5807_Mindspace-Malad_West_Mumbai_MPCB_15Min.csv,https://airquality.cpcb.gov.in/dataRepository/download_file?file_name=Raw_data/15Min/2024/site_5807_Mindspace-Malad_West_Mumbai_MPCB_15Min.csv,https://airquality.cpcb.gov.in/dataRepository/download_file?file_name=Raw_data/15Min/2023/site_5807_Mindspace-Malad_West_Mumbai_MPCB_15Min.csv,,,,,,https://airquality.cpcb.gov.in/dataRepository/download_file?file_name=Raw_data/15Min/2017/site_5807_Mindspace-Malad_West_Mumbai_MPCB_15Min.csv
site_5808,"Bolinj, Virar - MPCB",Virar,Maharashtra,https://airquality.cpcb.gov.in/dataRepository/download_file?file_name=Raw_data/15Min/2026/site_5808_Bolinj_Virar_MPCB_15Min.csv,https://airquality.cpcb.gov.in/dataRepository/download_file?file_name=Raw_data/15Min/2025/site_5808_Bolinj_Virar_MPCB_15Min.csv,https://airquality.cpcb.gov.in/dataRepository/download_file?file_name=Raw_data/15Min/2024/site_5808_Bolinj_Virar_MPCB_15Min.csv,https://airquality.cpcb.gov.in/dataRepository/download_file?file_name=Raw_data/15Min/2023/site_5808_Bolinj_Virar_MPCB_15Min.csv,,,,,,https://airquality.cpcb.gov.in/dataRepository/download_file?file_name=Raw_data/15Min/2017/site_5808_Bolinj_Virar_MPCB_15Min.csv
site_5809,"Khaira, Boisar - MPCB",Boisar,Maharashtra,https://airquality.cpcb.gov.in/dataRepository/download_file?file_name=Raw_data/15Min/2026/site_5809_Khaira_Boisar_MPCB_15Min.csv,https://airquality.cpcb.gov.in/dataRepository/download_file?file_name=Raw_data/15Min/2025/site_5809_Khaira_Boisar_MPCB_15Min.csv,https://airquality.cpcb.gov.in/dataRepository/download_file?file_name=Raw_data/15Min/2024/site_5809_Khaira_Boisar_MPCB_15Min.csv,https://airquality.cpcb.gov.in/dataRepository/download_file?file_name=Raw_data/15Min/2023/site_5809_Khaira_Boisar_MPCB_15Min.csv,,,,,,https://airquality.cpcb.gov.in/dataRepository/download_file?file_name=Raw_data/15Min/2017/site_5809_Khaira_Boisar_MPCB_15Min.csv
site_5810,"Bandra Kurla Complex, Mumbai - MPCB",Mumbai,Maharashtra,https://airquality.cpcb.gov.in/dataRepository/download_file?file_name=Raw_data/15Min/2026/site_5810_Bandra_Kurla_Complex_Mumbai_MPCB_15Min.csv,https://airquality.cpcb.gov.in/dataRepository/download_file?file_name=Raw_data/15Min/2025/site_5810_Bandra_Kurla_Complex_Mumbai_MPCB_15Min.csv,https://airquality.cpcb.gov.in/dataRepository/download_file?file_name=Raw_data/15Min/2024/site_5810_Bandra_Kurla_Complex_Mumbai_MPCB_15Min.csv,https://airquality.cpcb.gov.in/dataRepository/download_file?file_name=Raw_data/15Min/2023/site_5810_Bandra_Kurla_Complex_Mumbai_MPCB_15Min.csv,,,,,,https://airquality.cpcb.gov.in/dataRepository/download_file?file_name=Raw_data/15Min/2017/site_5810_Bandra_Kurla_Complex_Mumbai_MPCB_15Min.csv
site_5811,"Chembur, Mumbai - MPCB",Mumbai,Maharashtra,https://airquality.cpcb.gov.in/dataRepository/download_file?file_name=Raw_data/15Min/2026/site_5811_Chembur_Mumbai_MPCB_15Min.csv,https://airquality.cpcb.gov.in/dataRepository/download_file?file_name=Raw_data/15Min/2025/site_5811_Chembur_Mumbai_MPCB_15Min.csv,https://airquality.cpcb.gov.in/dataRepository/download_file?file_name=Raw_data/15Min/2024/site_5811_Chembur_Mumbai_MPCB_15Min.csv,https://airquality.cpcb.gov.in/dataRepository/download_file?file_name=Raw_data/15Min/2023/site_5811_Chembur_Mumbai_MPCB_15Min.csv,,,,,,https://airquality.cpcb.gov.in/dataRepository/download_file?file_name=Raw_data/15Min/2017/site_5811_Chembur_Mumbai_MPCB_15Min.csv
site_5812,"Sidhi Vinayak Nagar, Ulhasnagar - MPCB",Ulhasnagar,Maharashtra,https://airquality.cpcb.gov.in/dataRepository/download_file?file_name=Raw_data/15Min/2026/site_5812_Sidhi_Vinayak_Nagar_Ulhasnagar_MPCB_15Min.csv,https://airquality.cpcb.gov.in/dataRepository/download_file?file_name=Raw_data/15Min/2025/site_5812_Sidhi_Vinayak_Nagar_Ulhasnagar_MPCB_15Min.csv,https://airquality.cpcb.gov.in/dataRepository/download_file?file_name=Raw_data/15Min/2024/site_5812_Sidhi_Vinayak_Nagar_Ulhasnagar_MPCB_15Min.csv,https://airquality.cpcb.gov.in/dataRepository/download_file?file_name=Raw_data/15Min/2023/site_5812_Sidhi_Vinayak_Nagar_Ulhasnagar_MPCB_15Min.csv,,,,,,https://airquality.cpcb.gov.in/dataRepository/download_file?file_name=Raw_data/15Min/2017/site_5812_Sidhi_Vinayak_Nagar_Ulhasnagar_MPCB_15Min.csv
site_5813,"Gokul Nagar, Bhiwandi - MPCB",Bhiwandi,Maharashtra,https://airquality.cpcb.gov.in/dataRepository/download_file?file_name=Raw_data/15Min/2026/site_5813_Gokul_Nagar_Bhiwandi_MPCB_15Min.csv,https://airquality.cpcb.gov.in/dataRepository/download_file?file_name=Raw_data/15Min/2025/site_5813_Gokul_Nagar_Bhiwandi_MPCB_15Min.csv,https://airquality.cpcb.gov.in/dataRepository/download_file?file_name=Raw_data/15Min/2024/site_5813_Gokul_Nagar_Bhiwandi_MPCB_15Min.csv,https://airquality.cpcb.gov.in/dataRepository/download_file?file_name=Raw_data/15Min/2023/site_5813_Gokul_Nagar_Bhiwandi_MPCB_15Min.csv,,,,,,https://airquality.cpcb.gov.in/dataRepository/download_file?file_name=Raw_data/15Min/2017/site_5813_Gokul_Nagar_Bhiwandi_MPCB_15Min.csv
site_5814,"Kherwadi_Bandra East, Mumbai - MPCB",Mumbai,Maharashtra,https://airquality.cpcb.gov.in/dataRepository/download_file?file_name=Raw_data/15Min/2026/site_5814_Kherwadi_Bandra_East_Mumbai_MPCB_15Min.csv,https://airquality.cpcb.gov.in/dataRepository/download_file?file_name=Raw_data/15Min/2025/site_5814_Kherwadi_Bandra_East_Mumbai_MPCB_15Min.csv,https://airquality.cpcb.gov.in/dataRepository/download_file?file_name=Raw_data/15Min/2024/site_5814_Kherwadi_Bandra_East_Mumbai_MPCB_15Min.csv,https://airquality.cpcb.gov.in/dataRepository/download_file?file_name=Raw_data/15Min/2023/site_5814_Kherwadi_Bandra_East_Mumbai_MPCB_15Min.csv,,,,,,https://airquality.cpcb.gov.in/dataRepository/download_file?file_name=Raw_data/15Min/2017/site_5814_Kherwadi_Bandra_East_Mumbai_MPCB_15Min.csv
site_5815,"Sanpada, Navi Mumbai - MPCB",Navi Mumbai,Maharashtra,https://airquality.cpcb.gov.in/dataRepository/download_file?file_name=Raw_data/15Min/2026/site_5815_Sanpada_Navi_Mumbai_MPCB_15Min.csv,https://airquality.cpcb.gov.in/dataRepository/download_file?file_name=Raw_data/15Min/2025/site_5815_Sanpada_Navi_Mumbai_MPCB_15Min.csv,https://airquality.cpcb.gov.in/dataRepository/download_file?file_name=Raw_data/15Min/2024/site_5815_Sanpada_Navi_Mumbai_MPCB_15Min.csv,https://airquality.cpcb.gov.in/dataRepository/download_file?file_name=Raw_data/15Min/2023/site_5815_Sanpada_Navi_Mumbai_MPCB_15Min.csv,,,,,,https://airquality.cpcb.gov.in/dataRepository/download_file?file_name=Raw_data/15Min/2017/site_5815_Sanpada_Navi_Mumbai_MPCB_15Min.csv
site_5816,"Suhagi, Jabalpur - JMC",Jabalpur,Madhya Pradesh,https://airquality.cpcb.gov.in/dataRepository/download_file?file_name=Raw_data/15Min/2026/site_5816_Suhagi_Jabalpur_JMC_15Min.csv,https://airquality.cpcb.gov.in/dataRepository/download_file?file_name=Raw_data/15Min/2025/site_5816_Suhagi_Jabalpur_JMC_15Min.csv,https://airquality.cpcb.gov.in/dataRepository/download_file?file_name=Raw_data/15Min/2024/site_5816_Suhagi_Jabalpur_JMC_15Min.csv,https://airquality.cpcb.gov.in/dataRepository/download_file?file_name=Raw_data/15Min/2023/site_5816_Suhagi_Jabalpur_JMC_15Min.csv,,,,,,https://airquality.cpcb.gov.in/dataRepository/download_file?file_name=Raw_data/15Min/2017/site_5816_Suhagi_Jabalpur_JMC_15Min.csv
site_5817,"Gupteshwar, Jabalpur - JMC",Jabalpur,Madhya Pradesh,https://airquality.cpcb.gov.in/dataRepository/download_file?file_name=Raw_data/15Min/2026/site_5817_Gupteshwar_Jabalpur_JMC_15Min.csv,https://airquality.cpcb.gov.in/dataRepository/download_file?file_name=Raw_data/15Min/2025/site_5817_Gupteshwar_Jabalpur_JMC_15Min.csv,https://airquality.cpcb.gov.in/dataRepository/download_file?file_name=Raw_data/15Min/2024/site_5817_Gupteshwar_Jabalpur_JMC_15Min.csv,https://airquality.cpcb.gov.in/dataRepository/download_file?file_name=Raw_data/15Min/2023/site_5817_Gupteshwar_Jabalpur_JMC_15Min.csv,,,,,,https://airquality.cpcb.gov.in/dataRepository/download_file?file_name=Raw_data/15Min/2017/site_5817_Gupteshwar_Jabalpur_JMC_15Min.csv
site_5827,"Kalakusuma, Dhanbad - DMC",Dhanbad,Jharkhand,https://airquality.cpcb.gov.in/dataRepository/download_file?file_name=Raw_data/15Min/2026/site_5827_Kalakusuma_Dhanbad_DMC_15Min.csv,https://airquality.cpcb.gov.in/dataRepository/download_file?file_name=Raw_data/15Min/2025/site_5827_Kalakusuma_Dhanbad_DMC_15Min.csv,https://airquality.cpcb.gov.in/dataRepository/download_file?file_name=Raw_data/15Min/2024/site_5827_Kalakusuma_Dhanbad_DMC_15Min.csv,https://airquality.cpcb.gov.in/dataRepository/download_file?file_name=Raw_data/15Min/2023/site_5827_Kalakusuma_Dhanbad_DMC_15Min.csv,,,,,,https://airquality.cpcb.gov.in/dataRepository/download_file?file_name=Raw_data/15Min/2017/site_5827_Kalakusuma_Dhanbad_DMC_15Min.csv
site_5832,"Mohalbani Ghat, Pathardih - DMC",Pathardih,Jharkhand,https://airquality.cpcb.gov.in/dataRepository/download_file?file_name=Raw_data/15Min/2026/site_5832_Mohalbani_Ghat_Pathardih_DMC_15Min.csv,https://airquality.cpcb.gov.in/dataRepository/download_file?file_name=Raw_data/15Min/2025/site_5832_Mohalbani_Ghat_Pathardih_DMC_15Min.csv,https://airquality.cpcb.gov.in/dataRepository/download_file?file_name=Raw_data/15Min/2024/site_5832_Mohalbani_Ghat_Pathardih_DMC_15Min.csv,https://airquality.cpcb.gov.in/dataRepository/download_file?file_name=Raw_data/15Min/2023/site_5832_Mohalbani_Ghat_Pathardih_DMC_15Min.csv,,,,,,
site_5848,"HB Colony, Vijayawada - APPCB",Vijayawada,Andhra Pradesh,https://airquality.cpcb.gov.in/dataRepository/download_file?file_name=Raw_data/15Min/2026/site_5848_HB_Colony_Vijayawada_APPCB_15Min.csv,https://airquality.cpcb.gov.in/dataRepository/download_file?file_name=Raw_data/15Min/2025/site_5848_HB_Colony_Vijayawada_APPCB_15Min.csv,https://airquality.cpcb.gov.in/dataRepository/download_file?file_name=Raw_data/15Min/2024/site_5848_HB_Colony_Vijayawada_APPCB_15Min.csv,https://airquality.cpcb.gov.in/dataRepository/download_file?file_name=Raw_data/15Min/2023/site_5848_HB_Colony_Vijayawada_APPCB_15Min.csv,,,,,,
site_5849,"Rajiv Gandhi Park, Vijayawada - APPCB",Vijayawada,Andhra Pradesh,https://airquality.cpcb.gov.in/dataRepository/download_file?file_name=Raw_data/15Min/2026/site_5849_Rajiv_Gandhi_Park_Vijayawada_APPCB_15Min.csv,https://airquality.cpcb.gov.in/dataRepository/download_file?file_name=Raw_data/15Min/2025/site_5849_Rajiv_Gandhi_Park_Vijayawada_APPCB_15Min.csv,https://airquality.cpcb.gov.in/dataRepository/download_file?file_name=Raw_data/15Min/2024/site_5849_Rajiv_Gandhi_Park_Vijayawada_APPCB_15Min.csv,https://airquality.cpcb.gov.in/dataRepository/download_file?file_name=Raw_data/15Min/2023/site_5849_Rajiv_Gandhi_Park_Vijayawada_APPCB_15Min.csv,,,,,,
site_5850,"Bhoiwada, Dungarpur - RSPCB",Dungarpur,Rajasthan,https://airquality.cpcb.gov.in/dataRepository/download_file?file_name=Raw_data/15Min/2026/site_5850_Bhoiwada_Dungarpur_RSPCB_15Min.csv,https://airquality.cpcb.gov.in/dataRepository/download_file?file_name=Raw_data/15Min/2025/site_5850_Bhoiwada_Dungarpur_RSPCB_15Min.csv,https://airquality.cpcb.gov.in/dataRepository/download_file?file_name=Raw_data/15Min/2024/site_5850_Bhoiwada_Dungarpur_RSPCB_15Min.csv,https://airquality.cpcb.gov.in/dataRepository/download_file?file_name=Raw_data/15Min/2023/site_5850_Bhoiwada_Dungarpur_RSPCB_15Min.csv,,,,,,
site_5851,"Mudtra Sili, Jalore - RSPCB",Jalore,Rajasthan,https://airquality.cpcb.gov.in/dataRepository/download_file?file_name=Raw_data/15Min/2026/site_5851_Mudtra_Sili_Jalore_RSPCB_15Min.csv,https://airquality.cpcb.gov.in/dataRepository/download_file?file_name=Raw_data/15Min/2025/site_5851_Mudtra_Sili_Jalore_RSPCB_15Min.csv,https://airquality.cpcb.gov.in/dataRepository/download_file?file_name=Raw_data/15Min/2024/site_5851_Mudtra_Sili_Jalore_RSPCB_15Min.csv,https://airquality.cpcb.gov.in/dataRepository/download_file?file_name=Raw_data/15Min/2023/site_5851_Mudtra_Sili_Jalore_RSPCB_15Min.csv,,,,,,
site_5852,"New Moti Bagh, Delhi - MHUA",Delhi,Delhi,,https://airquality.cpcb.gov.in/dataRepository/download_file?file_name=Raw_data/15Min/2025/site_5852_New_Moti_Bagh_Delhi_MHUA_15Min.csv,,https://airquality.cpcb.gov.in/dataRepository/download_file?file_name=Raw_data/15Min/2023/site_5852_New_Moti_Bagh_Delhi_MHUA_15Min.csv,,,,,,
site_5853,"KHB Colony, Karwar - KSPCB",Karwar,Karnataka,https://airquality.cpcb.gov.in/dataRepository/download_file?file_name=Raw_data/15Min/2026/site_5853_KHB_Colony_Karwar_KSPCB_15Min.csv,https://airquality.cpcb.gov.in/dataRepository/download_file?file_name=Raw_data/15Min/2025/site_5853_KHB_Colony_Karwar_KSPCB_15Min.csv,https://airquality.cpcb.gov.in/dataRepository/download_file?file_name=Raw_data/15Min/2024/site_5853_KHB_Colony_Karwar_KSPCB_15Min.csv,https://airquality.cpcb.gov.in/dataRepository/download_file?file_name=Raw_data/15Min/2023/site_5853_KHB_Colony_Karwar_KSPCB_15Min.csv,,,,,,
site_5854,"Residency Area, Indore - IMC",Indore,Madhya Pradesh,https://airquality.cpcb.gov.in/dataRepository/download_file?file_name=Raw_data/15Min/2026/site_5854_Residency_Area_Indore_IMC_15Min.csv,https://airquality.cpcb.gov.in/dataRepository/download_file?file_name=Raw_data/15Min/2025/site_5854_Residency_Area_Indore_IMC_15Min.csv,https://airquality.cpcb.gov.in/dataRepository/download_file?file_name=Raw_data/15Min/2024/site_5854_Residency_Area_Indore_IMC_15Min.csv,https://airquality.cpcb.gov.in/dataRepository/download_file?file_name=Raw_data/15Min/2023/site_5854_Residency_Area_Indore_IMC_15Min.csv,,,,,,
site_5855,"Regional Park, Indore - IMC",Indore,Madhya Pradesh,https://airquality.cpcb.gov.in/dataRepository/download_file?file_name=Raw_data/15Min/2026/site_5855_Regional_Park_Indore_IMC_15Min.csv,https://airquality.cpcb.gov.in/dataRepository/download_file?file_name=Raw_data/15Min/2025/site_5855_Regional_Park_Indore_IMC_15Min.csv,https://airquality.cpcb.gov.in/dataRepository/download_file?file_name=Raw_data/15Min/2024/site_5855_Regional_Park_Indore_IMC_15Min.csv,https://airquality.cpcb.gov.in/dataRepository/download_file?file_name=Raw_data/15Min/2023/site_5855_Regional_Park_Indore_IMC_15Min.csv,,,,,,
site_5856,"Maguda Nagar, Indore - IMC",Indore,Madhya Pradesh,https://airquality.cpcb.gov.in/dataRepository/download_file?file_name=Raw_data/15Min/2026/site_5856_Maguda_Nagar_Indore_IMC_15Min.csv,https://airquality.cpcb.gov.in/dataRepository/download_file?file_name=Raw_data/15Min/2025/site_5856_Maguda_Nagar_Indore_IMC_15Min.csv,https://airquality.cpcb.gov.in/dataRepository/download_file?file_name=Raw_data/15Min/2024/site_5856_Maguda_Nagar_Indore_IMC_15Min.csv,https://airquality.cpcb.gov.in/dataRepository/download_file?file_name=Raw_data/15Min/2023/site_5856_Maguda_Nagar_Indore_IMC_15Min.csv,,,,,,
site_5857,"Airport Area, Indore - IMC",Indore,Madhya Pradesh,https://airquality.cpcb.gov.in/dataRepository/download_file?file_name=Raw_data/15Min/2026/site_5857_Airport_Area_Indore_IMC_15Min.csv,https://airquality.cpcb.gov.in/dataRepository/download_file?file_name=Raw_data/15Min/2025/site_5857_Airport_Area_Indore_IMC_15Min.csv,https://airquality.cpcb.gov.in/dataRepository/download_file?file_name=Raw_data/15Min/2024/site_5857_Airport_Area_Indore_IMC_15Min.csv,https://airquality.cpcb.gov.in/dataRepository/download_file?file_name=Raw_data/15Min/2023/site_5857_Airport_Area_Indore_IMC_15Min.csv,,,,,,
site_5937,"Kalidaspur, Balasore - OSPCB",Balasore,Odisha,https://airquality.cpcb.gov.in/dataRepository/download_file?file_name=Raw_data/15Min/2026/site_5937_Kalidaspur_Balasore_OSPCB_15Min.csv,https://airquality.cpcb.gov.in/dataRepository/download_file?file_name=Raw_data/15Min/2025/site_5937_Kalidaspur_Balasore_OSPCB_15Min.csv,https://airquality.cpcb.gov.in/dataRepository/download_file?file_name=Raw_data/15Min/2024/site_5937_Kalidaspur_Balasore_OSPCB_15Min.csv,https://airquality.cpcb.gov.in/dataRepository/download_file?file_name=Raw_data/15Min/2023/site_5937_Kalidaspur_Balasore_OSPCB_15Min.csv,,,,,,
site_5938,"Forest Office, Barbil - OSPCB",Barbil,Odisha,https://airquality.cpcb.gov.in/dataRepository/download_file?file_name=Raw_data/15Min/2026/site_5938_Forest_Office_Barbil_OSPCB_15Min.csv,https://airquality.cpcb.gov.in/dataRepository/download_file?file_name=Raw_data/15Min/2025/site_5938_Forest_Office_Barbil_OSPCB_15Min.csv,https://airquality.cpcb.gov.in/dataRepository/download_file?file_name=Raw_data/15Min/2024/site_5938_Forest_Office_Barbil_OSPCB_15Min.csv,https://airquality.cpcb.gov.in/dataRepository/download_file?file_name=Raw_data/15Min/2023/site_5938_Forest_Office_Barbil_OSPCB_15Min.csv,,,,,,
site_5939,"Hakimapada, Angul - OSPCB",Angul,Odisha,https://airquality.cpcb.gov.in/dataRepository/download_file?file_name=Raw_data/15Min/2026/site_5939_Hakimapada_Angul_OSPCB_15Min.csv,https://airquality.cpcb.gov.in/dataRepository/download_file?file_name=Raw_data/15Min/2025/site_5939_Hakimapada_Angul_OSPCB_15Min.csv,https://airquality.cpcb.gov.in/dataRepository/download_file?file_name=Raw_data/15Min/2024/site_5939_Hakimapada_Angul_OSPCB_15Min.csv,https://airquality.cpcb.gov.in/dataRepository/download_file?file_name=Raw_data/15Min/2023/site_5939_Hakimapada_Angul_OSPCB_15Min.csv,,,,,,
site_5940,"Lingraj Mandir, Bhubaneswar - OSPCB",Bhubaneswar,Odisha,https://airquality.cpcb.gov.in/dataRepository/download_file?file_name=Raw_data/15Min/2026/site_5940_Lingraj_Mandir_Bhubaneswar_OSPCB_15Min.csv,https://airquality.cpcb.gov.in/dataRepository/download_file?file_name=Raw_data/15Min/2025/site_5940_Lingraj_Mandir_Bhubaneswar_OSPCB_15Min.csv,https://airquality.cpcb.gov.in/dataRepository/download_file?file_name=Raw_data/15Min/2024/site_5940_Lingraj_Mandir_Bhubaneswar_OSPCB_15Min.csv,https://airquality.cpcb.gov.in/dataRepository/download_file?file_name=Raw_data/15Min/2023/site_5940_Lingraj_Mandir_Bhubaneswar_OSPCB_15Min.csv,,,,,,
site_5941,"CDA Area, Cuttack - OSPCB",Cuttack,Odisha,https://airquality.cpcb.gov.in/dataRepository/download_file?file_name=Raw_data/15Min/2026/site_5941_CDA_Area_Cuttack_OSPCB_15Min.csv,https://airquality.cpcb.gov.in/dataRepository/download_file?file_name=Raw_data/15Min/2025/site_5941_CDA_Area_Cuttack_OSPCB_15Min.csv,https://airquality.cpcb.gov.in/dataRepository/download_file?file_name=Raw_data/15Min/2024/site_5941_CDA_Area_Cuttack_OSPCB_15Min.csv,https://airquality.cpcb.gov.in/dataRepository/download_file?file_name=Raw_data/15Min/2023/site_5941_CDA_Area_Cuttack_OSPCB_15Min.csv,,,,,,
site_5942,"Ferro Chrome Colony, Byasanagar - OSPCB",Byasanagar,Odisha,https://airquality.cpcb.gov.in/dataRepository/download_file?file_name=Raw_data/15Min/2026/site_5942_Ferro_Chrome_Colony_Byasanagar_OSPCB_15Min.csv,https://airquality.cpcb.gov.in/dataRepository/download_file?file_name=Raw_data/15Min/2025/site_5942_Ferro_Chrome_Colony_Byasanagar_OSPCB_15Min.csv,https://airquality.cpcb.gov.in/dataRepository/download_file?file_name=Raw_data/15Min/2024/site_5942_Ferro_Chrome_Colony_Byasanagar_OSPCB_15Min.csv,https://airquality.cpcb.gov.in/dataRepository/download_file?file_name=Raw_data/15Min/2023/site_5942_Ferro_Chrome_Colony_Byasanagar_OSPCB_15Min.csv,,,,,,
site_5943,"Patia, Bhubaneswar - OSPCB",Bhubaneswar,Odisha,https://airquality.cpcb.gov.in/dataRepository/download_file?file_name=Raw_data/15Min/2026/site_5943_Patia_Bhubaneswar_OSPCB_15Min.csv,https://airquality.cpcb.gov.in/dataRepository/download_file?file_name=Raw_data/15Min/2025/site_5943_Patia_Bhubaneswar_OSPCB_15Min.csv,https://airquality.cpcb.gov.in/dataRepository/download_file?file_name=Raw_data/15Min/2024/site_5943_Patia_Bhubaneswar_OSPCB_15Min.csv,https://airquality.cpcb.gov.in/dataRepository/download_file?file_name=Raw_data/15Min/2023/site_5943_Patia_Bhubaneswar_OSPCB_15Min.csv,,,,,,
site_5959,"SVSPA Campus, Barrackpore - WBPCB",Barrackpore,West Bengal,https://airquality.cpcb.gov.in/dataRepository/download_file?file_name=Raw_data/15Min/2026/site_5959_SVSPA_Campus_Barrackpore_WBPCB_15Min.csv,https://airquality.cpcb.gov.in/dataRepository/download_file?file_name=Raw_data/15Min/2025/site_5959_SVSPA_Campus_Barrackpore_WBPCB_15Min.csv,https://airquality.cpcb.gov.in/dataRepository/download_file?file_name=Raw_data/15Min/2024/site_5959_SVSPA_Campus_Barrackpore_WBPCB_15Min.csv,https://airquality.cpcb.gov.in/dataRepository/download_file?file_name=Raw_data/15Min/2023/site_5959_SVSPA_Campus_Barrackpore_WBPCB_15Min.csv,,,,,,
site_5960,"Byculla, Mumbai - BMC",Mumbai,Maharashtra,https://airquality.cpcb.gov.in/dataRepository/download_file?file_name=Raw_data/15Min/2026/site_5960_Byculla_Mumbai_BMC_15Min.csv,https://airquality.cpcb.gov.in/dataRepository/download_file?file_name=Raw_data/15Min/2025/site_5960_Byculla_Mumbai_BMC_15Min.csv,https://airquality.cpcb.gov.in/dataRepository/download_file?file_name=Raw_data/15Min/2024/site_5960_Byculla_Mumbai_BMC_15Min.csv,https://airquality.cpcb.gov.in/dataRepository/download_file?file_name=Raw_data/15Min/2023/site_5960_Byculla_Mumbai_BMC_15Min.csv,,,,,,
site_5961,"Shivaji Nagar, Mumbai - BMC",Mumbai,Maharashtra,https://airquality.cpcb.gov.in/dataRepository/download_file?file_name=Raw_data/15Min/2026/site_5961_Shivaji_Nagar_Mumbai_BMC_15Min.csv,https://airquality.cpcb.gov.in/dataRepository/download_file?file_name=Raw_data/15Min/2025/site_5961_Shivaji_Nagar_Mumbai_BMC_15Min.csv,https://airquality.cpcb.gov.in/dataRepository/download_file?file_name=Raw_data/15Min/2024/site_5961_Shivaji_Nagar_Mumbai_BMC_15Min.csv,https://airquality.cpcb.gov.in/dataRepository/download_file?file_name=Raw_data/15Min/2023/site_5961_Shivaji_Nagar_Mumbai_BMC_15Min.csv,,,,,,
site_5962,"Kandivali West, Mumbai - BMC",Mumbai,Maharashtra,https://airquality.cpcb.gov.in/dataRepository/download_file?file_name=Raw_data/15Min/2026/site_5962_Kandivali_West_Mumbai_BMC_15Min.csv,https://airquality.cpcb.gov.in/dataRepository/download_file?file_name=Raw_data/15Min/2025/site_5962_Kandivali_West_Mumbai_BMC_15Min.csv,https://airquality.cpcb.gov.in/dataRepository/download_file?file_name=Raw_data/15Min/2024/site_5962_Kandivali_West_Mumbai_BMC_15Min.csv,https://airquality.cpcb.gov.in/dataRepository/download_file?file_name=Raw_data/15Min/2023/site_5962_Kandivali_West_Mumbai_BMC_15Min.csv,,,,,,
site_5963,"Sewri, Mumbai - BMC",Mumbai,Maharashtra,https://airquality.cpcb.gov.in/dataRepository/download_file?file_name=Raw_data/15Min/2026/site_5963_Sewri_Mumbai_BMC_15Min.csv,https://airquality.cpcb.gov.in/dataRepository/download_file?file_name=Raw_data/15Min/2025/site_5963_Sewri_Mumbai_BMC_15Min.csv,https://airquality.cpcb.gov.in/dataRepository/download_file?file_name=Raw_data/15Min/2024/site_5963_Sewri_Mumbai_BMC_15Min.csv,https://airquality.cpcb.gov.in/dataRepository/download_file?file_name=Raw_data/15Min/2023/site_5963_Sewri_Mumbai_BMC_15Min.csv,,,,,,
site_5964,"Ghatkopar, Mumbai - BMC",Mumbai,Maharashtra,https://airquality.cpcb.gov.in/dataRepository/download_file?file_name=Raw_data/15Min/2026/site_5964_Ghatkopar_Mumbai_BMC_15Min.csv,https://airquality.cpcb.gov.in/dataRepository/download_file?file_name=Raw_data/15Min/2025/site_5964_Ghatkopar_Mumbai_BMC_15Min.csv,https://airquality.cpcb.gov.in/dataRepository/download_file?file_name=Raw_data/15Min/2024/site_5964_Ghatkopar_Mumbai_BMC_15Min.csv,https://airquality.cpcb.gov.in/dataRepository/download_file?file_name=Raw_data/15Min/2023/site_5964_Ghatkopar_Mumbai_BMC_15Min.csv,,,,,,
site_5965,"Govindh Bhavan Colony, Jabalpur - JMC",Jabalpur,Madhya Pradesh,https://airquality.cpcb.gov.in/dataRepository/download_file?file_name=Raw_data/15Min/2026/site_5965_Govindh_Bhavan_Colony_Jabalpur_JMC_15Min.csv,https://airquality.cpcb.gov.in/dataRepository/download_file?file_name=Raw_data/15Min/2025/site_5965_Govindh_Bhavan_Colony_Jabalpur_JMC_15Min.csv,https://airquality.cpcb.gov.in/dataRepository/download_file?file_name=Raw_data/15Min/2024/site_5965_Govindh_Bhavan_Colony_Jabalpur_JMC_15Min.csv,https://airquality.cpcb.gov.in/dataRepository/download_file?file_name=Raw_data/15Min/2023/site_5965_Govindh_Bhavan_Colony_Jabalpur_JMC_15Min.csv,,,,,,
site_5978,"SIPCOT Nathampannai, Pudukottai - TNPCB",Pudukottai,Tamil Nadu,https://airquality.cpcb.gov.in/dataRepository/download_file?file_name=Raw_data/15Min/2026/site_5978_SIPCOT_Nathampannai_Pudukottai_TNPCB_15Min.csv,https://airquality.cpcb.gov.in/dataRepository/download_file?file_name=Raw_data/15Min/2025/site_5978_SIPCOT_Nathampannai_Pudukottai_TNPCB_15Min.csv,https://airquality.cpcb.gov.in/dataRepository/download_file?file_name=Raw_data/15Min/2024/site_5978_SIPCOT_Nathampannai_Pudukottai_TNPCB_15Min.csv,https://airquality.cpcb.gov.in/dataRepository/download_file?file_name=Raw_data/15Min/2023/site_5978_SIPCOT_Nathampannai_Pudukottai_TNPCB_15Min.csv,,,,,,
site_5979,"Collectorate Office, Virudhunagar - TNPCB",Virudhunagar,Tamil Nadu,https://airquality.cpcb.gov.in/dataRepository/download_file?file_name=Raw_data/15Min/2026/site_5979_Collectorate_Office_Virudhunagar_TNPCB_15Min.csv,https://airquality.cpcb.gov.in/dataRepository/download_file?file_name=Raw_data/15Min/2025/site_5979_Collectorate_Office_Virudhunagar_TNPCB_15Min.csv,https://airquality.cpcb.gov.in/dataRepository/download_file?file_name=Raw_data/15Min/2024/site_5979_Collectorate_Office_Virudhunagar_TNPCB_15Min.csv,https://airquality.cpcb.gov.in/dataRepository/download_file?file_name=Raw_data/15Min/2023/site_5979_Collectorate_Office_Virudhunagar_TNPCB_15Min.csv,,,,,,
site_5981,"Rajiv Nagar, Vijayawada - APPCB",Vijayawada,Andhra Pradesh,https://airquality.cpcb.gov.in/dataRepository/download_file?file_name=Raw_data/15Min/2026/site_5981_Rajiv_Nagar_Vijayawada_APPCB_15Min.csv,https://airquality.cpcb.gov.in/dataRepository/download_file?file_name=Raw_data/15Min/2025/site_5981_Rajiv_Nagar_Vijayawada_APPCB_15Min.csv,https://airquality.cpcb.gov.in/dataRepository/download_file?file_name=Raw_data/15Min/2024/site_5981_Rajiv_Nagar_Vijayawada_APPCB_15Min.csv,,,,,,,
site_5982,"Vasundhara Nagar_UIT, Bhiwadi - RSPCB",Bhiwadi,Rajasthan,https://airquality.cpcb.gov.in/dataRepository/download_file?file_name=Raw_data/15Min/2026/site_5982_Vasundhara_Nagar_UIT_Bhiwadi_RSPCB_15Min.csv,https://airquality.cpcb.gov.in/dataRepository/download_file?file_name=Raw_data/15Min/2025/site_5982_Vasundhara_Nagar_UIT_Bhiwadi_RSPCB_15Min.csv,https://airquality.cpcb.gov.in/dataRepository/download_file?file_name=Raw_data/15Min/2024/site_5982_Vasundhara_Nagar_UIT_Bhiwadi_RSPCB_15Min.csv,,,,,,,
site_5983,"PCBL Residential Complex, Durgapur - WBPCB",Durgapur,West Bengal,https://airquality.cpcb.gov.in/dataRepository/download_file?file_name=Raw_data/15Min/2026/site_5983_PCBL_Residential_Complex_Durgapur_WBPCB_15Min.csv,https://airquality.cpcb.gov.in/dataRepository/download_file?file_name=Raw_data/15Min/2025/site_5983_PCBL_Residential_Complex_Durgapur_WBPCB_15Min.csv,https://airquality.cpcb.gov.in/dataRepository/download_file?file_name=Raw_data/15Min/2024/site_5983_PCBL_Residential_Complex_Durgapur_WBPCB_15Min.csv,,,,,,,
site_5985,"Evelyn Lodge, Asansol - WBPCB",Asansol,West Bengal,https://airquality.cpcb.gov.in/dataRepository/download_file?file_name=Raw_data/15Min/2026/site_5985_Evelyn_Lodge_Asansol_WBPCB_15Min.csv,https://airquality.cpcb.gov.in/dataRepository/download_file?file_name=Raw_data/15Min/2025/site_5985_Evelyn_Lodge_Asansol_WBPCB_15Min.csv,https://airquality.cpcb.gov.in/dataRepository/download_file?file_name=Raw_data/15Min/2024/site_5985_Evelyn_Lodge_Asansol_WBPCB_15Min.csv,,,,,,,
site_5986,"Mahabir Colliery, Asansol - WBPCB",Asansol,West Bengal,https://airquality.cpcb.gov.in/dataRepository/download_file?file_name=Raw_data/15Min/2026/site_5986_Mahabir_Colliery_Asansol_WBPCB_15Min.csv,https://airquality.cpcb.gov.in/dataRepository/download_file?file_name=Raw_data/15Min/2025/site_5986_Mahabir_Colliery_Asansol_WBPCB_15Min.csv,https://airquality.cpcb.gov.in/dataRepository/download_file?file_name=Raw_data/15Min/2024/site_5986_Mahabir_Colliery_Asansol_WBPCB_15Min.csv,,,,,,,
site_5988,"Bhumkar Nagar, Pune - IITM",Pune,Maharashtra,https://airquality.cpcb.gov.in/dataRepository/download_file?file_name=Raw_data/15Min/2026/site_5988_Bhumkar_Nagar_Pune_IITM_15Min.csv,https://airquality.cpcb.gov.in/dataRepository/download_file?file_name=Raw_data/15Min/2025/site_5988_Bhumkar_Nagar_Pune_IITM_15Min.csv,https://airquality.cpcb.gov.in/dataRepository/download_file?file_name=Raw_data/15Min/2024/site_5988_Bhumkar_Nagar_Pune_IITM_15Min.csv,,,,,,,
site_5989,"Botanical Garden, Howrah - WBPCB",Howrah,West Bengal,https://airquality.cpcb.gov.in/dataRepository/download_file?file_name=Raw_data/15Min/2026/site_5989_Botanical_Garden_Howrah_WBPCB_15Min.csv,https://airquality.cpcb.gov.in/dataRepository/download_file?file_name=Raw_data/15Min/2025/site_5989_Botanical_Garden_Howrah_WBPCB_15Min.csv,https://airquality.cpcb.gov.in/dataRepository/download_file?file_name=Raw_data/15Min/2024/site_5989_Botanical_Garden_Howrah_WBPCB_15Min.csv,,,,,,,
site_5995,"Trivenidevi Bhalotia College, Asansol - WBPCB",Pune,West Bengal,https://airquality.cpcb.gov.in/dataRepository/download_file?file_name=Raw_data/15Min/2026/site_5995_Trivenidevi_Bhalotia_College_Asansol_WBPCB_15Min.csv,https://airquality.cpcb.gov.in/dataRepository/download_file?file_name=Raw_data/15Min/2025/site_5995_Trivenidevi_Bhalotia_College_Asansol_WBPCB_15Min.csv,https://airquality.cpcb.gov.in/dataRepository/download_file?file_name=Raw_data/15Min/2024/site_5995_Trivenidevi_Bhalotia_College_Asansol_WBPCB_15Min.csv,,,,,,,
site_5996,"Panchawati_Pashan, Pune - IITM",Pune,Maharashtra,https://airquality.cpcb.gov.in/dataRepository/download_file?file_name=Raw_data/15Min/2026/site_5996_Panchawati_Pashan_Pune_IITM_15Min.csv,https://airquality.cpcb.gov.in/dataRepository/download_file?file_name=Raw_data/15Min/2025/site_5996_Panchawati_Pashan_Pune_IITM_15Min.csv,https://airquality.cpcb.gov.in/dataRepository/download_file?file_name=Raw_data/15Min/2024/site_5996_Panchawati_Pashan_Pune_IITM_15Min.csv,,,,,,,
site_5997,"SIPCOT Industrial Park, Perundurai - TNPCB",Pune,Tamil Nadu,https://airquality.cpcb.gov.in/dataRepository/download_file?file_name=Raw_data/15Min/2026/site_5997_SIPCOT_Industrial_Park_Perundurai_TNPCB_15Min.csv,https://airquality.cpcb.gov.in/dataRepository/download_file?file_name=Raw_data/15Min/2025/site_5997_SIPCOT_Industrial_Park_Perundurai_TNPCB_15Min.csv,https://airquality.cpcb.gov.in/dataRepository/download_file?file_name=Raw_data/15Min/2024/site_5997_SIPCOT_Industrial_Park_Perundurai_TNPCB_15Min.csv,,,,,,,
site_5998,"Savta Mali Nagar, Pimpri-Chinchwad - IITM",Pune,Maharashtra,,https://airquality.cpcb.gov.in/dataRepository/download_file?file_name=Raw_data/15Min/2025/site_5998_Savta_Mali_Nagar_Pimpri-Chinchwad_IITM_15Min.csv,https://airquality.cpcb.gov.in/dataRepository/download_file?file_name=Raw_data/15Min/2024/site_5998_Savta_Mali_Nagar_Pimpri-Chinchwad_IITM_15Min.csv,,,,,,,
site_6008,"Mahishkapur Road_B-Zone, Durgapur - WBPCB",Durgapur,West Bengal,,https://airquality.cpcb.gov.in/dataRepository/download_file?file_name=Raw_data/15Min/2025/site_6008_Mahishkapur_Road_B-Zone_Durgapur_WBPCB_15Min.csv,https://airquality.cpcb.gov.in/dataRepository/download_file?file_name=Raw_data/15Min/2024/site_6008_Mahishkapur_Road_B-Zone_Durgapur_WBPCB_15Min.csv,,,,,,,
site_6009,"Dasnagar, Howrah - WBPCB",Howrah,West Bengal,https://airquality.cpcb.gov.in/dataRepository/download_file?file_name=Raw_data/15Min/2026/site_6009_Dasnagar_Howrah_WBPCB_15Min.csv,https://airquality.cpcb.gov.in/dataRepository/download_file?file_name=Raw_data/15Min/2025/site_6009_Dasnagar_Howrah_WBPCB_15Min.csv,https://airquality.cpcb.gov.in/dataRepository/download_file?file_name=Raw_data/15Min/2024/site_6009_Dasnagar_Howrah_WBPCB_15Min.csv,,,,,,,
site_6011,"Amity University, Panchgaon - IITM",Panchgaon,Haryana,https://airquality.cpcb.gov.in/dataRepository/download_file?file_name=Raw_data/15Min/2026/site_6011_Amity_University_Panchgaon_IITM_15Min.csv,https://airquality.cpcb.gov.in/dataRepository/download_file?file_name=Raw_data/15Min/2025/site_6011_Amity_University_Panchgaon_IITM_15Min.csv,,,,,,,,
site_6012,"Dhankawadi, Pune - IITM",Pune,Maharashtra,https://airquality.cpcb.gov.in/dataRepository/download_file?file_name=Raw_data/15Min/2026/site_6012_Dhankawadi_Pune_IITM_15Min.csv,https://airquality.cpcb.gov.in/dataRepository/download_file?file_name=Raw_data/15Min/2025/site_6012_Dhankawadi_Pune_IITM_15Min.csv,,,,,,,,
